customer_id,customer_name,age,phone_number,city,state,operator,plan_type,plan_value_inr,tenure_months,join_date,last_recharge_date,payment_failures_last_3months,plan_downgrade_flag,email,gender
CUST00001,SAMESH DUA,31.0,+919083863794,Surat,Karnataka,Airtel,prepaid,299.0,36,06-08-2023,06/30/2026,2,N,,female
CUST00002,Vyanjana Sabharwal,41.0,,lucknow,Uttarakhand,Airtel,postpaid,499.0,59,20210915,15 Jul 2026,0,,singhpavani@example.net,
CUST00003,Udarsh Ratta,32.0,,nagpur,Manipur,Jio,Prepaid,599.0,60,16-08-2021,07/07/2026,0,n,dev90@example.net,MALE
CUST00004,Tanmayi Mittal,56.0,,kolkata,Tripura,Jio,Pre-paid,719.0,66,,20260703,2,Y,chatura08@example.org,
CUST00005,Qadim Srivastava,51.0,+91 95701 54303,Indore,Himachal Pradesh,Airtel,Pre-paid,399.0,81,25 Nov 2019,13/07/2026,0,NO,samuel65@example.net,
CUST00006,Shaurya Deep,33.0,91-50983-93010,Bengaluru,Gujarat,BSNL,postpaid,799.0,28,20240402,15 Jul 2026,1,0,harini77@example.net,FEMALE
CUST00007,caleb kunda,59.0,91-10651-33387,CHENNAI,Mizoram,BSNL,Post-paid,499.0,25,07/01/2024,09 Jun 2026,4,0,,
CUST00008,Dalaja Kumer,18.0,+914746872343,BHOPAL,West Bengal,Airtel,PREPAID,199.0,31,03 Jan 2024,14 Jul 2026,0,0,vedhikadeshpande@example.net,
CUST00009,Gunbir Vala,55.0,91-91699-85435,delhi,Mizoram,Airtel,,149.0,77,2020-03-24,,1,N,chaman29@example.net,F
CUST00010,Darsh Chana,52.0,,NCR,Odisha,Vi,prepaid,499.0,17,26/02/2025,07-07-2026,0,n,oliver69@example.org,male
CUST00011,Bimala Sharma,34.0,07868011280,PATNA,Chhattisgarh,Airtel,Pre-paid,599.0,82,2019-10-26,21/07/2026,0,n,sandhuanika@example.org,F
CUST00012,SATHVIK PURI,65.0,6342160733,kolkata,Uttarakhand,Jio,Postpaid,699.0,31,01/03/2024,2026-07-09,0,0,pavani15@example.org,male
CUST00013,Mugdha Mukherjee,24.0,+915569816934,KOLKATA,,Vi,POST PAID,499.0,4,20260323,17-07-2026,0,,lloke@example.net,female
CUST00014,Guneet Deep,60.0,2994680443,LUCKNOW,Uttarakhand,Airtel,postpaid,999.0,39,08/05/2023,20260716,1,n,venkataramanzaitra@example.com,F
CUST00015,Karan Kunda,22.0,91-93676-32016,Hyd,Madhya Pradesh,Airtel,POST PAID,999.0,31,2024-01-03,06/24/2026,3,Y,jbrar@example.net,
CUST00016,Anirudh Gill,34.0,04873471434,lucknow,Sikkim,BSNL,POSTPAID,1499.0,79,20200124,13/07/2026,1,NO,,MALE
CUST00017,darpan buch,40.0,6688937346,Kolkata,Tamil Nadu,BSNL,Post-paid,799.0,8,23/11/2025,15 Jul 2026,0,,,MALE
CUST00018,Abhiram Shanker,38.0,91-64641-70805,LUCKNOW,Assam,Airtel,,599.0,83,26/09/2019,2026-06-07,3,Y,radhikajayaraman@example.net,Female
CUST00019,Damini Kapadia,63.0,+912419049663,BLR,Odisha,Airtel,Postpaid,799.0,73,20200722,2026-07-17,1,NO,reyansharya@example.org,M
CUST00020,Ranbir Kala,47.0,06284987769,kolkata,Uttarakhand,Vi,POSTPAID,1199.0,9,10/24/2025,20260610,5,Y,harinibalan@example.net,M
CUST00021,Chasmum Wadhwa,35.0,8313678377,Ahmedabad,Uttar Pradesh,Jio,Postpaid,799.0,63,20210518,07/17/2026,1,n,jkara@example.com,female
CUST00022,Daksha Date,62.0,91-37498-94134,pune,Manipur,Vi,POSTPAID,999.0,59,2021-09-15,18 Jul 2026,0,NO,masonmajumdar@example.com,Male
CUST00023,Naksh Issac,48.0,+911671902294,Surat,Rajasthan,Airtel,Post-paid,999.0,2,22/05/2026,07/14/2026,1,NO,wishisawhney@example.com,FEMALE
CUST00024,Gauri Arora,23.0,+912812067974,Hyd,Sikkim,Vi,postpaid,399.0,73,20200722,10-07-2026,0,NO,aachalsibal@example.net,Female
CUST00025,AVI DASS,37.0,9471746488,PUNE,Himachal Pradesh,Jio,PREPAID,199.0,83,26 Sep 2019,2026-07-08,0,N,ishaan88@example.org,M
CUST00026,Bahadurjit Sood,49.0,07565512567,INDORE,Mizoram,Airtel,POST PAID,1999.0,23,30-08-2024,07/14/2026,1,NO,jmishra@example.net,M
CUST00027,Praneel Gupta,53.0,+914771093248,SURAT,Kerala,BSNL,Postpaid,799.0,7,12/23/2025,20260712,1,0,nsom@example.com,FEMALE
CUST00028,Logan Kar,56.0,+91 21465 84044,PATNA,Punjab,Vi,Post-paid,1999.0,54,02/12/2022,18 Jul 2026,1,,neelgour@example.org,MALE
CUST00029,Sanya Dhillon,42.0,+91 27028 95171,AHMEDABAD,,Jio,Postpaid,1499.0,31,03/01/2024,10-06-2026,2,Y,indrajittaneja@example.com,MALE
CUST00030,LIPIKA BALAN,22.0,+914316117240,surat,Maharashtra,Vi,prepaid,599.0,69,19/11/2020,11 Jul 2026,1,,gopalbora@example.org,Male
CUST00031,Anvi Chandra,34.0,,BENGALURU,Sikkim,Airtel,Pre-paid,599.0,79,01/24/2020,2026-07-18,1,,amadan@example.net,female
CUST00032,Maanav Bansal,36.0,03953394210,lucknow,,Vi,postpaid,1499.0,3,22-04-2026,07/12/2026,0,,hemamallick@example.org,Male
CUST00033,Oliver Bawa,22.0,3685160481,indore,Sikkim,Vi,postpaid,999.0,22,29-09-2024,14/07/2026,1,n,nishanarayan@example.net,
CUST00034,Aishani Nagy,37.0,+91 11382 67586,Calcutta,Assam,Airtel,,719.0,82,10/26/2019,17-07-2026,1,N,,female
CUST00035,PATRICK TRIPATHI,35.0,+91 17139 00532,Madras,Chhattisgarh,BSNL,POST PAID,1199.0,31,03/01/2024,24/05/2026,4,n,shuklagopal@example.com,M
CUST00036,GAVIN MODI,33.0,0240268117,hyderabad,Haryana,Jio,PREPAID,399.0,70,20 Oct 2020,20260720,0,NO,wpalla@example.org,FEMALE
CUST00037,ESHANA BIR,23.0,+91 21249 98569,surat,Tamil Nadu,Airtel,PRE PAID,599.0,62,2021-06-17,20260720,1,0,yoshita69@example.net,
CUST00038,abdul chakrabarti,45.0,,NAGPUR,Andhra Pradesh,BSNL,Prepaid,299.0,58,15 Oct 2021,20260708,1,0,dominiclala@example.net,female
CUST00039,Ishita Gill,24.0,,BHOPAL,Karnataka,Airtel,POST PAID,999.0,37,07-07-2023,,0,NO,sai36@example.com,male
CUST00040,Chakradev Vohra,19.0,+91 83667 52545,PATNA,Nagaland,Vi,POSTPAID,699.0,1,2026-06-21,12-07-2026,1,N,kapoordayamai@example.com,MALE
CUST00041,Zayyan Dash,55.0,91-40369-00343,ahmedabad,Sikkim,BSNL,POSTPAID,,35,05/09/2023,20 Jul 2026,1,0,sbala@example.com,
CUST00042,Sai Krishnamurthy,63.0,4160529751,Jaipur,Goa,Airtel,POST PAID,399.0,51,13-05-2022,14/07/2026,0,n,gwali@example.com,Male
CUST00043,Bachittar Bhagat,29.0,,delhi,Uttarakhand,Jio,PREPAID,499.0,45,09-11-2022,08-07-2026,0,NO,jhaishita@example.com,male
CUST00044,Sai Bhatti,55.0,0793597820,Ahmedabad,Mizoram,Airtel,postpaid,1199.0,8,20251123,20/07/2026,0,,wkonda@example.org,FEMALE
CUST00045,MANYA NARAYANAN,58.0,+911518644925,JAIPUR,Kerala,Vi,prepaid,399.0,48,20220811,09 Jul 2026,1,,qdixit@example.org,F
CUST00046,Jeevika Sha,31.0,,Hyderabad,Odisha,Vi,POST PAID,499.0,17,26/02/2025,20260715,1,N,niharikakashyap@example.org,Male
CUST00047,Praneel Chand,46.0,+91 34735 97746,NAGPUR,Chhattisgarh,Airtel,Postpaid,1199.0,53,14/03/2022,2026-07-18,1,,fariqgala@example.net,female
CUST00048,Ijaya Peri,32.0,05060685361,Jaipur,,Airtel,PREPAID,149.0,37,07/07/2023,17-07-2026,1,,vaishnavidin@example.com,FEMALE
CUST00049,Neha Lala,64.0,6143410369,Nagpur,Andhra Pradesh,BSNL,Pre-paid,999.0,58,,01/07/2026,2,Y,dassvyanjana@example.org,male
CUST00050,gaurangi dyal,51.0,08806706540,Pune,Sikkim,Vi,,999.0,31,03 Jan 2024,11-07-2026,0,,gabrielvig@example.org,female
CUST00051,Yuvraj Tella,20.0,+910305486874,JAIPUR,Meghalaya,Jio,postpaid,1999.0,60,20210816,2026-07-09,0,N,jayaramanxavier@example.com,MALE
CUST00052,Veda Divan,23.0,,patna,Mizoram,BSNL,POST PAID,1199.0,50,06/12/2022,2026-07-14,1,n,christopher30@example.com,female
CUST00053,Pranit Jha,19.0,+919702135569,LUCKNOW,Andhra Pradesh,Vi,Post-paid,399.0,82,2019-10-26,27 May 2026,5,Y,abeerradhakrishnan@example.com,female
CUST00054,Amol Chauhan,63.0,+919473121727,SURAT,Haryana,Jio,postpaid,399.0,15,27 Apr 2025,14-07-2026,1,,guhathomas@example.org,Male
CUST00055,Patrick Thakur,47.0,8291146786,INDORE,Goa,Jio,postpaid,799.0,16,20250328,18/07/2026,1,N,zayannatt@example.org,
CUST00056,Niharika Dhingra,38.0,,surat,Bihar,Jio,PREPAID,839.0,56,14 Dec 2021,20260721,0,,watikadevan@example.org,female
CUST00057,Jonathan Om,,91-84473-64710,bhopal,West Bengal,Airtel,Pre-paid,99.0,11,25-08-2025,09-07-2026,1,NO,barmansaumya@example.org,female
CUST00058,Yoshita Buch,21.0,6963259532,PUNE,Kerala,Vi,prepaid,839.0,66,02/17/2021,21/06/2026,5,Y,sankarangunbir@example.org,female
CUST00059,Nikita Khalsa,45.0,04565060983,MUM,Karnataka,Vi,Pre-paid,999.0,64,18-04-2021,11 Jul 2026,1,n,sridhargaurav@example.net,F
CUST00060,Gauri Rastogi,,+91 25787 29825,bangalore,Gujarat,BSNL,PRE PAID,499.0,48,11-08-2022,16 Jul 2026,0,NO,suhanipanchal@example.org,male
CUST00061,Aradhana Bains,59.0,91-99309-72896,Amdavad,,Vi,,149.0,43,,12/07/2026,1,N,hiralgoyal@example.net,Female
CUST00062,Chavvi Bhagat,47.0,05854973348,Poona,Uttarakhand,Airtel,postpaid,799.0,18,20250127,11-07-2026,1,,usethi@example.net,
CUST00063,Urvi Bakshi,63.0,+917473384842,PATNA,Karnataka,Vi,Postpaid,1499.0,16,28 Mar 2025,15/07/2026,1,NO,,MALE
CUST00064,Jacob Kurian,48.0,91-34540-19380,KOLKATA,Chhattisgarh,Airtel,Postpaid,399.0,18,01/27/2025,07/07/2026,0,0,vedhika48@example.net,male
CUST00065,Oliver Kota,51.0,,Patna,,Airtel,prepaid,999.0,39,08/05/2023,20260707,1,n,pkonda@example.com,MALE
CUST00066,Charita Ratta,33.0,,Jaipur,Himachal Pradesh,Airtel,Postpaid,499.0,52,20220413,20260628,5,Y,kuruvillatejas@example.org,male
CUST00067,Zansi Goyal,60.0,+913918785191,Calcutta,Nagaland,Jio,Prepaid,719.0,18,01/27/2025,29/05/2026,4,,raghav90@example.org,FEMALE
CUST00068,Siddharth Gour,,+914039106518,Delhi,Rajasthan,Airtel,Post-paid,699.0,59,15/09/2021,20260714,0,,wishi63@example.org,MALE
CUST00069,Lavanya Jhaveri,43.0,91-30047-86863,KOLKATA,Chhattisgarh,BSNL,postpaid,1499.0,49,2022-07-12,20260525,3,n,regenilima@example.net,M
CUST00070,SNEHA BRAR,46.0,,chennai,Goa,Airtel,Prepaid,999.0,13,06/26/2025,2026-05-29,2,Y,pahalkari@example.org,Male
CUST00071,Aishani Dara,27.0,2873342708,surat,Haryana,BSNL,Postpaid,1199.0,7,23-12-2025,07/11/2026,1,,gauravtripathi@example.org,F
CUST00072,Ishwar Devi,64.0,91-37354-03317,JAIPUR,Jharkhand,Airtel,Prepaid,599.0,35,05-09-2023,07/12/2026,0,N,agastyavarghese@example.com,female
CUST00073,Ria Pai,,91-32048-99642,hyderabad,Sikkim,Vi,POST PAID,1999.0,66,20210217,09-07-2026,1,n,prishamahajan@example.org,FEMALE
CUST00074,Sarthak Hora,21.0,+91 10062 31203,nagpur,Andhra Pradesh,BSNL,POST PAID,1199.0,22,09/29/2024,2026-06-02,5,Y,,
CUST00075,Logan Wable,29.0,1823398454,Pune,Kerala,Airtel,Pre-paid,399.0,68,20201219,20260717,0,,lopa05@example.net,F
CUST00076,luke bawa,45.0,+915918033974,Surat,Uttarakhand,Airtel,prepaid,599.0,52,2022-04-13,14-07-2026,0,N,,Female
CUST00077,Tamanna Nagarajan,26.0,+91 18501 63159,LUCKNOW,Manipur,BSNL,prepaid,,10,09/24/2025,21-06-2026,5,,saumya99@example.org,MALE
CUST00078,Barkha Saxena,58.0,+916551104754,Poona,Assam,BSNL,Pre-paid,999.0,11,08/25/2025,2026-07-18,0,N,hpandey@example.com,F
CUST00079,Chaitaly Bedi,54.0,6224447212,lucknow,Uttar Pradesh,BSNL,Post-paid,999.0,2,22/05/2026,07/09/2026,0,,sbail@example.com,Female
CUST00080,Nilima Nori,59.0,02459375265,AHMEDABAD,Kerala,Jio,Prepaid,99.0,39,05/08/2023,16 Jul 2026,1,n,falan31@example.org,
CUST00081,Vrishti Gill,37.0,+91 26617 97968,,Goa,BSNL,PREPAID,719.0,27,02 May 2024,2026-07-08,0,0,ekarajgupta@example.net,Female
CUST00082,Dakshesh Jain,18.0,3888993756,SURAT,Haryana,Jio,POST PAID,399.0,83,09/26/2019,07/11/2026,1,n,sundaramazaan@example.com,F
CUST00083,Harish Buch,62.0,91-14010-51238,NCR,Goa,Vi,PRE PAID,499.0,40,04/08/2023,18/07/2026,1,n,rachitmangal@example.net,MALE
CUST00084,Januja Trivedi,22.0,,pune,Maharashtra,Jio,PRE PAID,999.0,58,15-10-2021,21 Jul 2026,0,NO,vsant@example.net,male
CUST00085,Ranbir D’Alia,56.0,91-66278-28274,Patna,Kerala,Jio,Pre-paid,149.0,41,2023-03-09,29/06/2026,3,Y,lbahri@example.org,
CUST00086,FALAN MANNAN,19.0,,jaipur,Sikkim,BSNL,POSTPAID,1499.0,63,18 May 2021,14-07-2026,1,NO,lakshitchander@example.net,M
CUST00087,rishi kade,34.0,+91 17133 95962,Indore,Goa,Jio,Postpaid,499.0,55,13 Jan 2022,11 Jul 2026,0,n,nimratbawa@example.org,male
CUST00088,Isaac Rana,33.0,6729466711,hyderabad,Odisha,Airtel,postpaid,1499.0,18,27 Jan 2025,,0,NO,kwali@example.com,F
CUST00089,Nachiket Upadhyay,54.0,7500170127,Nagpur,Chhattisgarh,Vi,Post-paid,1499.0,9,24/10/2025,09-06-2026,3,n,gsethi@example.net,male
CUST00090,Isaiah Cheema,62.0,+91 61103 71293,,Himachal Pradesh,Vi,POSTPAID,1199.0,11,08/25/2025,07/11/2026,0,N,,MALE
CUST00091,Chanakya Kumer,22.0,91-09275-32697,Delhi,Maharashtra,Airtel,Prepaid,499.0,41,03/09/2023,07/19/2026,1,NO,panditjai@example.net,Male
CUST00092,Ladli Mammen,30.0,+91 40376 13791,Chennai,Punjab,Airtel,postpaid,999.0,32,04 Dec 2023,10 Jul 2026,0,n,mpandey@example.com,FEMALE
CUST00093,Joshua De,50.0,+916618892414,INDORE,Odisha,Airtel,Prepaid,149.0,76,20200423,20260623,2,0,divya52@example.net,F
CUST00094,OMKAAR BIR,60.0,,hyderabad,Goa,Jio,Postpaid,799.0,8,20251123,2026-06-09,2,,rushil39@example.net,MALE
CUST00095,Finn Singh,41.0,1913800030,hyderabad,Punjab,Vi,Prepaid,149.0,74,2020-06-22,20260713,1,N,pnagar@example.net,MALE
CUST00096,Advaith Dasgupta,29.0,8061744518,Chennai,Odisha,Jio,postpaid,1199.0,54,12 Feb 2022,20-07-2026,1,N,zsoni@example.net,FEMALE
CUST00097,Anay Nagarajan,18.0,91-06413-83670,INDORE,Jharkhand,Jio,PREPAID,99.0,20,28 Nov 2024,21-07-2026,0,,kapurwridesh@example.com,F
CUST00098,Anika Kalita,38.0,+916557431329,Lucknow,Meghalaya,Jio,Pre-paid,599.0,82,26 Oct 2019,31/05/2026,2,NO,chawladarika@example.org,FEMALE
CUST00099,Nicholas Ravi,23.0,+91 56804 42067,Hyd,Tripura,Airtel,PREPAID,399.0,21,2024-10-29,10/07/2026,0,NO,riya80@example.net,MALE
CUST00100,VEDANT NARASIMHAN,39.0,91-70296-67066,kolkata,Nagaland,Vi,Prepaid,99.0,10,24/09/2025,18 Jul 2026,1,NO,suhanisagar@example.com,male
CUST00101,Darika Shenoy,33.0,08065787598,AHMEDABAD,West Bengal,BSNL,POSTPAID,499.0,8,23-11-2025,07/19/2026,1,NO,finndada@example.com,Female
CUST00102,Nisha Bajwa,42.0,+91 22395 59059,Bangalore,Kerala,Jio,Prepaid,399.0,31,01/03/2024,09/07/2026,0,NO,bumbanita@example.org,F
CUST00103,Aishani Gupta,38.0,+912921851569,mumbai,Meghalaya,Jio,Prepaid,839.0,3,04/22/2026,07/16/2026,0,NO,csabharwal@example.net,Male
CUST00104,aradhana lata,62.0,6902959391,Nagpur,Gujarat,Jio,POSTPAID,699.0,76,23/04/2020,2026-07-10,1,NO,chaayamistry@example.net,female
CUST00105,oviya pathak,46.0,,Amdavad,Rajasthan,Vi,PREPAID,299.0,27,2024-05-02,2026-07-16,1,N,,Male
CUST00106,Atharv Arya,56.0,,patna,Meghalaya,Jio,POSTPAID,499.0,10,09/24/2025,12-07-2026,1,N,,F
CUST00107,Nilima Kota,43.0,+914186256527,hyderabad,Tripura,Jio,postpaid,399.0,13,2025-06-26,20260527,4,0,aachal90@example.com,F
CUST00108,Isaiah Goda,48.0,,SURAT,Haryana,BSNL,Post-paid,799.0,76,23/04/2020,08/07/2026,1,,,F
CUST00109,RAKSHA KARAN,53.0,5487099861,Surat,Assam,Jio,POST PAID,699.0,81,2019-11-25,17 Jul 2026,1,N,waglejanuja@example.org,male
CUST00110,Farhan Kar,57.0,06065307450,bhopal,Uttar Pradesh,BSNL,Post-paid,1499.0,34,05/10/2023,20260712,1,N,gollaganga@example.net,female
CUST00111,Anay Grewal,28.0,91-86289-02330,Hyderabad,Karnataka,Airtel,postpaid,1999.0,25,07/01/2024,20260610,5,n,elanka@example.net,M
CUST00112,Unni Balasubramanian,62.0,,CHENNAI,Madhya Pradesh,BSNL,POSTPAID,1999.0,77,24/03/2020,2026-06-06,4,Y,tanvipanchal@example.com,male
CUST00113,Kamya Dara,43.0,+910858994417,nagpur,Arunachal Pradesh,BSNL,postpaid,1199.0,49,20220712,20260718,1,n,ypatel@example.com,Male
CUST00114,Oviya Raju,34.0,,jaipur,Rajasthan,Airtel,Prepaid,599.0,77,24/03/2020,07/11/2026,0,N,oscarmody@example.net,male
CUST00115,Suhani Mallick,47.0,,nagpur,Maharashtra,Vi,Pre-paid,149.0,84,27/08/2019,22-06-2026,4,n,pdugar@example.net,FEMALE
CUST00116,AMAIRA OOMMEN,35.0,2927129666,BENGALURU,West Bengal,Jio,POSTPAID,1999.0,11,2025-08-25,19 Jul 2026,1,N,csaini@example.com,M
CUST00117,Maanas Guha,36.0,91-89856-25753,surat,,Jio,Prepaid,399.0,45,20221109,,4,Y,zaid23@example.net,F
CUST00118,Hritik Srivastava,59.0,91-01676-18472,Kolkata,Rajasthan,BSNL,,399.0,82,26 Oct 2019,12/07/2026,0,,jagrati16@example.net,F
CUST00119,Hemangini Garde,40.0,+914208737530,JAIPUR,Bihar,Vi,PREPAID,149.0,15,27/04/2025,12 Jul 2026,0,n,,F
CUST00120,Aarush Raman,41.0,5611002255,PATNA,Uttarakhand,Jio,POSTPAID,999.0,59,2021-09-15,07/21/2026,0,NO,viswanathantriya@example.net,MALE
CUST00121,Ayushman Narula,48.0,+917296590277,nagpur,Goa,BSNL,POSTPAID,699.0,84,20190827,23 May 2026,2,NO,yoshita37@example.com,Female
CUST00122,Nandini Kumar,57.0,02877217535,Surat,Tripura,Airtel,POST PAID,799.0,56,14/12/2021,07/11/2026,1,NO,lakshitshankar@example.org,FEMALE
CUST00123,omya kakar,,+911994883755,New Delhi,Uttarakhand,BSNL,postpaid,499.0,41,03/09/2023,10-07-2026,0,N,waglesiddharth@example.com,F
CUST00124,Laban Sampath,20.0,91-72614-93316,DELHI,Chhattisgarh,Airtel,Prepaid,499.0,44,12/09/2022,20260709,1,,randhawapeter@example.net,F
CUST00125,Lopa Ramaswamy,48.0,2922169958,indore,Manipur,BSNL,Postpaid,699.0,76,23-04-2020,21/07/2026,0,,oeshi77@example.org,
CUST00126,Ansh Grover,29.0,5158799684,Hyderabad,Rajasthan,Jio,POSTPAID,799.0,26,2024-06-01,17/07/2026,1,NO,ykar@example.com,male
CUST00127,Upma Hayer,53.0,,bangalore,Kerala,Vi,Pre-paid,839.0,27,20240502,08-06-2026,2,,yashicapradhan@example.com,
CUST00128,Atharv Badal,,,Nagpur,,Jio,prepaid,719.0,38,20230607,20260524,2,Y,cchadha@example.com,
CUST00129,Upma Nayar,43.0,+91 33555 43987,Kolkata,Telangana,Vi,prepaid,299.0,68,19 Dec 2020,13/07/2026,0,,sulepranav@example.com,female
CUST00130,Zehaan Parekh,20.0,91-35811-28801,Poona,Uttarakhand,BSNL,Pre-paid,839.0,33,20231104,20260721,1,,hiteshnadig@example.com,F
CUST00131,ronith bhatti,32.0,+916676650618,NAGPUR,Chhattisgarh,Airtel,PREPAID,499.0,59,20210915,02-07-2026,2,Y,nathaniel71@example.com,F
CUST00132,Yahvi Majumdar,65.0,+918424508821,Hyderabad,Gujarat,Airtel,Post-paid,1999.0,37,07-07-2023,20260708,0,0,bhasinisha@example.net,female
CUST00133,Gayathri Raj,21.0,8781414139,chennai,Rajasthan,Jio,Postpaid,699.0,21,29/10/2024,06/20/2026,3,Y,dinnilima@example.org,male
CUST00134,Naksh Dani,61.0,+917775478129,nagpur,Sikkim,Vi,Prepaid,599.0,41,20230309,2026-06-16,3,0,xsem@example.com,M
CUST00135,Owen Balay,59.0,5639427881,bhopal,Arunachal Pradesh,BSNL,,299.0,76,23 Apr 2020,13 Jul 2026,1,,mohini14@example.com,Male
CUST00136,chaman raval,31.0,,bangalore,Madhya Pradesh,BSNL,PRE PAID,99.0,46,10-10-2022,2026-06-05,3,Y,hemalchoudhury@example.com,MALE
CUST00137,Ijaya Garg,32.0,04322259136,PATNA,Kerala,BSNL,,499.0,46,10/10/2022,07/14/2026,0,,,M
CUST00138,Pavani Sura,43.0,91-90413-79772,BENGALURU,Mizoram,Jio,PRE PAID,839.0,81,20191125,31/05/2026,3,Y,lkhatri@example.com,female
CUST00139,Yasti Nair,61.0,+912912799088,Patna,Karnataka,Airtel,Postpaid,1499.0,30,2024-02-02,20260720,0,NO,ojasvi36@example.org,
CUST00140,Manya Sridhar,62.0,06247314986,Poona,,Airtel,POSTPAID,1499.0,68,2020-12-19,06/06/2026,5,Y,raghav13@example.org,female
CUST00141,Manya Karpe,35.0,6368872588,pune,Nagaland,Airtel,POST PAID,1499.0,20,20241128,20260717,1,,narainira@example.com,Female
CUST00142,Vasatika Khare,23.0,+917961143519,AHMEDABAD,Rajasthan,Airtel,Pre-paid,839.0,28,20240402,2026-07-16,0,NO,upadhritibanik@example.net,Male
CUST00143,ISAAC DARA,56.0,3920530214,surat,Haryana,BSNL,Post-paid,799.0,2,20260522,2026-07-07,1,NO,doctorgavin@example.org,
CUST00144,Aahana Natt,44.0,08184518489,PATNA,Punjab,Vi,Post-paid,799.0,36,06-08-2023,07/18/2026,1,0,bhavnaagrawal@example.org,M
CUST00145,Rehaan Nigam,,04341651827,ahmedabad,Odisha,Vi,PRE PAID,599.0,9,20251024,18/07/2026,0,n,yashtella@example.org,Female
CUST00146,Harini Chaudhry,61.0,+91 79080 75957,chennai,Tripura,Vi,PRE PAID,299.0,27,02 May 2024,21 Jun 2026,4,Y,gopal45@example.com,FEMALE
CUST00147,wridesh nagar,31.0,1559428434,JAIPUR,Telangana,Vi,Prepaid,199.0,51,20220513,20-07-2026,1,n,lipika74@example.com,male
CUST00148,Zilmil Bhargava,30.0,2702672885,ahmedabad,Maharashtra,Jio,PRE PAID,299.0,74,22/06/2020,10-07-2026,1,NO,unatt@example.org,F
CUST00149,TARAK PARIKH,25.0,9399824558,AHMEDABAD,Rajasthan,Vi,Post-paid,1199.0,47,10/09/2022,20260707,1,n,reyanshloke@example.org,female
CUST00150,Wriddhish Ganesan,43.0,,Poona,Madhya Pradesh,Airtel,POSTPAID,699.0,11,2025-08-25,07/16/2026,1,n,anamika20@example.org,M
CUST00151,Sachi Boase,46.0,02820055778,INDORE,Sikkim,Airtel,POST PAID,999.0,14,20250527,20 Jul 2026,1,n,pbhatt@example.com,
CUST00152,Lakshit Balan,,2547807740,hyderabad,West Bengal,BSNL,POSTPAID,799.0,70,20 Oct 2020,14/07/2026,1,n,oviya83@example.org,MALE
CUST00153,Wazir Sandal,35.0,1224179749,Bhopal,Bihar,Jio,Postpaid,499.0,34,05/10/2023,18-07-2026,1,n,ravelprisha@example.org,FEMALE
CUST00154,Vedika Sule,20.0,2046187234,Nagpur,Karnataka,Jio,,199.0,12,07/26/2025,2026-06-23,4,0,advayzachariah@example.net,F
CUST00155,Jagrati Om,58.0,+91 50313 65024,Jaipur,Karnataka,BSNL,Prepaid,,50,20220612,19 Jul 2026,0,,riaahluwalia@example.org,F
CUST00156,Libni Kothari,52.0,02735857306,Madras,Mizoram,BSNL,PREPAID,999.0,12,26-07-2025,07/09/2026,0,N,anika20@example.com,Male
CUST00157,Aadhya Venkatesh,34.0,07086209593,JAIPUR,Odisha,Vi,POST PAID,999.0,60,20210816,12 Jul 2026,0,N,anjalisheth@example.com,male
CUST00158,eta khanna,24.0,01096789940,Calcutta,Punjab,Vi,POSTPAID,,15,20250427,2026-07-20,0,NO,tristanvaidya@example.net,M
CUST00159,SAMUEL DEVI,31.0,,Calcutta,Nagaland,Vi,POST PAID,999.0,8,20251123,20260710,0,n,indrajitvarty@example.net,MALE
CUST00160,Hredhaan Dave,40.0,91-85566-59398,patna,Manipur,Jio,,839.0,24,07/31/2024,2026-07-16,0,,modiupma@example.com,male
CUST00161,MAX AGRAWAL,62.0,91-88899-21075,Lucknow,Manipur,Jio,PRE PAID,99.0,39,08-05-2023,07/18/2026,0,n,indali39@example.com,Female
CUST00162,girindra dara,54.0,+910556613906,nagpur,Andhra Pradesh,Vi,prepaid,199.0,62,17 Jun 2021,07/07/2026,0,,,MALE
CUST00163,RUDRA BAIL,54.0,+91 86416 86227,Amdavad,Odisha,Jio,,399.0,56,20211214,19/07/2026,0,n,,MALE
CUST00164,hemal dugal,37.0,91-59792-70335,Kolkata,Chhattisgarh,Airtel,PREPAID,599.0,53,14/03/2022,18-07-2026,1,n,,F
CUST00165,Jeremiah Guha,48.0,91-20698-04204,hyderabad,Chhattisgarh,BSNL,POSTPAID,1199.0,3,20260422,20260602,3,Y,tejas51@example.org,F
CUST00166,Tripti Uppal,23.0,8780038457,Bombay,,BSNL,postpaid,1499.0,30,02 Feb 2024,2026-07-10,0,n,yagnesh70@example.org,MALE
CUST00167,Upma Mistry,61.0,+91 36392 64957,Patna,Karnataka,Vi,Prepaid,199.0,29,03/03/2024,15-07-2026,0,N,vartychandresh@example.com,
CUST00168,Yochana Rege,29.0,+912056647423,Patna,Karnataka,BSNL,PRE PAID,999.0,19,28 Dec 2024,16/07/2026,0,,sampathsneha@example.net,M
CUST00169,Ayush Prabhakar,26.0,91-30604-63331,KOLKATA,Nagaland,BSNL,Pre-paid,839.0,18,27/01/2025,2026-07-14,1,NO,dayita98@example.com,MALE
CUST00170,Vedika Sachdeva,52.0,00868034764,nagpur,Meghalaya,BSNL,postpaid,399.0,79,24 Jan 2020,07/14/2026,1,N,edhillon@example.org,FEMALE
CUST00171,Aarini Kunda,30.0,+91 14521 11751,,Odisha,Jio,PRE PAID,839.0,75,23 May 2020,10/06/2026,4,NO,ishani19@example.org,Male
CUST00172,Yashvi Merchant,26.0,0940777809,Bangalore,Andhra Pradesh,Jio,,599.0,7,2025-12-23,2026-07-10,1,n,inazareth@example.com,
CUST00173,JAGAT AHLUWALIA,54.0,,Hyd,Karnataka,Airtel,,199.0,24,2024-07-31,14-06-2026,2,Y,ramekiya@example.org,MALE
CUST00174,Bimala Pau,31.0,+91 90198 17946,bhopal,Andhra Pradesh,BSNL,PRE PAID,149.0,71,20/09/2020,07/19/2026,0,n,mitali36@example.net,FEMALE
CUST00175,Maanav Hans,57.0,+916055830344,ahmedabad,Goa,Jio,PRE PAID,299.0,38,,05-07-2026,5,N,grewalzilmil@example.net,M
CUST00176,Aarna Mallick,58.0,+91 85760 84958,Bhopal,Goa,Jio,,499.0,43,08-01-2023,14/07/2026,1,N,anirudhmutti@example.org,M
CUST00177,Omkaar Andra,23.0,+913574384215,Calcutta,Haryana,Jio,Post-paid,1499.0,74,22 Jun 2020,29-06-2026,4,n,lnagar@example.com,
CUST00178,Wishi Mutti,37.0,09157018409,Hyd,Andhra Pradesh,Jio,Postpaid,699.0,13,06/26/2025,04-07-2026,5,Y,chakradevraghavan@example.net,male
CUST00179,Ekapad Prabhakar,54.0,,Delhi,Nagaland,Airtel,PREPAID,839.0,27,20240502,16 Jul 2026,1,NO,qrajan@example.org,FEMALE
CUST00180,eiravati batta,62.0,7477332945,Lucknow,Karnataka,Vi,postpaid,799.0,43,01/08/2023,2026-07-11,0,0,inaya04@example.net,female
CUST00181,Yatin Zacharia,38.0,+91 14876 96393,Amdavad,Jharkhand,Jio,Post-paid,1199.0,37,20230707,07/19/2026,0,0,chanakya40@example.net,female
CUST00182,Pavani More,29.0,91-61919-65701,Jaipur,Uttarakhand,Jio,,999.0,10,20250924,20 Jul 2026,1,n,benwarda@example.org,FEMALE
CUST00183,Utkarsh Dani,23.0,,chennai,Arunachal Pradesh,Vi,prepaid,999.0,39,20230508,20260711,1,0,wbal@example.org,MALE
CUST00184,Upadhriti Karpe,41.0,91-24220-10276,Pune,West Bengal,BSNL,Post-paid,799.0,70,20201020,07/14/2026,0,NO,mannediya@example.net,FEMALE
CUST00185,Garima Muni,52.0,,JAIPUR,Goa,BSNL,postpaid,1199.0,50,12 Jun 2022,06/09/2026,2,NO,maanav00@example.com,F
CUST00186,Raksha Bhat,36.0,+910949407929,SURAT,Odisha,Airtel,POST PAID,,44,09/12/2022,13-07-2026,1,,iswamy@example.net,male
CUST00187,Udarsh Ramaswamy,62.0,2805129276,Hyd,Chhattisgarh,Airtel,Postpaid,699.0,15,27-04-2025,10-07-2026,0,0,ayushthakur@example.net,F
CUST00188,Watika Karnik,34.0,,mumbai,Mizoram,BSNL,Pre-paid,719.0,52,13-04-2022,10-07-2026,0,0,tdivan@example.com,male
CUST00189,Girik Saraf,,+911817534430,SURAT,West Bengal,BSNL,POST PAID,799.0,31,03 Jan 2024,20260711,0,n,indira48@example.com,F
CUST00190,Laban Rau,22.0,04654214066,Bhopal,Gujarat,BSNL,prepaid,999.0,83,26/09/2019,19/07/2026,0,NO,badalupkaar@example.com,F
CUST00191,ADVAITH BHATTACHARYYA,22.0,,bangalore,Arunachal Pradesh,Jio,POST PAID,,79,01/24/2020,07/10/2026,1,N,ltella@example.com,F
CUST00192,chavvi varughese,59.0,,Jaipur,Bihar,Airtel,Pre-paid,719.0,50,12-06-2022,20260602,4,Y,rsampath@example.org,Female
CUST00193,Qadim Sunder,46.0,0050506138,,Haryana,Jio,PRE PAID,999.0,4,2026-03-23,12/06/2026,2,n,eiravatithakkar@example.net,M
CUST00194,Balvan Soni,55.0,,AHMEDABAD,Mizoram,Jio,,199.0,84,27/08/2019,27 May 2026,2,N,omkaar53@example.net,F
CUST00195,Kritika Butala,26.0,,,Uttar Pradesh,Jio,postpaid,699.0,54,02/12/2022,13/07/2026,0,0,chandresh32@example.net,male
CUST00196,lila deep,37.0,+91 08331 81958,Jaipur,Goa,BSNL,Postpaid,699.0,31,03/01/2024,07/21/2026,0,0,dakshesh32@example.net,Male
CUST00197,Yuvraj Ben,,,surat,Mizoram,Airtel,prepaid,499.0,83,26-09-2019,2026-07-15,1,n,draghavan@example.org,F
CUST00198,Aahana Chowdhury,57.0,+916527354352,Chennai,Kerala,Jio,POSTPAID,799.0,49,12/07/2022,30/05/2026,5,Y,pranitbhavsar@example.net,Male
CUST00199,Ekaraj Chaudhary,18.0,3356939290,Indore,,Jio,Pre-paid,599.0,12,07/26/2025,07/14/2026,0,,eshukla@example.net,F
CUST00200,Chavvi Wadhwa,,91-42799-07726,ahmedabad,Mizoram,Jio,POSTPAID,399.0,11,20250825,2026-07-15,0,NO,talwarsai@example.net,male
CUST00201,Warjas Sama,,+915281832538,NAGPUR,Nagaland,Airtel,PRE PAID,499.0,80,20191225,21-07-2026,1,N,tshetty@example.org,male
CUST00202,Jatin Gaba,63.0,8479513711,Jaipur,Tamil Nadu,Vi,POSTPAID,499.0,7,20251223,14/07/2026,1,,christopher57@example.net,
CUST00203,Anya Oza,36.0,,SURAT,Karnataka,Vi,PRE PAID,839.0,54,12/02/2022,14-07-2026,1,0,nitara79@example.net,male
CUST00204,Amol Sagar,36.0,02223105927,chennai,Maharashtra,Vi,POST PAID,399.0,37,07-07-2023,06/18/2026,5,,annebalhaar@example.org,Male
CUST00205,Patrick Kohli,65.0,,Jaipur,Rajasthan,Airtel,POSTPAID,1499.0,4,23-03-2026,,0,0,jacobgolla@example.com,Female
CUST00206,watika cheema,46.0,,ahmedabad,Sikkim,Airtel,Post-paid,399.0,42,07-02-2023,18-07-2026,0,n,raagini71@example.com,
CUST00207,Reyansh Sarkar,23.0,,delhi,Karnataka,BSNL,PRE PAID,719.0,54,12/02/2022,07/09/2026,1,0,hraval@example.net,FEMALE
CUST00208,Thomas Misra,48.0,+91 46273 01471,mumbai,Odisha,Vi,POST PAID,1999.0,64,20210418,20260706,3,Y,zarna01@example.net,female
CUST00209,aachal ghose,41.0,+91 50448 18321,Jaipur,Himachal Pradesh,Vi,prepaid,999.0,21,29-10-2024,20260616,5,NO,karpebaghyawati@example.net,F
CUST00210,Yug Jhaveri,24.0,8338988816,Jaipur,Maharashtra,Jio,Postpaid,699.0,2,22-05-2026,16/07/2026,1,0,borayashawini@example.net,
CUST00211,Tanay Dara,32.0,91-32161-10760,Indore,,Jio,POST PAID,399.0,39,08-05-2023,20-07-2026,0,NO,christopherprabhakar@example.org,F
CUST00212,Teerth Sama,55.0,+91 28938 91190,Indore,Kerala,Jio,prepaid,299.0,76,2020-04-23,2026-06-14,2,Y,david17@example.net,
CUST00213,Harini Mallick,50.0,+91 15171 82754,BHOPAL,,Vi,postpaid,699.0,76,04/23/2020,20-07-2026,0,n,krishnawriddhish@example.com,FEMALE
CUST00214,Mohini Ramaswamy,49.0,,Madras,Mizoram,Vi,Postpaid,799.0,55,01/13/2022,07/07/2026,1,n,ukeer@example.com,male
CUST00215,Yasti Basak,24.0,91-77320-10170,indore,Madhya Pradesh,BSNL,postpaid,1999.0,46,2022-10-10,20260715,1,,rajeshrisetty@example.com,FEMALE
CUST00216,Balendra Sagar,20.0,+91 16756 77002,INDORE,Karnataka,Jio,postpaid,1999.0,38,06/07/2023,20260717,1,,bmanda@example.org,F
CUST00217,Yahvi Buch,61.0,+914500902559,LUCKNOW,Meghalaya,BSNL,POSTPAID,699.0,61,07/17/2021,20260715,1,0,hdeol@example.org,Female
CUST00218,Simon Bala,54.0,06407905696,SURAT,West Bengal,Airtel,Post-paid,999.0,9,24-10-2025,20260626,2,N,atharv61@example.org,male
CUST00219,Sanya Bumb,54.0,+91 39191 95419,KOLKATA,Maharashtra,Jio,postpaid,499.0,64,18-04-2021,13-07-2026,0,n,zzacharia@example.net,
CUST00220,Upadhriti Tandon,29.0,03748969083,KOLKATA,Kerala,BSNL,Prepaid,399.0,52,04/13/2022,2026-07-14,0,N,walianisha@example.org,MALE
CUST00221,ZANSI PANT,37.0,08660324204,Hyd,Gujarat,Jio,POSTPAID,799.0,33,2023-11-04,2026-07-20,0,NO,yamini08@example.org,male
CUST00222,Praneel Palan,25.0,+91 98471 39155,BHOPAL,Chhattisgarh,BSNL,,149.0,47,10/09/2022,08/07/2026,0,NO,urishilla68@example.com,male
CUST00223,Manbir Rastogi,33.0,02575409003,AHMEDABAD,Goa,Vi,postpaid,399.0,76,23 Apr 2020,07/16/2026,0,n,fvarma@example.net,MALE
CUST00224,Peter Dyal,59.0,,patna,Kerala,Vi,postpaid,799.0,12,26 Jul 2025,07/08/2026,0,0,kapuraishani@example.com,M
CUST00225,ALEXANDER SESHADRI,28.0,02965772429,surat,Tripura,BSNL,Pre-paid,199.0,83,09/26/2019,24 Jun 2026,4,Y,vrandhawa@example.org,M
CUST00226,Manbir Bahri,34.0,91-52910-86771,PATNA,Jharkhand,Airtel,prepaid,299.0,60,16/08/2021,08/07/2026,0,N,mukherjeezayyan@example.com,male
CUST00227,Upadhriti Dani,33.0,,NAGPUR,West Bengal,BSNL,PREPAID,599.0,24,31/07/2024,21-07-2026,1,n,oviya15@example.com,M
CUST00228,Harita Lall,49.0,+917215862415,Bombay,Tripura,BSNL,postpaid,1499.0,39,08-05-2023,19-07-2026,0,,lajita53@example.net,male
CUST00229,Aahana Sabharwal,46.0,+912032074276,jaipur,,BSNL,postpaid,1199.0,22,09/29/2024,20260714,0,,vinaya87@example.org,F
CUST00230,Veda Chakrabarti,55.0,+910892613715,kolkata,Gujarat,Jio,,199.0,37,2023-07-07,10/07/2026,1,,,FEMALE
CUST00231,Darpan Yohannan,38.0,9230450189,Bhopal,Chhattisgarh,BSNL,Postpaid,999.0,81,11/25/2019,21/07/2026,1,N,cramesh@example.org,MALE
CUST00232,Ria Barman,41.0,07767499616,Hyd,Karnataka,Airtel,Pre-paid,719.0,39,05/08/2023,20260710,1,,advaith72@example.com,Male
CUST00233,Panini Balasubramanian,37.0,+91 86490 81081,patna,Madhya Pradesh,Airtel,Post-paid,1999.0,38,07-06-2023,07 Jul 2026,1,n,,
CUST00234,Umang Halder,55.0,,Mumbai,Gujarat,BSNL,PREPAID,,23,30/08/2024,07/21/2026,0,0,waidasridhar@example.com,FEMALE
CUST00235,MEKHALA SUNDARAM,30.0,91-37236-83147,HYDERABAD,Manipur,BSNL,POSTPAID,499.0,39,20230508,07/06/2026,3,Y,lalhenry@example.org,FEMALE
CUST00236,HIRAL DANI,58.0,6679984076,LUCKNOW,Manipur,Jio,PRE PAID,999.0,38,06/07/2023,2026-07-15,0,n,geraraksha@example.org,MALE
CUST00237,Yoshita Johal,62.0,,lucknow,Maharashtra,Airtel,Post-paid,1499.0,35,20230905,07/20/2026,1,,zkala@example.org,female
CUST00238,Liam Tella,56.0,06743380054,INDORE,Rajasthan,Jio,POST PAID,799.0,80,12/25/2019,10/07/2026,0,0,randhawaimaran@example.com,Female
CUST00239,Geetika Yohannan,56.0,+91 07711 99180,Ahmedabad,Andhra Pradesh,Vi,POSTPAID,399.0,46,10/10/2022,20260713,1,NO,gavindugar@example.net,
CUST00240,Ucchal Nath,18.0,,Amdavad,Karnataka,Jio,PRE PAID,499.0,83,09/26/2019,07/19/2026,0,NO,rdeshpande@example.com,
CUST00241,Ekalinga Kara,28.0,06029084668,INDORE,Chhattisgarh,Airtel,postpaid,,57,14 Nov 2021,10/07/2026,0,N,ddeo@example.net,FEMALE
CUST00242,ARYA GADE,39.0,02884318848,SURAT,West Bengal,BSNL,PREPAID,599.0,45,09-11-2022,07-07-2026,1,N,eeshaagarwal@example.com,
CUST00243,Pratyush Narayanan,47.0,,New Delhi,Gujarat,Vi,PRE PAID,839.0,34,05 Oct 2023,21-07-2026,0,0,iryakannan@example.com,Male
CUST00244,MASON GOKHALE,61.0,,nagpur,Arunachal Pradesh,BSNL,Postpaid,499.0,11,08/25/2025,20260628,5,Y,shroffmaanav@example.com,
CUST00245,Eta Choudhary,25.0,4082154544,Delhi,Uttarakhand,BSNL,Prepaid,99.0,61,17-07-2021,13/07/2026,1,N,patelharinakshi@example.net,FEMALE
CUST00246,Akshay Mohanty,42.0,+91 92287 77251,MUM,Himachal Pradesh,Vi,Prepaid,99.0,9,2025-10-24,07/12/2026,1,,siddharthdas@example.org,F
CUST00247,Gautam Toor,21.0,91-83780-18204,Bhopal,Jharkhand,Airtel,PRE PAID,399.0,74,22 Jun 2020,20 Jul 2026,0,NO,,M
CUST00248,KALA PUROHIT,24.0,+91 42241 24620,kolkata,Manipur,Jio,POSTPAID,399.0,54,12/02/2022,16-07-2026,1,n,bahrirajeshri@example.net,F
CUST00249,DALAJA NAZARETH,47.0,91-17063-04891,MUM,Maharashtra,Jio,Prepaid,999.0,77,2020-03-24,04 Jun 2026,5,n,jaideshpande@example.net,Male
CUST00250,HEMANG KURIAN,47.0,09420074946,Calcutta,Manipur,Jio,PRE PAID,599.0,69,19 Nov 2020,13-07-2026,1,N,,F
CUST00251,Andrew Kade,63.0,+91 35537 95020,bhopal,,Vi,PREPAID,299.0,56,20211214,07/09/2026,1,n,fraj@example.net,F
CUST00252,Champak Buch,62.0,91-17537-03045,Jaipur,Jharkhand,BSNL,,499.0,16,28/03/2025,15-07-2026,1,0,,FEMALE
CUST00253,Aarush Tailor,61.0,+91 92192 12493,PATNA,Nagaland,Airtel,Prepaid,599.0,26,,20260619,5,Y,gbuch@example.org,male
CUST00254,Rajata Bhavsar,47.0,8030468750,Surat,Gujarat,Airtel,POST PAID,399.0,55,13/01/2022,07/16/2026,1,0,qdeshmukh@example.com,Female
CUST00255,balveer mukhopadhyay,58.0,+914317350583,CHENNAI,West Bengal,Vi,,149.0,40,2023-04-08,07/20/2026,0,0,sanghawidisha@example.net,F
CUST00256,devansh din,21.0,6619639907,indore,Nagaland,Airtel,PRE PAID,99.0,57,20211114,07/11/2026,1,N,maya46@example.net,Female
CUST00257,Diya Kala,40.0,9723200249,NCR,Karnataka,Airtel,prepaid,149.0,77,24/03/2020,08-07-2026,0,,irya34@example.com,male
CUST00258,Zarna Shroff,58.0,+91 15377 95995,kolkata,Meghalaya,Jio,Prepaid,299.0,8,2025-11-23,2026-07-08,0,0,iyeryashawini@example.com,Female
CUST00259,Vamakshi Swaminathan,,+915081247395,Ahmedabad,Gujarat,Jio,prepaid,499.0,62,20210617,15 Jul 2026,0,0,jasmityogi@example.com,Female
CUST00260,Udant Anne,47.0,91-52896-11223,MUM,Sikkim,Vi,prepaid,99.0,13,20250626,2026-07-19,1,N,ghoshwarjas@example.org,Female
CUST00261,Hritik Ramanathan,23.0,91-91286-85787,bhopal,Uttar Pradesh,Jio,POST PAID,799.0,42,02/07/2023,19 Jun 2026,3,,savantnetra@example.com,M
CUST00262,Keya Natarajan,41.0,1214785390,chennai,Assam,Jio,Pre-paid,299.0,58,10/15/2021,07/17/2026,1,0,,FEMALE
CUST00263,vyanjana saini,22.0,91-83535-44439,chennai,,Airtel,postpaid,499.0,46,10/10/2022,13 Jul 2026,0,n,chamanshukla@example.org,M
CUST00264,Abhimanyu Nath,47.0,+91 75153 66377,Ahmedabad,Kerala,BSNL,PRE PAID,299.0,30,20240202,,1,NO,hdada@example.org,female
CUST00265,Fiyaz Mandal,20.0,+912599996636,KOLKATA,Madhya Pradesh,BSNL,PREPAID,599.0,55,20220113,2026-07-10,1,n,labanmall@example.net,
CUST00266,Theodore Bakshi,47.0,8025662128,BENGALURU,Nagaland,BSNL,Pre-paid,199.0,4,23/03/2026,12-06-2026,4,Y,khoslaaachal@example.com,FEMALE
CUST00267,YOCHANA BRAHMBHATT,43.0,03859777901,,Haryana,Jio,Post-paid,1999.0,65,19-03-2021,21/07/2026,0,0,keya85@example.org,Male
CUST00268,Zaid Bahri,35.0,+918413768151,PATNA,Kerala,BSNL,postpaid,699.0,50,12/06/2022,07/20/2026,1,N,,FEMALE
CUST00269,Qabil Johal,49.0,+91 18372 74220,Pune,Kerala,BSNL,POSTPAID,1499.0,25,2024-07-01,2026-06-20,2,NO,virajvarghese@example.com,Male
CUST00270,Logan Mallick,51.0,91-16470-90063,ahmedabad,Tripura,Jio,Postpaid,399.0,28,2024-04-02,13/07/2026,0,0,thamanekapad@example.org,F
CUST00271,Manthan Ramakrishnan,31.0,6613315520,chennai,,Jio,Prepaid,99.0,22,29-09-2024,20-07-2026,1,n,,Female
CUST00272,Aadhya Batra,62.0,+91 25715 09976,Poona,Meghalaya,BSNL,POSTPAID,699.0,14,2025-05-27,20260720,1,0,gardequincy@example.com,Female
CUST00273,girindra dave,64.0,91-75245-08640,LUCKNOW,Jharkhand,Airtel,Prepaid,499.0,18,20250127,20260718,0,0,peterratta@example.net,Female
CUST00274,mugdha lal,27.0,,lucknow,Haryana,Vi,Postpaid,1999.0,24,31/07/2024,20 Jul 2026,1,N,igaba@example.org,Female
CUST00275,Qasim Rau,27.0,,Hyd,Bihar,Airtel,Post-paid,1499.0,47,10 Sep 2022,2026-07-14,1,0,rajagopalanyashoda@example.org,FEMALE
CUST00276,Lekha Nayar,43.0,+91 56749 16016,Madras,Gujarat,Jio,Pre-paid,99.0,1,20260621,20260710,1,0,jdalia@example.net,female
CUST00277,Warhi Jha,34.0,2439920116,NAGPUR,Tamil Nadu,BSNL,PREPAID,299.0,55,01/13/2022,07/04/2026,4,N,hmore@example.com,male
CUST00278,Shravya Memon,43.0,,jaipur,Tamil Nadu,Vi,postpaid,499.0,53,03/14/2022,2026-05-31,4,n,wasonomaja@example.com,Female
CUST00279,Sai Menon,58.0,4161415093,BENGALURU,Bihar,Airtel,PREPAID,,24,2024-07-31,2026-07-07,1,0,,
CUST00280,Hemal Iyer,45.0,+915535669055,Indore,Odisha,BSNL,,839.0,78,23/02/2020,,1,0,yoshitasane@example.com,
CUST00281,Nihal Thakkar,58.0,,Hyderabad,Kerala,Vi,Pre-paid,999.0,58,2021-10-15,08-07-2026,1,,dubeysara@example.com,Male
CUST00282,Jai Bains,48.0,3332116025,bhopal,Gujarat,Jio,prepaid,149.0,64,20210418,11/07/2026,1,NO,nsarkar@example.com,FEMALE
CUST00283,Zaid Bains,32.0,01411159319,New Delhi,Chhattisgarh,Jio,Post-paid,499.0,74,,15 Jul 2026,1,,dalaltanveer@example.com,MALE
CUST00284,Bhavika Ghose,32.0,,Pune,Mizoram,Vi,POST PAID,799.0,17,02/26/2025,07/06/2026,5,Y,,female
CUST00285,Nicholas Muni,28.0,,bangalore,Bihar,Jio,Prepaid,199.0,7,2025-12-23,10 Jul 2026,1,n,khatridominic@example.org,M
CUST00286,Dipta Amble,65.0,00591266201,bhopal,Goa,BSNL,POSTPAID,699.0,84,27-08-2019,14/07/2026,1,n,isha34@example.org,MALE
CUST00287,Zaid Hegde,60.0,7647501111,Madras,,Airtel,PRE PAID,599.0,31,20240103,10 Jul 2026,0,0,mganesh@example.com,FEMALE
CUST00288,Bahadurjit Chhabra,51.0,+91 89813 12920,surat,Maharashtra,Vi,POSTPAID,699.0,74,20200622,02 Jul 2026,3,N,tmittal@example.org,M
CUST00289,YASHODHARA RAJAGOPALAN,51.0,+91 48729 75859,NCR,Goa,Vi,PREPAID,839.0,47,2022-09-10,25-05-2026,2,Y,mallaarini@example.net,Female
CUST00290,Hemani Kalita,28.0,+91 14628 31435,,Odisha,Vi,PRE PAID,199.0,36,06/08/2023,07/15/2026,0,,srinivasanchaaya@example.com,Female
CUST00291,Chakrika Dalal,39.0,91-23401-63611,NCR,Karnataka,Airtel,postpaid,499.0,69,2020-11-19,20260715,0,n,yoshita39@example.org,male
CUST00292,Omkaar Shukla,52.0,6792408222,JAIPUR,Meghalaya,Airtel,POSTPAID,699.0,7,23-12-2025,09/07/2026,1,NO,ijaya26@example.com,MALE
CUST00293,Bahadurjit Sahota,63.0,+913414651113,Nagpur,Andhra Pradesh,Jio,POSTPAID,1199.0,57,11/14/2021,2026-07-13,1,n,dhruvnatarajan@example.com,MALE
CUST00294,JAI SHETH,30.0,91-06853-89097,SURAT,Sikkim,BSNL,PRE PAID,839.0,64,18-04-2021,11 Jul 2026,0,0,tchakrabarti@example.net,M
CUST00295,Yashawini Sood,36.0,4430963480,PUNE,Mizoram,BSNL,POSTPAID,1199.0,22,29-09-2024,16-07-2026,0,,jhalak74@example.org,Male
CUST00296,Theodore Dixit,27.0,04376545628,Pune,Assam,Airtel,Post-paid,1499.0,13,06/26/2025,,0,0,jyotidora@example.org,Female
CUST00297,Ayushman Pingle,48.0,,,Uttar Pradesh,Vi,Pre-paid,199.0,6,2026-01-22,10-07-2026,1,N,barkha42@example.net,Female
CUST00298,RAKSHA ZACHARIA,45.0,2823414363,Mumbai,Sikkim,BSNL,POST PAID,399.0,77,24 Mar 2020,17/07/2026,1,0,wkhanna@example.org,Male
CUST00299,Ekavir Ghosh,51.0,+913356708604,pune,Uttar Pradesh,Vi,prepaid,199.0,25,2024-07-01,2026-07-12,0,N,,female
CUST00300,Vanya Sankaran,,,chennai,Chhattisgarh,BSNL,Post-paid,499.0,36,20230806,2026-07-17,1,n,,Female
CUST00301,darika sarna,30.0,+91 48557 16176,Chennai,Uttarakhand,Airtel,postpaid,1199.0,10,2025-09-24,2026-07-14,0,,quincycheema@example.org,Female
CUST00302,Victor Sharma,,91-93908-78844,nagpur,Karnataka,BSNL,POST PAID,499.0,69,19 Nov 2020,2026-06-04,5,0,dparikh@example.org,male
CUST00303,Vihaan Ramaswamy,41.0,91-84269-45005,PATNA,Assam,Vi,Prepaid,299.0,7,,18 Jul 2026,0,N,waglewarjas@example.org,MALE
CUST00304,Harshil Mitter,45.0,,Surat,Karnataka,Jio,POSTPAID,799.0,57,11/14/2021,18/07/2026,1,NO,,F
CUST00305,Tejas Pall,19.0,+910023142900,pune,Jharkhand,BSNL,PREPAID,599.0,83,26 Sep 2019,03/06/2026,3,N,radha92@example.com,FEMALE
CUST00306,Jeremiah More,50.0,,bangalore,Uttar Pradesh,Airtel,,399.0,70,2020-10-20,2026-07-20,0,N,kkhare@example.net,male
CUST00307,Triya Sidhu,51.0,,kolkata,Sikkim,Vi,,499.0,16,28/03/2025,07/07/2026,0,N,kotharikashvi@example.org,MALE
CUST00308,Yadavi Iyer,42.0,+91 76769 52366,AHMEDABAD,Goa,Airtel,Post-paid,1499.0,15,04/27/2025,20260717,0,N,abdul35@example.net,Female
CUST00309,mekhala koshy,40.0,,Nagpur,Tripura,Jio,,99.0,47,2022-09-10,07/05/2026,4,NO,wnagi@example.org,F
CUST00310,EESHA SAMA,54.0,6227284765,SURAT,Goa,BSNL,prepaid,199.0,77,20200324,13/06/2026,3,Y,swamynimrat@example.com,M
CUST00311,Turvi Mander,23.0,+912369036289,PUNE,Meghalaya,BSNL,Post-paid,999.0,71,20-09-2020,13/07/2026,1,NO,meghana70@example.org,F
CUST00312,mekhala ramakrishnan,37.0,+913034199097,Delhi,West Bengal,Vi,postpaid,,4,23-03-2026,13 Jul 2026,0,N,neelnanda@example.com,MALE
CUST00313,Patrick Rattan,55.0,91-79042-27113,NAGPUR,Bihar,Jio,Postpaid,1199.0,13,20250626,10 Jul 2026,0,,vshanker@example.org,female
CUST00314,Atharv Ratti,56.0,+912971024817,AHMEDABAD,Jharkhand,Vi,prepaid,499.0,38,07-06-2023,2026-07-15,0,0,pavanipillai@example.com,FEMALE
CUST00315,Unni Vora,44.0,2758955168,hyderabad,Jharkhand,Vi,POSTPAID,699.0,57,20211114,20260712,1,N,riyasur@example.com,M
CUST00316,Ekiya Das,23.0,7871121663,bangalore,Arunachal Pradesh,Vi,prepaid,199.0,49,20220712,2026-07-08,0,NO,nicholastandon@example.net,M
CUST00317,Zilmil Brahmbhatt,45.0,+913030644212,jaipur,Andhra Pradesh,BSNL,prepaid,299.0,19,12/28/2024,20260721,1,N,nimrat25@example.net,Male
CUST00318,Abhiram Acharya,48.0,,BHOPAL,Andhra Pradesh,Airtel,Prepaid,499.0,55,20220113,20260717,0,NO,uswaminathan@example.org,M
CUST00319,Maanav Thakur,26.0,91-91033-68296,bangalore,Assam,Jio,Postpaid,1199.0,64,2021-04-18,24-05-2026,5,Y,,male
CUST00320,Gabriel Pau,39.0,2765289286,jaipur,Tamil Nadu,BSNL,,719.0,84,20190827,2026-07-16,1,,vasana90@example.com,F
CUST00321,Eiravati Arya,60.0,06337861371,DELHI,Telangana,BSNL,,719.0,14,2025-05-27,12/07/2026,0,0,darpan65@example.org,male
CUST00322,Qadim Sachdev,51.0,+91 95529 63863,PATNA,Odisha,Vi,POSTPAID,799.0,54,12/02/2022,06/10/2026,2,Y,zaitraparsa@example.com,Male
CUST00323,Gaurangi Chaudhary,34.0,+912531106092,Pune,Nagaland,Jio,POSTPAID,799.0,56,12/14/2021,28-06-2026,2,0,handatanmayi@example.org,Female
CUST00324,Noah Chaudhry,55.0,+911791124421,HYDERABAD,Manipur,Jio,Prepaid,399.0,49,2022-07-12,07/17/2026,0,NO,ikbalagrawal@example.org,F
CUST00325,Lohit Sathe,58.0,+91 01557 99802,chennai,Madhya Pradesh,BSNL,Postpaid,1999.0,41,09 Mar 2023,19/07/2026,1,N,indrajitjohal@example.net,female
CUST00326,Ira Pillai,40.0,,,Maharashtra,Airtel,Pre-paid,199.0,42,07 Feb 2023,23/05/2026,3,Y,netrahayre@example.com,FEMALE
CUST00327,Tarak Nayar,40.0,,pune,Gujarat,BSNL,POSTPAID,999.0,77,24/03/2020,2026-07-12,0,,chaaya17@example.com,female
CUST00328,Ranveer Jha,32.0,,Kolkata,Manipur,Vi,,99.0,16,28-03-2025,21/07/2026,1,NO,basakamrita@example.net,FEMALE
CUST00329,Kamala Halder,59.0,09074260880,Ahmedabad,Nagaland,Vi,PREPAID,149.0,54,12-02-2022,26-06-2026,4,NO,qadim13@example.org,
CUST00330,Nachiket Nadig,25.0,91-91030-02156,Indore,Maharashtra,BSNL,postpaid,399.0,79,2020-01-24,2026-07-10,1,0,aarush31@example.net,M
CUST00331,Eiravati Mane,55.0,+91 25296 71883,DELHI,Jharkhand,Vi,prepaid,399.0,10,24/09/2025,12-07-2026,1,n,pooja55@example.org,female
CUST00332,Ethan Dash,42.0,+91 15398 85472,Jaipur,Chhattisgarh,Jio,Prepaid,149.0,10,09/24/2025,21 Jul 2026,0,N,rmore@example.net,MALE
CUST00333,Anya Dugar,25.0,+91 72407 87541,Chennai,Himachal Pradesh,Vi,Prepaid,199.0,55,13 Jan 2022,07/08/2026,0,NO,nshanker@example.net,F
CUST00334,Tanish Atwal,21.0,+911310094318,mumbai,Uttarakhand,BSNL,POST PAID,999.0,25,07/01/2024,20260625,4,0,hemani72@example.com,male
CUST00335,JOSHUA OOMMEN,50.0,9743251225,Amdavad,Uttarakhand,Jio,,499.0,27,02/05/2024,2026-07-10,1,N,ethan15@example.com,M
CUST00336,HIRAL DEVI,19.0,4388221145,lucknow,Tamil Nadu,BSNL,POST PAID,399.0,75,23-05-2020,18-07-2026,1,N,ekani29@example.org,female
CUST00337,andrew malhotra,54.0,+91 65313 61487,Patna,Nagaland,Airtel,postpaid,399.0,35,09/05/2023,10-06-2026,3,NO,neelima73@example.com,M
CUST00338,jagrati salvi,61.0,02849824741,Lucknow,Madhya Pradesh,Airtel,Postpaid,1999.0,56,2021-12-14,2026-07-09,1,n,bhargavajyoti@example.net,M
CUST00339,Yashawini Mitter,64.0,9143075366,Mumbai,Goa,Jio,postpaid,999.0,45,11/09/2022,13-07-2026,0,N,bahrinikita@example.org,Male
CUST00340,Chaaya Singhal,47.0,06612875857,surat,Arunachal Pradesh,Vi,Pre-paid,599.0,18,2025-01-27,07/17/2026,1,N,,Male
CUST00341,Tara Pai,,08701041591,LUCKNOW,Sikkim,Jio,postpaid,1199.0,75,23 May 2020,20260602,4,Y,kadetriveni@example.com,Female
CUST00342,Nirja Kala,18.0,91-93110-29181,Jaipur,Bihar,BSNL,PREPAID,299.0,18,2025-01-27,11-07-2026,0,n,rachit95@example.net,Male
CUST00343,ikbal sehgal,27.0,+91 32883 77441,bhopal,Chhattisgarh,Vi,prepaid,719.0,79,2020-01-24,07/12/2026,0,0,krishalanka@example.net,male
CUST00344,Yashica Sachdev,26.0,7402588358,Ahmedabad,Uttarakhand,BSNL,Prepaid,999.0,2,22-05-2026,11/07/2026,1,N,bajajfalan@example.net,male
CUST00345,Yoshita Kari,60.0,+912599599610,PATNA,Andhra Pradesh,Airtel,POSTPAID,1999.0,83,20190926,14/07/2026,0,,misrajanuja@example.com,Female
CUST00346,Xiti Karan,41.0,91-02517-62983,delhi,Himachal Pradesh,BSNL,,149.0,54,12/02/2022,20 Jun 2026,2,Y,bmore@example.com,Female
CUST00347,Faras Sood,22.0,+91 87339 78559,New Delhi,Andhra Pradesh,Airtel,Pre-paid,99.0,27,2024-05-02,07/07/2026,0,n,tristan29@example.com,male
CUST00348,Veda Dasgupta,34.0,+91 51241 89389,delhi,Telangana,BSNL,PREPAID,99.0,30,02 Feb 2024,16-07-2026,0,NO,gunbirbasu@example.net,M
CUST00349,Zinal Dass,60.0,+91 03719 90516,Kolkata,Andhra Pradesh,Vi,Post-paid,1199.0,26,2024-06-01,07/21/2026,0,NO,amaira13@example.net,female
CUST00350,Arjun Cheema,61.0,+918706626682,PUNE,Haryana,Vi,POST PAID,399.0,30,02/02/2024,2026-07-21,0,,vidhisaraf@example.org,F
CUST00351,manthan barad,26.0,4055934296,LUCKNOW,Tamil Nadu,Jio,PREPAID,839.0,53,14/03/2022,20260709,0,NO,okant@example.com,Female
CUST00352,Joshua Bera,21.0,,Amdavad,Maharashtra,Vi,Postpaid,999.0,71,09/20/2020,07/18/2026,1,n,knori@example.com,M
CUST00353,Wishi Mand,,+916670336268,ahmedabad,,Vi,prepaid,999.0,36,06-08-2023,08-07-2026,0,N,zansi38@example.org,Female
CUST00354,Xiti Raj,61.0,,Indore,Sikkim,Vi,PREPAID,599.0,80,25-12-2019,09/07/2026,0,N,pingleoeshi@example.org,male
CUST00355,DAMYANTI TANEJA,37.0,05427707070,KOLKATA,Uttar Pradesh,Airtel,POST PAID,999.0,79,2020-01-24,11 Jul 2026,1,,bhavsarzaid@example.org,F
CUST00356,Damini Bali,21.0,,ahmedabad,Odisha,Vi,PREPAID,399.0,36,06-08-2023,2026-07-19,0,NO,unnatiseth@example.org,female
CUST00357,CHAVVI SOLANKI,45.0,+91 20595 56574,Delhi,Karnataka,BSNL,PREPAID,839.0,15,27 Apr 2025,,4,0,tarazashil@example.net,female
CUST00358,Aahana Narang,32.0,+91 98681 80978,jaipur,Sikkim,Jio,Postpaid,399.0,49,12/07/2022,19-07-2026,1,N,rameshadvika@example.org,female
CUST00359,Luke Lad,46.0,03928369294,nagpur,Chhattisgarh,Jio,PREPAID,599.0,57,14/11/2021,20260716,0,n,chakrika20@example.org,Female
CUST00360,Frederick Bhandari,19.0,91-12886-65268,PATNA,Madhya Pradesh,BSNL,prepaid,199.0,2,22 May 2026,2026-06-20,5,NO,tchakraborty@example.org,M
CUST00361,Chameli Deep,64.0,8120995765,New Delhi,Himachal Pradesh,BSNL,POST PAID,1999.0,53,14/03/2022,15-07-2026,1,0,,
CUST00362,Libni Bath,64.0,08499515421,patna,Nagaland,Vi,Postpaid,1499.0,42,07-02-2023,2026-07-19,0,N,shethranbir@example.net,male
CUST00363,Tanvi Jani,49.0,00534967827,Bengaluru,Telangana,Jio,PREPAID,839.0,71,20-09-2020,21/07/2026,0,,gbhalla@example.com,F
CUST00364,nilima nazareth,62.0,91-06185-38003,KOLKATA,Manipur,Jio,Prepaid,499.0,10,24/09/2025,15/06/2026,4,,olad@example.org,male
CUST00365,azad hans,62.0,,BENGALURU,Uttar Pradesh,Airtel,,299.0,67,01/18/2021,02/07/2026,5,NO,kalitaprisha@example.org,male
CUST00366,Xiti Palla,48.0,+917963044836,pune,Telangana,Vi,postpaid,1499.0,32,12/04/2023,2026-06-07,4,n,yochana42@example.org,Female
CUST00367,Gautam Mangal,39.0,+91 80061 55810,Calcutta,Sikkim,Vi,Prepaid,599.0,58,10/15/2021,26/06/2026,3,N,indira93@example.com,Male
CUST00368,Anmol Johal,51.0,06702440330,PATNA,Telangana,Vi,Post-paid,799.0,53,20220314,2026-07-18,0,N,,
CUST00369,Oliver Vaidya,38.0,00447314976,nagpur,Mizoram,Airtel,Post-paid,699.0,2,20260522,30/05/2026,5,Y,kmisra@example.net,FEMALE
CUST00370,Maanav Borra,48.0,91-45211-82379,Nagpur,Odisha,Vi,POST PAID,499.0,70,20 Oct 2020,2026-07-12,0,0,ekani23@example.com,male
CUST00371,Harini Savant,53.0,+918753577881,PUNE,Sikkim,Vi,Post-paid,399.0,20,,2026-07-12,1,N,dharbalhaar@example.org,FEMALE
CUST00372,Om Ratta,18.0,06448595922,BHOPAL,Himachal Pradesh,Airtel,PRE PAID,719.0,55,13 Jan 2022,06/03/2026,5,Y,tamannachakraborty@example.net,female
CUST00373,XALAK KAPOOR,18.0,+91 33187 51097,Patna,Arunachal Pradesh,Jio,,719.0,68,20201219,,3,Y,raurajeshri@example.com,male
CUST00374,Amruta Bir,31.0,+91 49128 96599,bhopal,Jharkhand,Vi,POST PAID,1499.0,48,11/08/2022,,0,N,kbhatt@example.net,Female
CUST00375,Jack Chakraborty,45.0,05481386667,delhi,Himachal Pradesh,Jio,prepaid,719.0,22,29/09/2024,20260716,0,N,vrishtiradhakrishnan@example.com,Male
CUST00376,Arunima Memon,47.0,91-56398-36520,bhopal,Manipur,BSNL,Postpaid,,63,2021-05-18,13-07-2026,1,n,chakrika99@example.com,M
CUST00377,dayamai kara,54.0,+917977278105,LUCKNOW,Sikkim,Airtel,Postpaid,999.0,83,26/09/2019,2026-07-15,0,n,,M
CUST00378,Ayushman Master,41.0,6601382412,Kolkata,Uttar Pradesh,Vi,Prepaid,999.0,25,20240701,2026-07-16,1,NO,xalak23@example.com,
CUST00379,jalsa thakkar,64.0,05902035713,Calcutta,Rajasthan,Vi,,999.0,60,20210816,20-07-2026,1,N,sgarde@example.org,female
CUST00380,JACK BAJWA,40.0,91-58720-96289,PUNE,Meghalaya,Jio,,299.0,35,20230905,18 Jun 2026,4,n,mangatbhavini@example.org,male
CUST00381,Ojasvi Sastry,26.0,91-55969-05150,DELHI,Bihar,Vi,prepaid,719.0,28,02-04-2024,07/07/2026,0,,kotharinihal@example.com,M
CUST00382,Jhalak Patla,,91-38166-49690,Amdavad,Punjab,BSNL,POST PAID,1999.0,52,13/04/2022,17 Jul 2026,1,,dtandon@example.net,Male
CUST00383,Ayushman Saini,60.0,91-24412-33613,SURAT,Kerala,Airtel,postpaid,,12,2025-07-26,20260719,1,0,pparekh@example.com,Female
CUST00384,Chanakya Om,43.0,91-46968-15790,PATNA,Karnataka,BSNL,Postpaid,799.0,60,2021-08-16,07/20/2026,1,NO,vasudha59@example.com,Female
CUST00385,Nilima Choudhury,36.0,+917046226817,bangalore,Meghalaya,Jio,POSTPAID,799.0,6,2026-01-22,20/07/2026,1,0,choudhurysamarth@example.com,MALE
CUST00386,Rudra Ahluwalia,56.0,+91 78575 85126,surat,Arunachal Pradesh,Airtel,POSTPAID,1499.0,63,20210518,21/07/2026,1,0,nmistry@example.com,FEMALE
CUST00387,Michael Bose,34.0,04084245607,pune,Haryana,BSNL,PRE PAID,99.0,37,07 Jul 2023,05/06/2026,5,Y,nimrat82@example.org,
CUST00388,Praneel Kohli,64.0,9701550291,NCR,Jharkhand,Jio,PREPAID,719.0,82,26-10-2019,2026-07-17,1,0,vnigam@example.com,male
CUST00389,Zaitra Choudhary,45.0,2480962440,Nagpur,,BSNL,Pre-paid,299.0,15,04/27/2025,20260717,0,N,aishanisankar@example.com,Female
CUST00390,Sai Bains,52.0,91-80555-57277,Madras,Gujarat,Vi,prepaid,149.0,29,03 Mar 2024,20260710,1,,xbiswas@example.net,female
CUST00391,Niharika Borah,57.0,6604873682,NCR,Odisha,Vi,PREPAID,399.0,39,2023-05-08,14/07/2026,1,N,handawakeeta@example.org,MALE
CUST00392,Fiyaz Uppal,61.0,5888636774,Jaipur,Chhattisgarh,Vi,Postpaid,1499.0,28,,07/17/2026,1,n,wparsa@example.net,F
CUST00393,Rayaan Chand,23.0,+916059329715,PUNE,Uttarakhand,BSNL,Postpaid,799.0,53,14-03-2022,12/07/2026,0,NO,ekantikakhalsa@example.net,Female
CUST00394,Janaki Wadhwa,29.0,,KOLKATA,Uttarakhand,Vi,Pre-paid,99.0,9,10/24/2025,20260607,5,Y,vsathe@example.org,
CUST00395,Pratyush Barman,58.0,,nagpur,West Bengal,BSNL,Prepaid,99.0,62,2021-06-17,20260715,0,n,,FEMALE
CUST00396,Zinal Mannan,26.0,,indore,Kerala,Vi,Pre-paid,399.0,44,20221209,16 Jul 2026,1,n,david68@example.com,MALE
CUST00397,Sanya Suri,51.0,9252985856,Hyd,Maharashtra,Airtel,Pre-paid,999.0,28,2024-04-02,2026-07-12,0,n,ravalishaan@example.net,male
CUST00398,Jacob Narayan,58.0,08335061581,Chennai,Tripura,Jio,PREPAID,999.0,36,06/08/2023,20260709,0,NO,yashvi11@example.com,Female
CUST00399,Chandran Varghese,37.0,,Chennai,Haryana,Jio,POSTPAID,999.0,6,2026-01-22,20/07/2026,0,N,viswanathanwahab@example.com,male
CUST00400,Amaira Narayanan,35.0,02587844483,lucknow,Andhra Pradesh,BSNL,PRE PAID,719.0,15,27/04/2025,18-07-2026,1,N,caleb14@example.net,
CUST00401,Farhan Munshi,58.0,2313348458,Ahmedabad,Odisha,Jio,POST PAID,499.0,23,30-08-2024,07/11/2026,1,N,bajwaleela@example.com,Male
CUST00402,Ladli Bansal,37.0,+914555746966,lucknow,Haryana,Vi,Pre-paid,719.0,67,01/18/2021,2026-07-09,1,n,vasudha19@example.com,Female
CUST00403,Qadim Char,31.0,+917411325797,CHENNAI,West Bengal,Vi,Post-paid,399.0,48,11 Aug 2022,2026-07-09,1,n,,female
CUST00404,Vinaya Dua,27.0,+91 94938 17359,hyderabad,Uttarakhand,BSNL,postpaid,499.0,37,2023-07-07,20260707,0,n,kamala64@example.org,female
CUST00405,Ganga Gill,63.0,+919021666708,BHOPAL,West Bengal,BSNL,POST PAID,699.0,28,02 Apr 2024,18-07-2026,1,n,nicholaschad@example.org,FEMALE
CUST00406,Ladli Luthra,23.0,+917931647725,Hyd,Maharashtra,Airtel,postpaid,499.0,10,20250924,07/09/2026,0,,saumya71@example.net,MALE
CUST00407,Henry Choudhry,38.0,+913959232342,Lucknow,Kerala,Airtel,POSTPAID,1499.0,80,2019-12-25,22-06-2026,4,n,yamini19@example.net,Female
CUST00408,Upadhriti Bir,25.0,91-60736-07763,CHENNAI,Karnataka,Jio,POSTPAID,999.0,55,13 Jan 2022,2026-06-23,4,Y,bhavya09@example.net,Female
CUST00409,Neel Gupta,18.0,,Delhi,Meghalaya,Vi,Post-paid,1499.0,41,,20260701,4,,lavanyasarin@example.com,female
CUST00410,unnati doshi,56.0,,Bombay,Gujarat,Jio,PREPAID,999.0,23,,06/03/2026,3,Y,ayushhora@example.net,male
CUST00411,aditya talwar,42.0,+918221053161,lucknow,Jharkhand,Airtel,Post-paid,1199.0,4,23/03/2026,20260606,2,NO,,FEMALE
CUST00412,Irya Radhakrishnan,54.0,+913822311649,Amdavad,Odisha,Jio,Postpaid,1199.0,42,20230207,20260711,0,0,manivihaan@example.com,
CUST00413,Aarav Seth,,91-03265-09775,LUCKNOW,Madhya Pradesh,Jio,POST PAID,1499.0,42,02/07/2023,19 Jul 2026,0,0,naikrobert@example.org,male
CUST00414,dayamai bobal,39.0,+914156082137,Surat,Haryana,Vi,postpaid,999.0,24,07/31/2024,2026-07-08,1,,riabalakrishnan@example.com,
CUST00415,Kashish Ramakrishnan,51.0,,,West Bengal,Jio,Postpaid,799.0,19,28/12/2024,18 Jul 2026,1,,lakshmimane@example.com,Female
CUST00416,Rachit Biswas,,91-48439-91062,HYDERABAD,Haryana,BSNL,Prepaid,599.0,38,06/07/2023,15/07/2026,1,0,maniumang@example.com,female
CUST00417,Udyati Aggarwal,,+911848197374,NCR,Nagaland,Vi,Pre-paid,599.0,18,20250127,30-05-2026,3,Y,qshah@example.com,M
CUST00418,Udyati Nigam,64.0,09537660144,pune,Meghalaya,Airtel,postpaid,1999.0,81,2019-11-25,07/19/2026,1,n,uppaldayamai@example.net,FEMALE
CUST00419,Yash Chokshi,,1919113599,CHENNAI,Bihar,Vi,POSTPAID,1999.0,14,05/27/2025,08 Jul 2026,1,,,MALE
CUST00420,anusha sagar,47.0,,BHOPAL,Rajasthan,Airtel,Postpaid,699.0,28,02 Apr 2024,20260615,2,Y,rajagopalbhanumati@example.org,female
CUST00421,Aarush Kunda,64.0,06597263475,indore,Karnataka,BSNL,Prepaid,499.0,12,2025-07-26,13-07-2026,0,n,shahnisha@example.com,
CUST00422,Maya Pal,43.0,91-61499-15370,Hyd,Madhya Pradesh,BSNL,prepaid,,80,20191225,01/07/2026,5,NO,mitalshivani@example.org,FEMALE
CUST00423,Jack Zachariah,30.0,08969645465,Surat,Tamil Nadu,Jio,prepaid,399.0,2,22-05-2026,20260705,5,0,vedika39@example.org,
CUST00424,Dayamai Agarwal,53.0,3749079779,Lucknow,West Bengal,Airtel,Prepaid,,65,20210319,20-07-2026,0,n,janakitara@example.com,Male
CUST00425,Charvi Dutt,26.0,91-37484-53986,NCR,Madhya Pradesh,Airtel,POST PAID,999.0,36,,20260710,0,,dakshamallick@example.org,F
CUST00426,Sanaya Setty,29.0,0715116966,INDORE,Sikkim,Airtel,prepaid,599.0,68,19/12/2020,10-07-2026,0,NO,bachittar65@example.com,Male
CUST00427,zansi prabhakar,,+919080512080,hyderabad,Manipur,Jio,POSTPAID,1199.0,30,02-02-2024,11/07/2026,0,n,hbasak@example.net,FEMALE
CUST00428,Lucky Panchal,29.0,,Bangalore,Manipur,Vi,Prepaid,199.0,13,26 Jun 2025,12 Jul 2026,0,0,tbala@example.org,FEMALE
CUST00429,Balhaar Pal,,,PATNA,Gujarat,BSNL,POST PAID,499.0,15,27/04/2025,16/07/2026,0,NO,edwinbarkha@example.net,MALE
CUST00430,Manya Loyal,36.0,,pune,Haryana,BSNL,POST PAID,,11,08/25/2025,30 Jun 2026,4,,,MALE
CUST00431,Qabil Hayre,54.0,0063140352,Nagpur,Haryana,Vi,Pre-paid,299.0,6,22/01/2026,25-06-2026,3,N,lucky80@example.org,MALE
CUST00432,Avi Mohan,30.0,,Surat,Madhya Pradesh,Jio,Post-paid,999.0,84,27/08/2019,21-07-2026,1,0,wghosh@example.net,MALE
CUST00433,Darsh Bal,49.0,+918077113062,Hyderabad,Mizoram,Vi,POST PAID,999.0,73,07/22/2020,2026-06-29,5,NO,tchauhan@example.org,
CUST00434,Umang Sharaf,30.0,00662481323,INDORE,Gujarat,Jio,PREPAID,99.0,41,09/03/2023,19-07-2026,1,n,sanaya08@example.com,Male
CUST00435,Girik Chaudhry,38.0,+912130609069,Jaipur,Manipur,Airtel,POSTPAID,499.0,15,20250427,07/13/2026,0,,aachalsibal@example.net,MALE
CUST00436,Reyansh Dhar,52.0,03242642506,Hyd,,BSNL,Post-paid,1999.0,31,03/01/2024,16/07/2026,1,0,nairagastya@example.com,female
CUST00437,Urishilla Krish,43.0,+91 83333 93957,CHENNAI,Gujarat,BSNL,postpaid,1999.0,54,2022-02-12,07/14/2026,1,0,leela88@example.net,MALE
CUST00438,Harita Gokhale,19.0,6924926932,mumbai,Madhya Pradesh,Jio,,839.0,44,09-12-2022,11 Jul 2026,1,,parmarsai@example.org,M
CUST00439,Chasmum Krishnan,65.0,,Surat,Madhya Pradesh,Airtel,PREPAID,99.0,11,25/08/2025,2026-07-03,4,n,basuchatura@example.org,MALE
CUST00440,Orinder Chopra,42.0,+917209579927,BENGALURU,Punjab,Vi,POST PAID,499.0,32,2023-12-04,2026-07-19,1,N,ranaekta@example.com,male
CUST00441,Vrishti Chauhan,,9625438480,surat,Maharashtra,Jio,POSTPAID,799.0,15,27-04-2025,07/16/2026,1,N,dsengupta@example.com,male
CUST00442,Wridesh Issac,48.0,00465586652,NAGPUR,Arunachal Pradesh,Airtel,Postpaid,399.0,43,01/08/2023,2026-05-28,2,N,bhavani98@example.org,female
CUST00443,Robert Ram,23.0,+91 00591 29751,Bhopal,Haryana,Airtel,Prepaid,149.0,17,2025-02-26,20260625,4,Y,jack00@example.com,M
CUST00444,Pooja Sandhu,49.0,91-27490-72801,Poona,Rajasthan,Jio,PRE PAID,149.0,7,2025-12-23,2026-07-11,0,0,darafiyaz@example.org,female
CUST00445,Hemang Banerjee,65.0,+91 04421 01750,indore,Madhya Pradesh,Jio,,999.0,51,20220513,15 Jul 2026,1,NO,jagratisathe@example.net,female
CUST00446,Logan Ravi,38.0,3392056775,nagpur,Meghalaya,Vi,Pre-paid,719.0,41,03/09/2023,2026-07-09,1,n,pvala@example.com,female
CUST00447,Hiral More,,+91 72453 07624,pune,Telangana,BSNL,Pre-paid,99.0,47,09/10/2022,08/07/2026,0,NO,xchahal@example.net,M
CUST00448,Ayaan Gopal,44.0,+91 42549 69192,kolkata,Rajasthan,Airtel,prepaid,719.0,42,07-02-2023,07/19/2026,0,,,FEMALE
CUST00449,Krish Naidu,54.0,+91 32593 99337,KOLKATA,Karnataka,Jio,postpaid,1199.0,27,02/05/2024,2026-07-07,1,0,erandhawa@example.com,FEMALE
CUST00450,Faris Bhatti,48.0,00559782457,LUCKNOW,Kerala,Airtel,Postpaid,1499.0,58,15 Oct 2021,09-07-2026,1,NO,uwali@example.org,Female
CUST00451,Priya Dalal,,6157276829,jaipur,Manipur,Jio,postpaid,1499.0,49,12 Jul 2022,08/07/2026,0,n,hjha@example.net,female
CUST00452,Rushil Saraf,59.0,+912590459908,Bombay,Uttar Pradesh,Airtel,PREPAID,839.0,42,07/02/2023,19/07/2026,1,0,,female
CUST00453,WATIKA DEVAN,44.0,91-62813-72143,Kolkata,Tamil Nadu,Airtel,POST PAID,,53,20220314,2026-07-14,1,,,Female
CUST00454,Yuvraj Kara,19.0,6810390339,Bengaluru,Meghalaya,Vi,PREPAID,599.0,42,07/02/2023,11/07/2026,1,N,ftaneja@example.com,male
CUST00455,Xalak Karnik,25.0,7079863210,Hyderabad,Bihar,BSNL,Postpaid,799.0,21,20241029,20260717,1,NO,hardikchacko@example.net,male
CUST00456,Harsh Yadav,31.0,5376576927,kolkata,Madhya Pradesh,Airtel,Postpaid,799.0,83,2019-09-26,07 Jul 2026,1,NO,,M
CUST00457,Ati Chatterjee,45.0,05146040142,HYDERABAD,Madhya Pradesh,Vi,Prepaid,599.0,57,20211114,07/19/2026,0,N,nimrat54@example.org,F
CUST00458,Girish Som,22.0,+916007676209,,Tripura,BSNL,prepaid,839.0,75,23/05/2020,2026-07-21,1,N,annetimothy@example.org,Female
CUST00459,Hemani Rattan,32.0,00451957782,chennai,Tripura,Airtel,POST PAID,399.0,84,27-08-2019,08 Jul 2026,1,,unnatiramachandran@example.net,FEMALE
CUST00460,Ojas Swamy,40.0,,Calcutta,Rajasthan,Jio,POST PAID,1499.0,64,18/04/2021,07/15/2026,0,,,MALE
CUST00461,Lavanya Aggarwal,49.0,91-58686-39561,PATNA,Tripura,Airtel,Prepaid,149.0,67,18/01/2021,17 Jul 2026,0,NO,wwable@example.net,FEMALE
CUST00462,TARA LAD,19.0,+913211471656,,Gujarat,Vi,prepaid,599.0,31,01/03/2024,07/18/2026,0,NO,tailoramruta@example.net,M
CUST00463,Sara Sahni,45.0,+91 95706 07174,Surat,Tripura,Airtel,POSTPAID,1199.0,64,18/04/2021,07/17/2026,1,0,,male
CUST00464,Saanvi Minhas,50.0,91-49680-49187,jaipur,Tamil Nadu,Jio,Postpaid,1499.0,79,01/24/2020,24/05/2026,3,N,zachariazehaan@example.net,F
CUST00465,FARIS DUBEY,29.0,+91 97371 12229,Chennai,Mizoram,BSNL,postpaid,399.0,32,20231204,20260710,0,0,vasana46@example.com,
CUST00466,ANDREW SARIN,34.0,+91 57683 21021,New Delhi,Goa,BSNL,Post-paid,999.0,5,21 Feb 2026,2026-07-10,1,N,mandalthomas@example.org,Male
CUST00467,nakul more,21.0,91-01849-80425,lucknow,Punjab,Airtel,Postpaid,399.0,72,21/08/2020,06/27/2026,4,Y,ivasa@example.net,
CUST00468,Upadhriti Prashad,44.0,91-53460-60560,BHOPAL,Chhattisgarh,Jio,prepaid,839.0,17,26/02/2025,02/07/2026,5,N,janujamerchant@example.net,
CUST00469,ANDREW CHAD,22.0,+91 20546 47548,patna,Nagaland,Jio,Post-paid,999.0,31,20240103,20 Jul 2026,1,,abhimanyu61@example.org,Male
CUST00470,Vinaya Gaba,36.0,+91 35539 35435,AHMEDABAD,Arunachal Pradesh,Airtel,POST PAID,1199.0,63,18 May 2021,12/07/2026,0,n,radhikaratta@example.net,male
CUST00471,Sai Maharaj,58.0,02753674978,Madras,Madhya Pradesh,Vi,POSTPAID,1999.0,27,02 May 2024,2026-07-19,0,n,,male
CUST00472,GAURANGI CHAUHAN,45.0,+917917665122,patna,Gujarat,BSNL,POSTPAID,999.0,71,2020-09-20,15-07-2026,0,n,jacobhans@example.com,F
CUST00473,Finn Tailor,56.0,91-48532-08953,patna,Manipur,Jio,POST PAID,,6,22 Jan 2026,15-06-2026,4,Y,abhiramsarin@example.net,F
CUST00474,tamanna mohan,60.0,9967331167,New Delhi,Tamil Nadu,BSNL,Pre-paid,299.0,29,2024-03-03,19-07-2026,0,NO,ramanathanojas@example.org,FEMALE
CUST00475,Hitesh Chakraborty,22.0,,pune,Bihar,Vi,Post-paid,1999.0,3,2026-04-22,15 Jul 2026,1,,gnagy@example.com,F
CUST00476,Hardik Khanna,23.0,,Amdavad,Meghalaya,BSNL,Pre-paid,499.0,74,2020-06-22,21/07/2026,1,0,,
CUST00477,Ira Bhavsar,32.0,+91 28131 90924,MUMBAI,Kerala,Airtel,Postpaid,999.0,68,19/12/2020,2026-07-17,0,0,,F
CUST00478,Siddharth Mital,18.0,+912480880622,HYDERABAD,Arunachal Pradesh,Airtel,Prepaid,839.0,60,16-08-2021,10-07-2026,0,NO,guptabachittar@example.org,FEMALE
CUST00479,OMISHA BOSE,47.0,+91 76886 87859,,Punjab,Jio,Pre-paid,999.0,21,10/29/2024,07/20/2026,1,NO,ganga89@example.com,M
CUST00480,ranbir sarin,49.0,91-03627-92463,Chennai,Nagaland,Vi,Pre-paid,149.0,39,20230508,15/07/2026,1,0,lakshmikhalsa@example.net,MALE
CUST00481,Sachi Radhakrishnan,45.0,91-45887-07155,mumbai,Andhra Pradesh,Jio,Prepaid,,82,20191026,21-07-2026,1,0,,
CUST00482,Kamala Guha,21.0,+919177680898,Madras,Sikkim,Airtel,Post-paid,1499.0,58,20211015,12-07-2026,1,n,umane@example.com,Female
CUST00483,Abdul Buch,27.0,91-94301-20471,DELHI,Uttar Pradesh,Vi,Postpaid,799.0,51,2022-05-13,17-06-2026,2,NO,jack84@example.org,female
CUST00484,Ekansh Kohli,56.0,,bhopal,Manipur,Vi,POST PAID,1199.0,74,2020-06-22,16 Jul 2026,0,,rudra28@example.com,Female
CUST00485,Anjali Gola,39.0,91-32971-50666,patna,Madhya Pradesh,BSNL,PREPAID,149.0,20,28-11-2024,07/13/2026,1,0,ekiyamohanty@example.net,MALE
CUST00486,Devika Memon,42.0,+911110286712,Lucknow,Andhra Pradesh,BSNL,PREPAID,299.0,56,14-12-2021,20260712,0,n,ishani26@example.org,F
CUST00487,ARYAN CHHABRA,30.0,06714949819,Bombay,Odisha,Vi,PRE PAID,149.0,43,20230108,05/30/2026,2,,falguni15@example.com,male
CUST00488,Baghyawati Chaudry,44.0,+913453372201,MUM,Telangana,Vi,Postpaid,1999.0,21,29/10/2024,16-07-2026,1,n,indira62@example.org,female
CUST00489,Yagnesh Chawla,41.0,,lucknow,Bihar,BSNL,prepaid,599.0,56,20211214,05/26/2026,4,NO,yashbera@example.org,Male
CUST00490,Adya Bhat,56.0,04326005595,Mumbai,Odisha,Vi,PRE PAID,149.0,54,20220212,20260716,0,N,neelima00@example.org,male
CUST00491,Anirudh Sarraf,36.0,+91 69176 79935,Jaipur,Uttarakhand,Jio,postpaid,399.0,56,14/12/2021,10 Jul 2026,1,,abandi@example.com,male
CUST00492,RANVEER PARMAR,35.0,+91 86084 90793,MUM,Tamil Nadu,Airtel,PREPAID,719.0,29,03/03/2024,06-07-2026,5,Y,deolnilima@example.net,Female
CUST00493,Laban Amble,28.0,+91 46263 25144,MUM,Sikkim,Airtel,POSTPAID,799.0,43,2023-01-08,2026-07-21,0,NO,janujabains@example.org,male
CUST00494,William Balakrishnan,35.0,+915152638409,Bengaluru,Karnataka,BSNL,prepaid,149.0,44,09 Dec 2022,20260708,1,,sudikshabadal@example.net,female
CUST00495,Krishna Sagar,60.0,91-78765-53007,Bhopal,Kerala,BSNL,POSTPAID,1499.0,14,20250527,20260624,5,N,nkonda@example.net,female
CUST00496,Gabriel Parsa,53.0,+915190534864,Bhopal,Tripura,Airtel,postpaid,499.0,18,20250127,07/13/2026,0,,okibe@example.org,male
CUST00497,Gaurang Dugar,63.0,02899151145,Kolkata,Himachal Pradesh,Airtel,Postpaid,1199.0,68,2020-12-19,17 Jun 2026,4,N,senguptasaanvi@example.net,F
CUST00498,BISHAKHA DHALIWAL,39.0,00211901707,indore,Jharkhand,Vi,postpaid,1499.0,13,26/06/2025,21/07/2026,1,0,baghyawati04@example.net,F
CUST00499,Aayush Merchant,54.0,+91 37830 63963,surat,Madhya Pradesh,BSNL,Pre-paid,199.0,28,02 Apr 2024,24/05/2026,3,N,wyatt97@example.net,F
CUST00500,Edhitha Khare,59.0,03203301623,Nagpur,Goa,Vi,Postpaid,1999.0,83,2019-09-26,29-06-2026,5,n,zmore@example.org,Male
CUST00501,Zinal Ratti,27.0,5337746040,BENGALURU,Sikkim,Vi,PREPAID,599.0,42,07/02/2023,13-07-2026,1,0,sainiishita@example.com,male
CUST00502,Yochana Andra,35.0,6427372037,Bangalore,Madhya Pradesh,Airtel,POST PAID,499.0,61,2021-07-17,16-07-2026,1,NO,oommenyahvi@example.net,F
CUST00503,Indali Natarajan,33.0,08998278020,HYDERABAD,West Bengal,BSNL,POSTPAID,499.0,3,20260422,07/07/2026,0,NO,jagvitiwari@example.com,male
CUST00504,Neelima Dixit,,+915573857368,LUCKNOW,Mizoram,BSNL,PRE PAID,999.0,78,2020-02-23,07/20/2026,1,0,kavyade@example.org,F
CUST00505,Azad Mane,35.0,+91 73153 91149,,Tamil Nadu,Jio,Postpaid,799.0,29,03 Mar 2024,20260630,2,Y,yugshetty@example.org,FEMALE
CUST00506,BHAVANI BARIA,62.0,91-57820-19043,Bhopal,Punjab,BSNL,PREPAID,149.0,43,08/01/2023,30-05-2026,3,n,charankashyap@example.org,FEMALE
CUST00507,sara karnik,28.0,91-02508-26112,Chennai,Meghalaya,Airtel,PREPAID,299.0,16,28/03/2025,09 Jul 2026,1,0,zashilmittal@example.net,
CUST00508,Amol Kaul,38.0,+913036468719,PATNA,Haryana,BSNL,POSTPAID,799.0,21,2024-10-29,07/15/2026,0,,kulkarniakshay@example.net,Male
CUST00509,niharika sem,51.0,91-44582-20673,Bombay,Manipur,Jio,PREPAID,299.0,17,2025-02-26,20260713,0,NO,imaran60@example.com,female
CUST00510,Rishi Dalal,23.0,,Ahmedabad,Arunachal Pradesh,Vi,prepaid,99.0,44,09 Dec 2022,06-07-2026,2,N,amaira49@example.net,F
CUST00511,Samar Bhatia,50.0,+91 05670 86700,Jaipur,,BSNL,prepaid,719.0,37,20230707,09-07-2026,0,NO,minhasyamini@example.org,male
CUST00512,Pushti Patel,,91-42960-80706,Jaipur,Sikkim,BSNL,PRE PAID,999.0,49,2022-07-12,20260610,3,,manbirgour@example.net,
CUST00513,Gayathri Master,53.0,0442877383,,Karnataka,Airtel,PRE PAID,399.0,8,23/11/2025,2026-07-07,0,0,dakshwali@example.net,MALE
CUST00514,Kala Sama,26.0,08631441706,LUCKNOW,Karnataka,Jio,postpaid,999.0,67,18-01-2021,2026-07-19,0,NO,vrinda65@example.net,Female
CUST00515,Zayan Ramanathan,35.0,,NAGPUR,Haryana,Vi,postpaid,699.0,70,10/20/2020,20260708,0,N,,female
CUST00516,Pratyush Sachdev,55.0,1632111978,Mumbai,Meghalaya,Airtel,POST PAID,799.0,38,2023-06-07,23/06/2026,3,n,jbedi@example.com,Male
CUST00517,Siya Ramakrishnan,50.0,91-56178-68800,Poona,Bihar,Jio,POSTPAID,1499.0,6,01/22/2026,10/07/2026,0,N,noah83@example.com,
CUST00518,Gaurav Batra,56.0,+916093659520,patna,Jharkhand,Jio,PREPAID,499.0,49,12 Jul 2022,10 Jul 2026,1,n,pallavictor@example.net,Female
CUST00519,Nitesh Hora,31.0,+918213745561,pune,Tamil Nadu,Vi,postpaid,699.0,4,20260323,15-07-2026,0,NO,ichowdhury@example.org,female
CUST00520,Lakshmi Bajwa,26.0,+910030835669,Chennai,Punjab,BSNL,Post-paid,1499.0,55,13/01/2022,10/07/2026,0,,vanyaben@example.net,male
CUST00521,Faras Gaba,49.0,08293844013,PATNA,,Vi,POST PAID,1499.0,7,23-12-2025,07/19/2026,1,,karanreva@example.com,
CUST00522,Osha Raval,,+910859914492,NAGPUR,Uttarakhand,BSNL,prepaid,299.0,6,22 Jan 2026,13 Jun 2026,2,Y,brijesh87@example.net,MALE
CUST00523,Lakshit Handa,58.0,+91 32591 40849,Indore,Mizoram,Vi,Postpaid,1999.0,71,20/09/2020,03/06/2026,4,Y,shivansh90@example.com,MALE
CUST00524,Yug Tata,44.0,00723483893,pune,Nagaland,BSNL,PRE PAID,99.0,80,2019-12-25,14-07-2026,0,0,echaudhari@example.net,female
CUST00525,Onkar Jani,61.0,+914186965613,PUNE,Goa,Jio,PREPAID,999.0,73,22/07/2020,21 Jul 2026,0,0,choudhurybina@example.net,female
CUST00526,Jairaj Sengupta,50.0,0027300869,patna,Tamil Nadu,Vi,PREPAID,399.0,25,07/01/2024,2026-07-19,0,,,Female
CUST00527,Anay Tailor,65.0,,bhopal,Sikkim,Airtel,postpaid,499.0,7,12/23/2025,21-07-2026,1,N,kashvizacharia@example.com,M
CUST00528,CHAKRADHAR SWAMINATHAN,23.0,7760299140,NAGPUR,Manipur,Jio,postpaid,1499.0,52,13/04/2022,2026-07-12,0,n,ajha@example.com,female
CUST00529,Warhi Radhakrishnan,28.0,,kolkata,Manipur,Jio,Pre-paid,599.0,45,11/09/2022,02/06/2026,2,NO,sekhonkrishna@example.net,
CUST00530,Jackson Mahal,,1644037341,HYDERABAD,Arunachal Pradesh,Vi,Postpaid,399.0,76,04/23/2020,19/07/2026,1,N,varkeyradha@example.com,F
CUST00531,Simon Sandal,44.0,+918579736383,MUM,Meghalaya,Airtel,,999.0,63,18-05-2021,07/19/2026,0,NO,sraj@example.com,M
CUST00532,Gavin Butala,27.0,,ahmedabad,Goa,BSNL,Postpaid,1999.0,16,20250328,21-07-2026,1,0,hkurian@example.net,FEMALE
CUST00533,Aadhya Shenoy,43.0,+91 90898 43699,patna,Meghalaya,Vi,PREPAID,999.0,52,2022-04-13,2026-07-02,3,Y,varenya54@example.org,Female
CUST00534,Pooja Devi,59.0,91-57887-07152,SURAT,Karnataka,Vi,Post-paid,999.0,65,20210319,17 Jul 2026,1,,vivaankhanna@example.net,MALE
CUST00535,Jack Subramanian,54.0,,INDORE,Mizoram,Airtel,PRE PAID,,81,20191125,13/07/2026,1,0,bailimaran@example.org,male
CUST00536,YUVRAJ DEVAN,61.0,4825544286,PATNA,Meghalaya,Vi,Prepaid,599.0,50,12-06-2022,16/07/2026,1,,bansalganga@example.org,Male
CUST00537,Rachana Swamy,61.0,91-52857-25629,surat,Meghalaya,BSNL,Postpaid,799.0,29,03 Mar 2024,20260707,0,n,tpal@example.org,Female
CUST00538,Zayan Agate,19.0,+91 74430 34918,Bhopal,Chhattisgarh,BSNL,PREPAID,499.0,48,11/08/2022,26 May 2026,5,0,harrison26@example.com,female
CUST00539,ZANSI SAMRA,36.0,5531325936,LUCKNOW,Manipur,Vi,PRE PAID,149.0,5,02/21/2026,2026-07-18,1,n,,male
CUST00540,Upkaar Misra,62.0,91-78092-70452,BHOPAL,Odisha,Airtel,prepaid,149.0,37,07-07-2023,06/14/2026,3,,nedwin@example.com,female
CUST00541,Aarna Dhillon,39.0,+91 48596 55942,Bhopal,Andhra Pradesh,BSNL,POST PAID,1999.0,69,20201119,08-07-2026,0,NO,,M
CUST00542,Alka Garde,25.0,,PATNA,Haryana,Airtel,,399.0,20,28-11-2024,18 Jul 2026,0,N,libni86@example.net,MALE
CUST00543,Rajata Ranganathan,18.0,+918254318328,Poona,Uttarakhand,Jio,POSTPAID,799.0,64,20210418,,1,n,ishani05@example.net,F
CUST00544,Dhriti Rai,19.0,07681722577,mumbai,Jharkhand,Airtel,postpaid,799.0,12,26/07/2025,14 Jul 2026,0,NO,chaudharidamyanti@example.com,female
CUST00545,Udant Singh,25.0,+912173373992,bangalore,Mizoram,BSNL,Prepaid,839.0,49,12 Jul 2022,06/30/2026,5,Y,abdul40@example.net,F
CUST00546,Nirja Contractor,41.0,3983584461,NAGPUR,Gujarat,Vi,Post-paid,499.0,75,23-05-2020,2026-07-18,0,NO,harsh13@example.org,male
CUST00547,Aarush Parsa,28.0,+91 39787 13752,BHOPAL,Kerala,BSNL,POST PAID,499.0,79,20200124,2026-06-08,5,Y,guppal@example.net,female
CUST00548,Abhiram Padmanabhan,47.0,,PUNE,West Bengal,Jio,PREPAID,99.0,23,30-08-2024,07/17/2026,1,,samarmannan@example.net,female
CUST00549,Nathan Sarna,28.0,+919501437483,NCR,Karnataka,Airtel,POSTPAID,699.0,45,2022-11-09,08 Jul 2026,0,N,klall@example.net,F
CUST00550,Patrick Srinivasan,62.0,6720191116,Bengaluru,Tripura,Airtel,Postpaid,699.0,82,2019-10-26,20260720,0,NO,tsahni@example.org,
CUST00551,gaurang prasad,29.0,+91 48124 21140,INDORE,Himachal Pradesh,Jio,POST PAID,799.0,26,2024-06-01,31-05-2026,3,n,aadhyajohal@example.org,Male
CUST00552,Keya Dhaliwal,42.0,+911039952970,Lucknow,Goa,BSNL,POSTPAID,399.0,17,26-02-2025,12 Jul 2026,0,n,hpathak@example.org,male
CUST00553,Nimrat Tripathi,21.0,+91 59273 87402,INDORE,Madhya Pradesh,Jio,,399.0,4,03/23/2026,2026-07-07,0,N,bishakhathaman@example.net,Male
CUST00554,Falguni Sankaran,,0109567975,bangalore,West Bengal,Airtel,postpaid,1199.0,44,09-12-2022,07/08/2026,0,N,kabirramesh@example.net,Female
CUST00555,Niharika Bal,50.0,3068317641,Hyd,Nagaland,Airtel,POSTPAID,999.0,18,20250127,07/21/2026,0,N,eagarwal@example.net,M
CUST00556,Xiti Raj,32.0,+910458474362,BHOPAL,Tamil Nadu,Vi,PREPAID,719.0,8,23 Nov 2025,20260604,2,N,choudharyrachana@example.com,MALE
CUST00557,Rachit Pant,30.0,+912746662159,NAGPUR,Arunachal Pradesh,Vi,Postpaid,399.0,64,2021-04-18,01-06-2026,2,Y,ekata@example.org,MALE
CUST00558,Pranit Walia,47.0,,,Maharashtra,Vi,postpaid,399.0,81,20191125,2026-07-09,0,N,jrajagopal@example.net,Male
CUST00559,Girindra Sami,49.0,,mumbai,Chhattisgarh,Airtel,Post-paid,999.0,76,04/23/2020,2026-07-12,1,0,advay06@example.org,male
CUST00560,Sara Narula,18.0,+91 42620 37087,Madras,Odisha,Jio,Pre-paid,599.0,42,20230207,20260523,4,N,farhanshankar@example.org,male
CUST00561,quincy kalla,46.0,08894801864,NCR,Maharashtra,Jio,PREPAID,999.0,48,11-08-2022,20260712,1,NO,gulatinilima@example.org,FEMALE
CUST00562,Yochana Rastogi,23.0,91-23691-49611,JAIPUR,Mizoram,BSNL,POST PAID,699.0,2,20260522,05 Jul 2026,4,0,irya21@example.net,MALE
CUST00563,hemal palan,55.0,+91 56078 32748,Lucknow,Mizoram,Airtel,Post-paid,399.0,35,09/05/2023,20260718,0,n,osawhney@example.net,MALE
CUST00564,Mason Chokshi,57.0,04784217028,Bengaluru,Jharkhand,Airtel,Postpaid,1499.0,78,23/02/2020,07/17/2026,1,0,keerronith@example.com,
CUST00565,REHAAN BAIL,45.0,+914672879916,BLR,Odisha,Jio,PREPAID,839.0,35,2023-09-05,20260710,0,,hdani@example.org,Male
CUST00566,michael dugar,34.0,91-81650-25447,bhopal,Arunachal Pradesh,BSNL,PREPAID,299.0,14,27/05/2025,10-06-2026,2,Y,,MALE
CUST00567,Sarthak Bakshi,,08067821417,PUNE,Meghalaya,BSNL,PREPAID,149.0,62,17 Jun 2021,07/19/2026,1,,ghosepranit@example.com,male
CUST00568,Pushti Sengupta,37.0,91-15594-50119,JAIPUR,Uttar Pradesh,Jio,Postpaid,1499.0,75,05/23/2020,13/07/2026,1,n,raagini24@example.org,MALE
CUST00569,Zayan Kaur,53.0,03653621894,patna,Himachal Pradesh,Vi,Pre-paid,149.0,15,27 Apr 2025,15 Jul 2026,0,NO,misralaksh@example.org,Male
CUST00570,Bhavika Nanda,44.0,06420456577,Hyderabad,Madhya Pradesh,Jio,postpaid,999.0,7,23/12/2025,15 Jul 2026,1,,,Male
CUST00571,Urvashi Prashad,24.0,+915995300622,Madras,Goa,Vi,Postpaid,1499.0,52,04/13/2022,07/08/2026,0,0,chandrankeya@example.net,FEMALE
CUST00572,Yashodhara Wali,23.0,8488600801,HYDERABAD,Himachal Pradesh,Jio,Post-paid,499.0,41,2023-03-09,20 Jul 2026,0,NO,deephenry@example.net,female
CUST00573,Gautam Mitter,27.0,02038437536,AHMEDABAD,Tripura,Vi,PRE PAID,199.0,58,20211015,15-07-2026,1,NO,dakshadayal@example.net,Male
CUST00574,Aditya Kaur,,+916445475231,Hyd,Kerala,Airtel,Prepaid,299.0,72,21-08-2020,07 Jul 2026,1,n,yashvi27@example.net,FEMALE
CUST00575,luke viswanathan,53.0,91-21750-80196,Surat,Telangana,BSNL,,599.0,57,14 Nov 2021,18/07/2026,1,NO,parikhzilmil@example.com,
CUST00576,JAI PAREKH,62.0,1816778481,jaipur,Sikkim,Vi,prepaid,299.0,80,25-12-2019,07/18/2026,1,N,,
CUST00577,Rayaan Sant,64.0,,CHENNAI,Haryana,Airtel,POST PAID,799.0,61,17 Jul 2021,09/07/2026,0,N,rshankar@example.com,M
CUST00578,Yatan Dyal,,,Hyd,Telangana,BSNL,Postpaid,699.0,75,2020-05-23,2026-07-20,1,0,sanayabala@example.net,
CUST00579,Dalbir Kohli,,1023200186,AHMEDABAD,Odisha,BSNL,PREPAID,999.0,21,20241029,25 Jun 2026,2,,theodore59@example.net,FEMALE
CUST00580,Krishna Taneja,64.0,8453198074,NAGPUR,Himachal Pradesh,Airtel,Postpaid,499.0,2,22 May 2026,20260718,1,0,faras20@example.com,M
CUST00581,Oscar Sankaran,55.0,+911500666641,Mumbai,Maharashtra,Airtel,Pre-paid,599.0,59,2021-09-15,20260721,1,n,dmangat@example.net,Female
CUST00582,HREDHAAN SRIVASTAVA,,+91 83668 34826,HYDERABAD,Gujarat,BSNL,PRE PAID,499.0,70,,05/28/2026,4,0,abhiramyogi@example.net,
CUST00583,Ucchal Nazareth,29.0,91-19760-93201,patna,Sikkim,BSNL,prepaid,719.0,68,19 Dec 2020,20/07/2026,1,N,dayalidika@example.com,male
CUST00584,Daksha Goswami,47.0,+91 41274 69211,,Karnataka,Vi,,149.0,18,27 Jan 2025,07/16/2026,1,,dubeyxavier@example.org,MALE
CUST00585,TIMOTHY SETHI,63.0,+914542185457,hyderabad,Sikkim,Jio,PRE PAID,999.0,19,28/12/2024,16-07-2026,0,0,knaidu@example.org,M
CUST00586,Xalak Rastogi,26.0,+917282895400,nagpur,Mizoram,Airtel,PRE PAID,599.0,9,20251024,2026-05-22,4,N,sanghvionveer@example.org,MALE
CUST00587,Anamika Hayer,57.0,7115261053,Delhi,Goa,Vi,Postpaid,1999.0,1,2026-06-21,14 Jun 2026,2,Y,bobalnathan@example.org,M
CUST00588,Deepa Wali,32.0,02987698936,Bombay,Tripura,Vi,postpaid,499.0,84,08/27/2019,2026-07-12,1,,wbhatnagar@example.com,
CUST00589,URMI KARI,,,patna,Telangana,BSNL,PRE PAID,399.0,26,01-06-2024,20/07/2026,0,N,bordeethan@example.net,M
CUST00590,Deepa Dara,50.0,04253646280,pune,Jharkhand,BSNL,Post-paid,1499.0,5,02/21/2026,12 Jul 2026,0,n,sekhongagan@example.org,F
CUST00591,Anya Nayak,38.0,+91 74091 31117,KOLKATA,Maharashtra,Jio,POSTPAID,699.0,27,20240502,20260721,0,,ayaan88@example.org,Male
CUST00592,Manbir Swamy,23.0,+912759500260,bangalore,Jharkhand,BSNL,Prepaid,499.0,80,25-12-2019,20260716,1,N,dalbir98@example.com,male
CUST00593,Ayush Sani,,,Amdavad,Punjab,Airtel,POSTPAID,999.0,57,2021-11-14,,2,NO,neelimaparmar@example.org,M
CUST00594,SAMAR MORE,37.0,01359928553,PATNA,Goa,BSNL,Prepaid,839.0,6,2026-01-22,07/09/2026,1,N,tanvihalder@example.net,M
CUST00595,Ayaan Venkataraman,48.0,+91 37842 33944,SURAT,Meghalaya,BSNL,prepaid,599.0,74,,07/07/2026,0,N,diptadewan@example.net,Male
CUST00596,Hemang Goswami,38.0,,Calcutta,Bihar,Airtel,POST PAID,699.0,28,02/04/2024,2026-07-08,0,N,,M
CUST00597,JAGRATI RAJA,25.0,+91 67329 04575,LUCKNOW,Arunachal Pradesh,BSNL,PRE PAID,499.0,6,22/01/2026,27 May 2026,5,NO,tanmayi06@example.org,MALE
CUST00598,Anvi Dhar,27.0,+915821477092,HYDERABAD,Tamil Nadu,BSNL,prepaid,299.0,6,22 Jan 2026,,1,NO,ychaudhuri@example.org,Male
CUST00599,Omaja Pai,45.0,,NCR,Chhattisgarh,Airtel,PRE PAID,839.0,46,10/10/2022,20260713,1,N,,
CUST00600,Bishakha Din,27.0,91-97284-54018,Jaipur,Arunachal Pradesh,Airtel,Pre-paid,299.0,44,09 Dec 2022,09-07-2026,0,N,regeekapad@example.net,Female
CUST00601,Meghana Sathe,51.0,+911659930202,,Meghalaya,Airtel,PREPAID,149.0,33,04/11/2023,14/07/2026,1,NO,danijyoti@example.net,FEMALE
CUST00602,Yauvani Lad,21.0,06300593777,AHMEDABAD,Tamil Nadu,Jio,POSTPAID,799.0,14,2025-05-27,20260718,0,NO,nagrawal@example.org,F
CUST00603,Dipta Bir,25.0,91-04384-19662,Pune,Telangana,BSNL,Prepaid,599.0,39,2023-05-08,21-07-2026,0,,yahvirastogi@example.net,female
CUST00604,HARISH BUCH,50.0,5504944407,bhopal,West Bengal,BSNL,postpaid,399.0,59,15/09/2021,10-07-2026,1,NO,,MALE
CUST00605,Dev Ramachandran,31.0,+91 25854 21880,,Maharashtra,Jio,POST PAID,699.0,17,20250226,07/15/2026,0,N,kashviranganathan@example.net,Female
CUST00606,Abeer Char,36.0,+912505833343,NAGPUR,Uttar Pradesh,Airtel,POSTPAID,1499.0,77,20200324,07/18/2026,1,NO,,male
CUST00607,Ria Menon,35.0,5353659746,KOLKATA,Maharashtra,BSNL,POSTPAID,999.0,73,22/07/2020,09-07-2026,1,0,anvi01@example.net,M
CUST00608,Aarini Basak,38.0,5966472130,jaipur,Jharkhand,Vi,prepaid,399.0,80,2019-12-25,07/08/2026,1,NO,patilbalveer@example.net,male
CUST00609,Raksha Rana,31.0,+91 07963 73100,Mumbai,West Bengal,Jio,POST PAID,699.0,32,04/12/2023,2026-07-08,0,n,xkamdar@example.net,
CUST00610,Falak Chhabra,47.0,,Amdavad,Meghalaya,Vi,Pre-paid,199.0,41,03/09/2023,25-05-2026,4,NO,jai68@example.net,Female
CUST00611,Aachal Mutti,,+915580002722,ahmedabad,Bihar,Airtel,Pre-paid,99.0,36,2023-08-06,21 Jul 2026,1,NO,xkade@example.org,F
CUST00612,Warhi Sachar,40.0,02862092973,Indore,Uttar Pradesh,BSNL,PRE PAID,149.0,68,20201219,19/07/2026,0,NO,doctormohammed@example.net,Male
CUST00613,Yasti Madan,62.0,+913532366185,surat,Odisha,Jio,POSTPAID,799.0,79,24 Jan 2020,12 Jul 2026,0,N,binakrishnamurthy@example.org,F
CUST00614,ISHAAN CHHABRA,59.0,08388217648,indore,Arunachal Pradesh,Jio,prepaid,99.0,49,12/07/2022,05/06/2026,2,Y,chackoronith@example.com,Male
CUST00615,Daniel Dora,65.0,02256062953,,,Airtel,Pre-paid,149.0,82,20191026,17/07/2026,1,NO,,F
CUST00616,Chakradhar Zacharia,53.0,,Jaipur,Arunachal Pradesh,Vi,prepaid,719.0,51,20220513,08-07-2026,0,N,tanejasneha@example.net,female
CUST00617,Gaurika Tank,41.0,,Nagpur,Andhra Pradesh,BSNL,Post-paid,1199.0,6,22-01-2026,07/12/2026,0,NO,aahanacherian@example.com,Male
CUST00618,GOPAL KALA,59.0,2124139369,MUMBAI,Nagaland,Airtel,Post-paid,399.0,18,27 Jan 2025,2026-07-15,0,N,ppall@example.net,FEMALE
CUST00619,Ishani Lall,54.0,91-89786-53394,Patna,Mizoram,Jio,Post-paid,699.0,11,25 Aug 2025,26 May 2026,5,N,qarin57@example.org,Male
CUST00620,Shivani Sinha,36.0,7470002687,chennai,Karnataka,Jio,,199.0,6,22-01-2026,02 Jul 2026,4,n,yuvrajsrinivasan@example.org,male
CUST00621,kalpit nori,44.0,+91 53730 96496,Patna,Himachal Pradesh,BSNL,Pre-paid,599.0,26,01 Jun 2024,15/07/2026,0,n,gokhaleneha@example.net,MALE
CUST00622,Ladli Upadhyay,51.0,+91 63643 15948,chennai,Bihar,Jio,postpaid,1199.0,7,12/23/2025,10-07-2026,0,NO,warhisha@example.org,male
CUST00623,Rehaan Balasubramanian,33.0,03449743946,Nagpur,Gujarat,Vi,,149.0,33,04/11/2023,2026-07-17,0,0,varenyashetty@example.org,
CUST00624,Deepa Kunda,18.0,09720217075,pune,West Bengal,BSNL,,999.0,28,02-04-2024,13 Jul 2026,1,N,nidhi05@example.com,Male
CUST00625,Mohammed Dugar,57.0,0025121375,mumbai,Kerala,Airtel,PRE PAID,399.0,6,22-01-2026,07/15/2026,1,0,mahalanthony@example.net,
CUST00626,Ridhi Konda,42.0,1388503423,Poona,Tamil Nadu,Jio,,399.0,9,24/10/2025,13-07-2026,1,NO,dhingraayaan@example.net,MALE
CUST00627,Aashi Shroff,60.0,+918008529469,Madras,Uttar Pradesh,Airtel,,299.0,39,05/08/2023,10-07-2026,1,,,male
CUST00628,Januja Magar,35.0,+91 52752 33282,Madras,,Vi,PREPAID,499.0,27,2024-05-02,2026-06-22,4,NO,vmallick@example.org,Female
CUST00629,Yashoda Venkataraman,18.0,06279955302,chennai,Assam,BSNL,POSTPAID,1999.0,60,16/08/2021,23 May 2026,2,0,jbasak@example.org,FEMALE
CUST00630,Indali Dey,22.0,+919017222405,BENGALURU,Nagaland,Airtel,,399.0,28,20240402,07/09/2026,0,N,chandreshbanerjee@example.com,F
CUST00631,ISAIAH SRINIVASAN,41.0,91-38727-25812,bhopal,West Bengal,BSNL,POST PAID,999.0,42,02/07/2023,12-07-2026,0,n,mwarrior@example.com,
CUST00632,BARKHA BORDE,23.0,,NAGPUR,,Jio,PREPAID,299.0,63,05/18/2021,2026-07-14,0,NO,deepdayita@example.net,Female
CUST00633,Sathvik Lanka,25.0,91-22276-43387,Lucknow,,Vi,prepaid,999.0,14,27/05/2025,12-07-2026,1,n,aarnabaral@example.org,male
CUST00634,Osha Koshy,46.0,00488789950,lucknow,,Jio,Postpaid,,25,20240701,08 Jul 2026,0,NO,zehaananne@example.org,F
CUST00635,Ishita Lata,28.0,91-95634-27775,Lucknow,Rajasthan,Jio,POST PAID,1999.0,58,10/15/2021,2026-07-10,0,0,mitalbalvan@example.net,Male
CUST00636,Upma Chhabra,60.0,,Bombay,,Jio,Post-paid,999.0,20,28 Nov 2024,20260616,5,Y,bhagatarjun@example.net,female
CUST00637,Qushi Sheth,32.0,+91 21122 12154,,Tamil Nadu,Jio,PREPAID,299.0,14,05/27/2025,09 Jul 2026,0,N,daraoscar@example.net,MALE
CUST00638,William Kade,26.0,91-00629-87787,hyderabad,Assam,Airtel,,149.0,75,23-05-2020,07/17/2026,0,0,ykannan@example.org,F
CUST00639,Gavin Saha,30.0,04104294831,LUCKNOW,Assam,Jio,POST PAID,999.0,28,20240402,2026-07-20,0,0,lavanya98@example.net,FEMALE
CUST00640,jhalak ghosh,32.0,+91 66020 00532,bangalore,Chhattisgarh,Vi,Post-paid,499.0,74,22-06-2020,13-07-2026,0,N,saithaker@example.com,male
CUST00641,Udarsh Patel,57.0,+91 76862 76332,Madras,Karnataka,Airtel,PRE PAID,839.0,46,10/10/2022,07/07/2026,1,,lbatra@example.org,F
CUST00642,Jacob Lad,,,JAIPUR,Bihar,Airtel,Postpaid,1499.0,81,20191125,2026-06-07,2,Y,agastya00@example.com,female
CUST00643,Keya Bajaj,55.0,8814319279,nagpur,Uttarakhand,BSNL,PRE PAID,719.0,62,17 Jun 2021,11 Jul 2026,0,0,oni22@example.net,
CUST00644,Karan Sarna,43.0,+91 29591 25734,NAGPUR,Karnataka,Vi,Postpaid,699.0,64,18-04-2021,20260721,0,0,finn08@example.net,FEMALE
CUST00645,Kabir Prabhu,55.0,+91 41799 67080,NAGPUR,Punjab,Jio,Post-paid,399.0,75,23 May 2020,11-07-2026,1,NO,rudra82@example.net,F
CUST00646,Omisha Shukla,43.0,08816498044,Jaipur,Arunachal Pradesh,Vi,Prepaid,599.0,15,04/27/2025,17-07-2026,1,,sehgalcharvi@example.org,F
CUST00647,Arya Kadakia,,+91 82484 58130,BHOPAL,Meghalaya,Jio,Prepaid,199.0,52,13-04-2022,20260721,1,0,gkhatri@example.com,
CUST00648,Nandini Date,41.0,00030566199,Madras,,Vi,postpaid,1199.0,14,27-05-2025,08/07/2026,0,N,jarya@example.com,
CUST00649,Vritti Narang,59.0,00136510344,surat,Uttar Pradesh,BSNL,POST PAID,399.0,58,15-10-2021,07/14/2026,0,N,vedikamani@example.net,MALE
CUST00650,Daksh Kade,56.0,07256222190,Bhopal,Arunachal Pradesh,Jio,postpaid,399.0,39,,07/09/2026,0,N,prishaamble@example.net,male
CUST00651,Christopher Mani,52.0,,JAIPUR,Maharashtra,Vi,Postpaid,799.0,48,2022-08-11,2026-07-16,0,N,rishi31@example.com,FEMALE
CUST00652,Jack Krishnamurthy,61.0,5229425251,Chennai,Uttar Pradesh,BSNL,prepaid,199.0,64,04/18/2021,17-07-2026,0,,anjalikumer@example.org,
CUST00653,Hemang Nori,58.0,02478417159,BHOPAL,Meghalaya,Vi,PRE PAID,999.0,40,08 Apr 2023,08-06-2026,5,Y,xbahri@example.net,
CUST00654,Saksham Keer,59.0,+919260878828,jaipur,Nagaland,Jio,Pre-paid,149.0,25,01-07-2024,07/15/2026,0,N,rgera@example.net,F
CUST00655,Ayush Kaul,50.0,8915673446,Kolkata,Uttar Pradesh,Airtel,Pre-paid,399.0,57,14 Nov 2021,08 Jul 2026,0,n,saksham70@example.com,male
CUST00656,Utkarsh Bandi,21.0,9900108985,Madras,Odisha,BSNL,PRE PAID,999.0,18,20250127,17/07/2026,1,0,,F
CUST00657,Harish Raghavan,60.0,07957285759,JAIPUR,Kerala,Vi,POST PAID,699.0,37,2023-07-07,2026-07-15,1,,nakulnarang@example.com,FEMALE
CUST00658,Upma Bhatt,55.0,+91 45143 67286,Nagpur,Telangana,Jio,,839.0,39,,11-07-2026,1,N,kashvimadan@example.com,
CUST00659,Yagnesh Sanghvi,19.0,91-99217-79055,NCR,Telangana,Jio,Pre-paid,719.0,79,24-01-2020,20260720,1,n,rauarunima@example.org,
CUST00660,Alka Chaudry,33.0,01038297425,Jaipur,Sikkim,BSNL,Pre-paid,499.0,2,22 May 2026,24 May 2026,5,Y,harshil02@example.net,
CUST00661,Indali Soman,39.0,+91 87366 27135,NAGPUR,Goa,Airtel,PRE PAID,499.0,37,07 Jul 2023,2026-06-28,4,Y,perijack@example.net,
CUST00662,Qadim Setty,33.0,,Kolkata,Gujarat,Airtel,POST PAID,999.0,47,10/09/2022,18/07/2026,0,n,gangulyishita@example.net,MALE
CUST00663,BRINDA SWAMY,34.0,,indore,Sikkim,BSNL,postpaid,1199.0,1,2026-06-21,20260717,0,,duttaveer@example.net,M
CUST00664,Viraj Golla,34.0,7189395309,BLR,Gujarat,Jio,Post-paid,999.0,2,20260522,20260610,3,,indrajit83@example.net,M
CUST00665,Harsh Deo,40.0,+913587271743,LUCKNOW,Maharashtra,Jio,PRE PAID,839.0,65,2021-03-19,17-07-2026,1,n,vyanjanawarrior@example.com,M
CUST00666,Chaitaly Lad,50.0,,Chennai,Assam,Jio,POST PAID,499.0,76,23-04-2020,20260718,1,0,matthewpalla@example.org,M
CUST00667,SHRAVYA NAIK,28.0,03190577204,Bengaluru,,BSNL,,499.0,18,20250127,19 Jul 2026,0,n,sanya61@example.com,male
CUST00668,Alexander Luthra,27.0,8709872649,Calcutta,Tamil Nadu,Airtel,prepaid,999.0,8,23-11-2025,12/07/2026,1,N,kiaan92@example.org,male
CUST00669,Amruta Mani,24.0,91-30702-86720,Bhopal,,Jio,prepaid,149.0,54,02/12/2022,2026-05-28,2,Y,zaitra48@example.org,Female
CUST00670,FALAN VENKATESH,33.0,,PUNE,Rajasthan,Airtel,PREPAID,719.0,44,12/09/2022,20260716,0,N,vnatt@example.net,F
CUST00671,Veda D’Alia,49.0,+912817074436,Surat,Odisha,BSNL,postpaid,699.0,19,28/12/2024,20/06/2026,4,n,,MALE
CUST00672,Abhiram Kar,60.0,,Bombay,Bihar,Vi,,299.0,24,31/07/2024,2026-07-17,0,NO,nathanvarughese@example.org,male
CUST00673,Samuel Virk,24.0,,NAGPUR,Gujarat,Jio,Pre-paid,499.0,35,05 Sep 2023,16/07/2026,1,N,tpandey@example.net,MALE
CUST00674,Mohini Shan,23.0,01907499216,Mumbai,Bihar,Vi,PRE PAID,719.0,40,08/04/2023,20260713,0,0,qanand@example.net,Female
CUST00675,Zayyan Mitter,54.0,91-65462-20212,INDORE,Arunachal Pradesh,Jio,Postpaid,999.0,36,06-08-2023,,1,N,ikbaltak@example.org,Female
CUST00676,Maanas Sawhney,,+918899114160,MUM,Goa,Airtel,PREPAID,839.0,3,20260422,18/07/2026,1,0,regealka@example.org,FEMALE
CUST00677,Harish Sankar,23.0,+91 86746 30009,chennai,Sikkim,BSNL,Postpaid,399.0,80,20191225,07/13/2026,1,n,,F
CUST00678,Yatan Dhawan,37.0,0340153534,jaipur,,Vi,prepaid,999.0,12,26 Jul 2025,16 Jul 2026,1,n,rsrivastava@example.net,male
CUST00679,Wyatt Sankaran,,02818223879,Bhopal,Telangana,BSNL,Post-paid,699.0,57,14 Nov 2021,07/20/2026,0,,smallick@example.net,female
CUST00680,Nisha Kakar,40.0,,patna,Rajasthan,BSNL,PREPAID,499.0,30,20240202,20260718,1,n,christopher44@example.com,female
CUST00681,kai devi,45.0,+910128382710,LUCKNOW,Uttarakhand,Vi,Prepaid,149.0,51,13 May 2022,20260721,1,,xitikulkarni@example.org,female
CUST00682,Tejas Lad,38.0,,delhi,Maharashtra,Airtel,PREPAID,399.0,84,27/08/2019,,1,N,hitesh61@example.net,Female
CUST00683,Jason Dara,28.0,,nagpur,Arunachal Pradesh,BSNL,Post-paid,999.0,20,28-11-2024,01 Jun 2026,5,Y,krishna38@example.com,MALE
CUST00684,Wriddhish Basak,,91-61848-97422,bhopal,Kerala,Vi,Postpaid,999.0,80,12/25/2019,07/08/2026,0,NO,edayal@example.com,F
CUST00685,Garima Dayal,,+91 64411 19738,Bengaluru,Assam,Vi,Pre-paid,599.0,82,10/26/2019,12/07/2026,1,NO,hegdedarika@example.com,male
CUST00686,JHALAK MALHOTRA,43.0,91-05110-21254,JAIPUR,Assam,Airtel,PREPAID,839.0,68,2020-12-19,07/09/2026,1,,,
CUST00687,DARIKA CHAUDHURI,28.0,+913197899901,pune,,Jio,PREPAID,199.0,64,04/18/2021,26/05/2026,5,Y,baljiwan39@example.net,FEMALE
CUST00688,Gaurangi Kulkarni,40.0,09084194785,Nagpur,Jharkhand,BSNL,PREPAID,839.0,84,27/08/2019,09/07/2026,0,0,gsachdev@example.com,M
CUST00689,Zinal Ganesh,47.0,91-61608-81972,Amdavad,Sikkim,BSNL,PRE PAID,99.0,67,01/18/2021,2026-07-09,1,,reddyanirudh@example.org,FEMALE
CUST00690,Kai Walia,61.0,91-85578-00244,Calcutta,Gujarat,Airtel,Pre-paid,599.0,58,2021-10-15,2026-07-20,0,NO,jeet32@example.com,MALE
CUST00691,Jagrati Dewan,40.0,9139521501,lucknow,Manipur,Vi,Post-paid,999.0,59,2021-09-15,14-07-2026,0,0,,
CUST00692,Daksh Solanki,26.0,+914813004169,Indore,Goa,Jio,Postpaid,799.0,37,2023-07-07,20260710,0,,zinal75@example.com,
CUST00693,wriddhish atwal,18.0,+911476427896,pune,Andhra Pradesh,BSNL,POST PAID,799.0,32,2023-12-04,2026-07-07,1,NO,kondaidika@example.com,FEMALE
CUST00694,MAYA GALA,41.0,06097236024,KOLKATA,Karnataka,Jio,prepaid,999.0,30,02/02/2024,2026-07-12,1,,subramaniamalka@example.org,FEMALE
CUST00695,Yamini Pant,59.0,+913703175438,New Delhi,Mizoram,BSNL,prepaid,99.0,27,02 May 2024,20260714,0,n,ishanvishukla@example.com,Male
CUST00696,Urmi Sunder,46.0,,PUNE,Andhra Pradesh,Jio,Prepaid,199.0,73,20200722,09-07-2026,1,,varshavala@example.net,
CUST00697,Amol Mishra,48.0,,patna,Rajasthan,BSNL,Postpaid,699.0,54,2022-02-12,19 Jul 2026,0,,meghana75@example.net,FEMALE
CUST00698,Oviya Wali,38.0,0789775542,Chennai,Haryana,Airtel,POSTPAID,1999.0,42,07-02-2023,17/07/2026,0,n,wsabharwal@example.com,MALE
CUST00699,Xiti Swamy,22.0,05769171620,Nagpur,Tripura,BSNL,PRE PAID,199.0,27,02 May 2024,25 Jun 2026,3,NO,amerchant@example.net,female
CUST00700,Vrinda Bhargava,54.0,+91 01426 47106,Bengaluru,Meghalaya,BSNL,Pre-paid,99.0,75,2020-05-23,2026-06-25,3,Y,yatinsrinivasan@example.org,Female
CUST00701,Waida Dhaliwal,34.0,91-69317-29476,Ahmedabad,Goa,Vi,PRE PAID,99.0,2,22-05-2026,18/07/2026,0,NO,chavvireddy@example.org,
CUST00702,Abha Bose,28.0,1635049602,KOLKATA,Goa,Jio,,299.0,78,23/02/2020,23-05-2026,3,0,khannahitesh@example.org,Female
CUST00703,MEGHA KARNIK,65.0,+91 56020 80192,Lucknow,Maharashtra,Vi,POSTPAID,1199.0,80,25-12-2019,06/07/2026,5,Y,keya37@example.org,male
CUST00704,Xalak Barad,33.0,00255501935,hyderabad,Nagaland,Jio,,199.0,23,08/30/2024,18 Jul 2026,0,NO,ganesanupkaar@example.com,male
CUST00705,Nimrat Bobal,,+918059831244,Nagpur,Odisha,Jio,PREPAID,299.0,32,04 Dec 2023,17 Jul 2026,0,0,sathvik64@example.org,Male
CUST00706,Bhavini Chandran,28.0,+91 06294 19375,Mumbai,West Bengal,Jio,Prepaid,719.0,32,04/12/2023,20-07-2026,1,0,vohraaarini@example.com,MALE
CUST00707,Ryan Bajaj,,,,Nagaland,Vi,postpaid,1199.0,61,2021-07-17,20260604,5,Y,inarula@example.com,female
CUST00708,Omaja Dewan,37.0,91-08779-72479,nagpur,Telangana,Vi,prepaid,99.0,46,2022-10-10,17/07/2026,0,NO,ibalay@example.org,male
CUST00709,gayathri om,49.0,+919333299865,surat,Arunachal Pradesh,Airtel,POSTPAID,699.0,76,23 Apr 2020,07/21/2026,1,,gtata@example.org,
CUST00710,Nilima Narasimhan,19.0,,kolkata,Haryana,Jio,POST PAID,699.0,70,20/10/2020,16-07-2026,1,0,,F
CUST00711,Girish Mittal,34.0,91-01223-41499,JAIPUR,,Vi,PREPAID,599.0,82,10/26/2019,20260617,5,Y,hemang19@example.com,Male
CUST00712,anthony nanda,36.0,91-03910-19335,Poona,Meghalaya,Airtel,postpaid,1199.0,34,05 Oct 2023,2026-07-21,1,0,anusha86@example.net,MALE
CUST00713,Rehaan Nanda,21.0,06264385009,Bombay,Madhya Pradesh,BSNL,Prepaid,99.0,63,05/18/2021,17/07/2026,1,N,joshuabhalla@example.net,Female
CUST00714,Udarsh Krish,37.0,3165441372,bhopal,Arunachal Pradesh,BSNL,Pre-paid,99.0,15,04/27/2025,2026-07-09,1,n,jsengupta@example.net,Female
CUST00715,Vasudha Kothari,24.0,,Indore,,Vi,Postpaid,399.0,24,31-07-2024,07-07-2026,1,N,,FEMALE
CUST00716,Henry Bhatti,46.0,+91 02548 53626,BLR,,Vi,,599.0,45,11/09/2022,09-07-2026,0,,,M
CUST00717,Wriddhish Wagle,35.0,,MUMBAI,,Jio,Post-paid,1199.0,65,20210319,16/07/2026,1,n,nazarethgabriel@example.com,
CUST00718,Ira Nagarajan,40.0,,hyderabad,Himachal Pradesh,Jio,POSTPAID,399.0,59,20210915,2026-07-15,0,,ekani57@example.com,Male
CUST00719,Vedhika Banerjee,53.0,4356605033,ahmedabad,Meghalaya,Jio,POST PAID,499.0,74,06/22/2020,06/03/2026,4,Y,balividhi@example.net,M
CUST00720,Faris Kunda,23.0,+918788653859,bhopal,Assam,BSNL,Postpaid,699.0,16,20250328,20260625,5,0,qdalia@example.net,
CUST00721,Leela Rai,54.0,+911704861867,indore,Bihar,BSNL,Postpaid,1199.0,4,03/23/2026,11 Jul 2026,1,N,dayitasha@example.net,M
CUST00722,Brijesh Joshi,31.0,91-37170-86494,AHMEDABAD,Jharkhand,Jio,Prepaid,999.0,66,17 Feb 2021,20260531,3,,ekalinga42@example.com,F
CUST00723,Triya Ratta,44.0,06921958730,surat,Assam,Vi,PRE PAID,999.0,39,08/05/2023,20 Jul 2026,1,n,mohammed50@example.org,male
CUST00724,Yadavi Krishnamurthy,18.0,,surat,Jharkhand,Airtel,PRE PAID,149.0,19,20241228,13-07-2026,0,0,,FEMALE
CUST00725,OWEN LANKA,21.0,91-88081-72628,INDORE,Mizoram,Airtel,PRE PAID,99.0,61,17-07-2021,19 Jul 2026,1,n,bhagatvinaya@example.com,M
CUST00726,Ekanta Kumer,58.0,91-16806-91961,surat,Jharkhand,BSNL,Prepaid,,19,28/12/2024,12/07/2026,1,,geetikaanand@example.com,FEMALE
CUST00727,Sanaya Srinivas,59.0,,mumbai,Odisha,BSNL,PRE PAID,,25,01/07/2024,07/18/2026,1,,abhimanyu97@example.com,M
CUST00728,Gaurang Hans,42.0,4055364818,bangalore,Meghalaya,BSNL,postpaid,399.0,52,04/13/2022,12-06-2026,5,Y,sathvikshan@example.com,
CUST00729,Manya Sha,43.0,+91 32360 66799,jaipur,Nagaland,Airtel,PREPAID,999.0,46,10 Oct 2022,20260714,0,,radhika92@example.com,Male
CUST00730,Dayita Rai,42.0,+91 17996 23569,NAGPUR,Nagaland,Vi,Prepaid,999.0,24,20240731,19/07/2026,0,0,nandabaljiwan@example.org,
CUST00731,Ayushman Dayal,37.0,91-48208-49315,NAGPUR,Arunachal Pradesh,BSNL,Postpaid,1999.0,72,21/08/2020,07/14/2026,0,n,,M
CUST00732,Nidra Pall,65.0,91-43049-13410,PATNA,Himachal Pradesh,Vi,Pre-paid,99.0,39,08 May 2023,2026-07-11,1,0,rishichopra@example.net,
CUST00733,Anjali Agarwal,63.0,0823530976,Pune,Andhra Pradesh,BSNL,postpaid,699.0,39,08/05/2023,11 Jul 2026,0,n,riya36@example.com,
CUST00734,Gayathri Tandon,46.0,06186957240,Patna,Goa,Vi,prepaid,839.0,52,13/04/2022,2026-07-06,2,n,shazehaan@example.org,FEMALE
CUST00735,Jonathan Mand,40.0,,Surat,Uttarakhand,BSNL,POST PAID,399.0,13,2025-06-26,20260605,5,Y,dixitarin@example.org,male
CUST00736,Kamala Bansal,52.0,+912351076519,bhopal,Bihar,Vi,POST PAID,999.0,58,2021-10-15,21/07/2026,1,0,mratta@example.com,Male
CUST00737,Dayamai Dewan,40.0,5581157449,BHOPAL,Odisha,Airtel,POST PAID,1199.0,35,2023-09-05,07/17/2026,0,,,male
CUST00738,Kamya Dada,63.0,91-21803-96620,MUM,Odisha,Airtel,PRE PAID,499.0,40,08-04-2023,20260720,1,N,urishilla01@example.com,FEMALE
CUST00739,Tanay Dalal,45.0,3335623039,jaipur,Tamil Nadu,Jio,PREPAID,499.0,51,2022-05-13,05/23/2026,4,Y,rachitamajumdar@example.net,
CUST00740,SHRAVYA KALA,64.0,04311326611,NAGPUR,Madhya Pradesh,Airtel,postpaid,699.0,77,03/24/2020,20260524,2,,okant@example.com,MALE
CUST00741,Fitan Mani,63.0,,Mumbai,Maharashtra,BSNL,POST PAID,699.0,21,29-10-2024,06/22/2026,5,0,zandra@example.com,MALE
CUST00742,Dev Chhabra,26.0,91-18402-57870,BENGALURU,Tripura,Jio,POSTPAID,1199.0,32,12/04/2023,07/12/2026,1,N,zehaansundaram@example.net,MALE
CUST00743,oliver murty,52.0,91-03909-12030,bhopal,Nagaland,Vi,PRE PAID,199.0,6,22/01/2026,07/07/2026,0,0,wbuch@example.org,FEMALE
CUST00744,Ranbir Sankar,26.0,07574544920,nagpur,West Bengal,Jio,POST PAID,699.0,15,27-04-2025,2026-07-21,0,,bobaldakshesh@example.net,M
CUST00745,Mohini Ben,28.0,+915217970566,Surat,Assam,BSNL,Pre-paid,499.0,45,09/11/2022,07/17/2026,1,n,,M
CUST00746,Nathan Minhas,22.0,3017316715,Hyderabad,Jharkhand,Jio,Post-paid,1499.0,54,12/02/2022,2026-06-24,4,N,jyotipatel@example.com,female
CUST00747,AZAD MADAN,38.0,+91 79057 19189,HYDERABAD,Sikkim,Vi,postpaid,1499.0,8,23/11/2025,07/10/2026,1,NO,widisha06@example.net,
CUST00748,harita viswanathan,61.0,+91 23771 84301,Madras,West Bengal,Vi,PRE PAID,719.0,78,23/02/2020,11/07/2026,1,0,wishideol@example.net,FEMALE
CUST00749,Chakradhar Sundaram,28.0,+91 76992 42773,Madras,Tripura,Jio,PRE PAID,599.0,73,2020-07-22,20260721,0,,duadakshesh@example.com,F
CUST00750,Kamala Dasgupta,60.0,09829075515,hyderabad,Rajasthan,Airtel,Pre-paid,999.0,55,13-01-2022,20260625,4,Y,kalpit31@example.org,F
CUST00751,Vasana Upadhyay,45.0,,Chennai,Tamil Nadu,Airtel,Pre-paid,99.0,4,2026-03-23,07/15/2026,1,NO,,
CUST00752,Wahab Bahl,58.0,00740274067,Calcutta,Assam,Jio,Pre-paid,99.0,49,2022-07-12,07/16/2026,0,,pkrishna@example.org,M
CUST00753,Faris Dora,44.0,+91 49745 97931,Bhopal,Tripura,Jio,,299.0,52,20220413,11 Jul 2026,1,0,harshil82@example.com,F
CUST00754,Dhruv Sarin,27.0,91-64322-39461,Hyderabad,Jharkhand,Airtel,POST PAID,1199.0,76,23 Apr 2020,2026-07-21,1,,fdhillon@example.org,F
CUST00755,Bhavika Goyal,28.0,,KOLKATA,Manipur,Vi,Post-paid,999.0,30,02 Feb 2024,23/05/2026,2,Y,koshyvanya@example.org,
CUST00756,TARA WARRIOR,64.0,4956479984,Surat,Andhra Pradesh,Airtel,postpaid,999.0,43,08 Jan 2023,06/03/2026,2,Y,bdani@example.com,
CUST00757,TEERTH DASGUPTA,27.0,,CHENNAI,Mizoram,BSNL,prepaid,299.0,20,11/28/2024,20-07-2026,0,,zayyanjain@example.com,female
CUST00758,Aryan Chaudhuri,44.0,+912405166545,New Delhi,Manipur,Vi,prepaid,599.0,61,17 Jul 2021,07/21/2026,0,0,nehabrar@example.com,M
CUST00759,Joshua Nazareth,48.0,91-17036-30944,Bangalore,Karnataka,Jio,Pre-paid,599.0,68,20201219,2026-07-15,0,,cparikh@example.net,
CUST00760,Victor Deep,56.0,91-79724-52841,chennai,Gujarat,Vi,prepaid,299.0,9,2025-10-24,12-07-2026,0,,kchander@example.org,MALE
CUST00761,jason johal,39.0,,Indore,Sikkim,Vi,POSTPAID,399.0,66,17/02/2021,14-07-2026,0,,udantde@example.com,M
CUST00762,Aradhana Sunder,41.0,+91 14186 48230,Amdavad,Bihar,Vi,prepaid,99.0,20,11/28/2024,31-05-2026,5,0,siyachandra@example.net,MALE
CUST00763,Avni Pingle,28.0,91-74831-73066,BLR,Mizoram,Jio,,599.0,22,2024-09-29,26 May 2026,4,0,sbhatt@example.net,F
CUST00764,Nachiket Kulkarni,55.0,+91 62327 23717,Ahmedabad,Sikkim,Vi,Prepaid,599.0,19,28 Dec 2024,20260708,1,,darpan35@example.net,MALE
CUST00765,JEET CHOKSHI,46.0,5539818890,Calcutta,Nagaland,BSNL,POSTPAID,999.0,8,11/23/2025,14 Jul 2026,1,n,ekavir86@example.com,female
CUST00766,noah khalsa,27.0,,JAIPUR,Mizoram,Jio,postpaid,799.0,52,13 Apr 2022,13 Jul 2026,1,0,balendramisra@example.com,
CUST00767,Dhruv Chandran,,91-10792-37298,jaipur,Odisha,Airtel,Postpaid,699.0,66,17 Feb 2021,07/21/2026,1,N,upma40@example.org,FEMALE
CUST00768,Sneha Sagar,64.0,,Patna,Mizoram,Jio,prepaid,99.0,41,09-03-2023,2026-07-16,1,,pandeytanveer@example.com,F
CUST00769,Charvi Desai,52.0,+911414701235,Jaipur,Himachal Pradesh,Jio,Post-paid,999.0,67,01/18/2021,17 Jul 2026,1,N,geetika79@example.org,M
CUST00770,Aishani Narang,58.0,6844679403,LUCKNOW,Goa,BSNL,postpaid,1999.0,80,25/12/2019,08 Jul 2026,0,NO,chakrikabajaj@example.org,Female
CUST00771,Krishna Deshpande,63.0,+917318683029,indore,Tripura,Jio,postpaid,1199.0,16,28/03/2025,14-07-2026,1,0,,female
CUST00772,Bhavani Mallick,37.0,06746215958,,Odisha,Vi,Post-paid,799.0,69,19 Nov 2020,2026-07-09,1,N,priyadash@example.org,female
CUST00773,balhaar bhatia,37.0,+917609483774,Bombay,Haryana,Jio,,839.0,10,24-09-2025,15/07/2026,0,n,udarshmorar@example.com,M
CUST00774,Arin Dutt,63.0,1836677196,indore,Madhya Pradesh,BSNL,PREPAID,,82,20191026,10/07/2026,0,,sanya83@example.org,M
CUST00775,Shivansh Khalsa,46.0,+91 83675 90177,Bengaluru,Chhattisgarh,Jio,,399.0,29,2024-03-03,2026-07-13,0,N,ijain@example.org,Female
CUST00776,Fariq Chokshi,42.0,+91 18637 26319,chennai,Sikkim,Airtel,Post-paid,999.0,59,15-09-2021,07/07/2026,1,0,sarmavictor@example.org,FEMALE
CUST00777,Warda Kothari,53.0,2551344486,Surat,Punjab,BSNL,POST PAID,499.0,34,,21/07/2026,0,NO,hkaur@example.net,F
CUST00778,Watika Pandey,23.0,,Hyderabad,Bihar,Vi,POST PAID,499.0,49,07/12/2022,07/14/2026,1,,,Female
CUST00779,WIDISHA MODY,31.0,,Mumbai,Karnataka,Airtel,POSTPAID,499.0,8,23 Nov 2025,2026-07-13,1,NO,yauvani90@example.com,MALE
CUST00780,Fariq Issac,18.0,6933154230,Surat,Punjab,BSNL,Postpaid,699.0,39,05/08/2023,20260714,0,0,wahabom@example.org,female
CUST00781,omisha mutti,44.0,1514599201,patna,Sikkim,Vi,Prepaid,199.0,18,27/01/2025,20/07/2026,0,n,eanand@example.net,M
CUST00782,Tanay Sankar,20.0,91-13484-33913,Calcutta,Haryana,Jio,PRE PAID,199.0,24,31/07/2024,20260612,3,N,zinalpalla@example.org,female
CUST00783,Zaitra Venkataraman,45.0,,BHOPAL,Maharashtra,Vi,Postpaid,699.0,43,20230108,25/06/2026,5,Y,jagvisood@example.org,
CUST00784,Brijesh Rajagopalan,42.0,91-65591-47625,SURAT,Arunachal Pradesh,Jio,POST PAID,1999.0,80,2019-12-25,16-07-2026,1,N,bimaladugal@example.net,MALE
CUST00785,Robert Lanka,39.0,,bhopal,Punjab,Jio,POST PAID,1999.0,37,07/07/2023,20260717,1,0,falgunidyal@example.org,MALE
CUST00786,Qadim Sibal,33.0,,Madras,Madhya Pradesh,Vi,PRE PAID,299.0,35,2023-09-05,17/07/2026,1,,kbahl@example.com,
CUST00787,VASANA NARAYAN,31.0,6072014896,NCR,Bihar,BSNL,PREPAID,299.0,66,20210217,20/07/2026,0,NO,kariaadhya@example.net,F
CUST00788,Yahvi Radhakrishnan,27.0,91-26456-33917,hyderabad,,Jio,Post-paid,999.0,76,20200423,20260714,1,NO,pyohannan@example.net,MALE
CUST00789,Gabriel Murty,32.0,+913910161259,Nagpur,Himachal Pradesh,Vi,Postpaid,1999.0,73,22 Jul 2020,2026-06-10,5,N,lohitchandra@example.org,Female
CUST00790,Xiti Ravel,20.0,+918410167930,hyderabad,Goa,Jio,POSTPAID,1499.0,61,,20260711,0,n,anirudh31@example.org,F
CUST00791,Chatresh Barad,44.0,+916801990342,Indore,Uttarakhand,Airtel,,199.0,40,08-04-2023,2026-07-21,0,,gaurangdubey@example.net,Female
CUST00792,Ishita Balan,23.0,+917117132194,New Delhi,West Bengal,Airtel,Post-paid,499.0,62,,07 Jul 2026,0,NO,jairajray@example.com,F
CUST00793,Lekha Sahota,62.0,91-93678-57646,Hyderabad,Kerala,Airtel,PREPAID,839.0,17,26-02-2025,2026-07-11,1,n,upma20@example.com,MALE
CUST00794,Yashica Nadig,31.0,06962616845,New Delhi,Bihar,Jio,Postpaid,699.0,32,04-12-2023,2026-06-18,2,Y,nimrat25@example.net,female
CUST00795,Widisha Krishnamurthy,54.0,09300519567,HYDERABAD,Telangana,Airtel,postpaid,999.0,60,16/08/2021,07/07/2026,1,0,shauryagarg@example.net,F
CUST00796,GAUTAM RAI,42.0,+91 70014 41306,AHMEDABAD,Arunachal Pradesh,BSNL,prepaid,199.0,52,04/13/2022,2026-07-16,1,n,advaith03@example.org,M
CUST00797,Quincy Bahl,48.0,91-38115-22328,Surat,Andhra Pradesh,BSNL,Postpaid,399.0,70,10/20/2020,09/07/2026,0,0,dharbalvan@example.com,female
CUST00798,Aayush Saxena,24.0,+91 35053 57228,Lucknow,Karnataka,Airtel,POSTPAID,999.0,1,2026-06-21,20260601,4,N,zmishra@example.net,FEMALE
CUST00799,Orinder Deol,36.0,05341952814,jaipur,Tamil Nadu,BSNL,Pre-paid,299.0,68,19/12/2020,02/06/2026,2,N,,
CUST00800,Bhavya Sarraf,25.0,01397436990,surat,Uttar Pradesh,Airtel,prepaid,299.0,50,12 Jun 2022,20260714,0,NO,chandani71@example.net,
CUST00801,Shaurya Jain,40.0,8986061065,indore,Himachal Pradesh,Jio,Post-paid,399.0,74,2020-06-22,12-07-2026,1,,anamikanayak@example.com,MALE
CUST00802,Keya Shankar,50.0,7699296444,DELHI,Jharkhand,BSNL,Prepaid,149.0,72,2020-08-21,20260707,0,NO,asethi@example.org,Male
CUST00803,CHAITALY SAHNI,63.0,01553691585,patna,Maharashtra,Jio,POST PAID,999.0,28,04/02/2024,07/09/2026,0,n,,male
CUST00804,Zilmil Varghese,56.0,02315828630,Bengaluru,Tamil Nadu,BSNL,Postpaid,799.0,8,20251123,2026-07-18,0,NO,aadhya26@example.com,F
CUST00805,Sanya Mann,29.0,5392669370,Amdavad,Punjab,Jio,postpaid,699.0,77,2020-03-24,21 Jul 2026,1,N,xaviercherian@example.com,M
CUST00806,Ira Bahl,41.0,,hyderabad,Chhattisgarh,Airtel,Post-paid,699.0,24,07/31/2024,20260630,2,Y,ganesannachiket@example.com,FEMALE
CUST00807,Vihaan Bakshi,64.0,03231677814,DELHI,Uttar Pradesh,Vi,postpaid,999.0,77,20200324,08-06-2026,3,Y,devansh20@example.org,female
CUST00808,TARAK PANDEY,29.0,+91 61209 28157,Chennai,Bihar,Airtel,PREPAID,719.0,58,15/10/2021,2026-07-15,1,n,tnadkarni@example.com,MALE
CUST00809,Daksh Oza,49.0,5921268485,Amdavad,Bihar,Airtel,POSTPAID,1999.0,50,12 Jun 2022,2026-07-18,1,NO,,Female
CUST00810,Ishani Saha,56.0,8669327841,Amdavad,Manipur,Jio,Post-paid,699.0,73,22-07-2020,10 Jul 2026,0,NO,finndesai@example.com,F
CUST00811,Rudra Raghavan,32.0,5127245533,delhi,West Bengal,Airtel,postpaid,1199.0,50,06/12/2022,09-06-2026,5,Y,bkulkarni@example.com,
CUST00812,bhavya bir,44.0,05069296568,Hyderabad,Madhya Pradesh,Jio,POSTPAID,999.0,22,09/29/2024,20260712,1,n,chadamaya@example.net,Female
CUST00813,hemangini srinivasan,54.0,,NAGPUR,Rajasthan,Airtel,POSTPAID,1999.0,79,01/24/2020,07/18/2026,1,n,saanvimadan@example.net,Male
CUST00814,sathvik sarma,46.0,,KOLKATA,Karnataka,Vi,,99.0,84,08/27/2019,20260718,0,,saanvisur@example.net,
CUST00815,Fiyaz Apte,64.0,4842648333,PUNE,Himachal Pradesh,Airtel,Pre-paid,,15,27/04/2025,20260707,0,N,dhaliwalchandani@example.net,MALE
CUST00816,Karan Warrior,56.0,+91 85649 01324,ahmedabad,Uttar Pradesh,Jio,PREPAID,99.0,49,12-07-2022,20260711,1,,max36@example.net,M
CUST00817,Pushti Pall,50.0,00441040431,DELHI,Telangana,Vi,PRE PAID,599.0,38,07-06-2023,20260614,2,N,iradhakrishnan@example.net,male
CUST00818,MUGDHA SRINIVAS,,06856471778,Jaipur,Andhra Pradesh,BSNL,PRE PAID,719.0,40,20230408,13 Jul 2026,0,NO,sben@example.net,
CUST00819,Raghav Kata,54.0,6759833261,Surat,Andhra Pradesh,BSNL,PREPAID,599.0,14,27/05/2025,13-06-2026,5,,dayalyagnesh@example.net,
CUST00820,Meera Prashad,33.0,,DELHI,Manipur,BSNL,POSTPAID,1999.0,42,07-02-2023,07/13/2026,1,NO,sandhuharrison@example.org,Female
CUST00821,Shivani Sahota,55.0,03451502528,mumbai,Mizoram,Airtel,Prepaid,,20,28/11/2024,2026-07-19,1,NO,shravya56@example.net,FEMALE
CUST00822,Liam Aggarwal,65.0,91-11842-52786,Bengaluru,Madhya Pradesh,BSNL,PREPAID,,29,03/03/2024,08/07/2026,0,0,fpall@example.com,male
CUST00823,Nisha Tailor,62.0,07196199716,,Mizoram,Vi,prepaid,719.0,38,06/07/2023,2026-05-24,2,Y,cchauhan@example.net,MALE
CUST00824,Chandran Sridhar,26.0,+916537932219,jaipur,Odisha,Jio,PRE PAID,399.0,37,07-07-2023,05/28/2026,4,Y,sarnakiaan@example.com,MALE
CUST00825,GANGA RAM,43.0,+91 26008 02658,Bombay,West Bengal,Vi,Pre-paid,999.0,64,18 Apr 2021,15/06/2026,2,N,noah61@example.org,male
CUST00826,Robert Saraf,34.0,,Jaipur,West Bengal,Vi,Pre-paid,149.0,63,18 May 2021,07/20/2026,1,,mangalanya@example.net,male
CUST00827,idika patel,37.0,91-60519-08543,bhopal,West Bengal,BSNL,Pre-paid,399.0,17,2025-02-26,20260704,3,Y,rohanjha@example.org,Female
CUST00828,Jeevika Yogi,51.0,+919318781048,Calcutta,Chhattisgarh,Jio,Postpaid,799.0,49,2022-07-12,20 Jul 2026,0,N,dyaldavid@example.net,M
CUST00829,Darpan Pradhan,28.0,00812268159,lucknow,Tripura,Airtel,prepaid,299.0,34,05-10-2023,15/07/2026,1,N,,F
CUST00830,Manya Sabharwal,36.0,1891426937,mumbai,Telangana,Jio,POSTPAID,399.0,32,12/04/2023,2026-07-15,1,NO,nazarethurmi@example.net,FEMALE
CUST00831,TARA BHAGAT,59.0,2762922666,Pune,Manipur,Jio,,299.0,53,2022-03-14,13-07-2026,1,N,ranveer33@example.org,
CUST00832,Anusha Chawla,39.0,+91 77265 97640,Patna,Jharkhand,BSNL,prepaid,999.0,38,07-06-2023,,1,,,male
CUST00833,TRIVENI NARULA,26.0,+91 56518 87114,DELHI,,Airtel,postpaid,1199.0,50,,12-07-2026,0,,lucky09@example.com,Male
CUST00834,Dayita Bumb,19.0,+91 25018 60742,Jaipur,Manipur,BSNL,POST PAID,1999.0,45,09/11/2022,11/07/2026,0,N,kashvi30@example.com,Female
CUST00835,UTKARSH BHATIA,26.0,,BHOPAL,Haryana,Airtel,PREPAID,199.0,50,20220612,20260721,1,NO,otailor@example.com,male
CUST00836,Wridesh Chander,41.0,91-51466-88658,pune,Rajasthan,BSNL,postpaid,999.0,64,20210418,12-06-2026,5,n,dubeybenjamin@example.com,MALE
CUST00837,Lavanya Wali,60.0,,surat,Manipur,BSNL,PRE PAID,299.0,64,20210418,15/07/2026,1,,dayamai58@example.org,MALE
CUST00838,Darpan Bhatia,,02846720073,Lucknow,Rajasthan,Airtel,POST PAID,399.0,46,20221010,09/07/2026,1,n,gaurangbhargava@example.net,FEMALE
CUST00839,baghyawati balay,44.0,,Patna,Jharkhand,Vi,PREPAID,499.0,35,2023-09-05,07/11/2026,0,NO,derajeshri@example.org,Female
CUST00840,Krishna Dua,35.0,91-26527-42866,BHOPAL,Tamil Nadu,BSNL,,499.0,80,25/12/2019,30 Jun 2026,2,Y,ladnicholas@example.com,female
CUST00841,Suhani Kapoor,55.0,1174555370,Calcutta,Chhattisgarh,Vi,POST PAID,999.0,11,25/08/2025,15-07-2026,0,,madankala@example.net,Male
CUST00842,Sara Bhat,,+914818762099,bhopal,Uttarakhand,Vi,PREPAID,499.0,61,2021-07-17,10/07/2026,0,0,anika87@example.net,female
CUST00843,Wishi Lala,26.0,+91 67312 34388,Delhi,Odisha,BSNL,postpaid,999.0,8,23-11-2025,2026-07-10,1,,omya94@example.net,Female
CUST00844,Jeet Muni,41.0,+91 76729 91154,Pune,Assam,Vi,postpaid,699.0,6,20260122,09-07-2026,0,N,pkhanna@example.net,female
CUST00845,Aryan Ahluwalia,,91-29179-26517,Madras,Uttar Pradesh,Airtel,Pre-paid,199.0,84,20190827,12 Jul 2026,1,0,shravyagoel@example.net,Male
CUST00846,Ridhi Balasubramanian,48.0,00529877074,BLR,Maharashtra,Jio,,999.0,51,2022-05-13,09-07-2026,1,0,,Male
CUST00847,Ojasvi Hans,40.0,02958676030,Mumbai,Arunachal Pradesh,BSNL,,299.0,67,20210118,20260713,0,NO,wbhattacharyya@example.com,F
CUST00848,Lopa Ravi,46.0,00513346018,Jaipur,Goa,Jio,PREPAID,839.0,55,13/01/2022,21/07/2026,0,NO,palanwarinder@example.com,
CUST00849,David Kala,54.0,,nagpur,Karnataka,Airtel,Prepaid,839.0,50,,27-05-2026,5,Y,sanerushil@example.com,F
CUST00850,Kashish Loyal,56.0,+91 23708 51191,indore,Jharkhand,BSNL,prepaid,719.0,2,05/22/2026,21/06/2026,4,N,ndave@example.org,female
CUST00851,Vedant Kannan,25.0,91-88626-39561,KOLKATA,Bihar,Airtel,Post-paid,699.0,77,24/03/2020,14-07-2026,0,NO,kvenkataraman@example.com,Female
CUST00852,Anamika Narasimhan,59.0,91-46144-66276,Amdavad,,Jio,,839.0,70,10/20/2020,20260717,0,NO,patrickpadmanabhan@example.com,F
CUST00853,Suhani Setty,19.0,91-65689-69870,KOLKATA,Odisha,Vi,Prepaid,,66,17/02/2021,11 Jun 2026,5,Y,jacobdalia@example.com,Female
CUST00854,Dhruv Tandon,48.0,,Poona,Kerala,Airtel,PREPAID,999.0,45,09 Nov 2022,07/10/2026,0,,urandhawa@example.net,Female
CUST00855,Rachit Madan,57.0,+918497499799,mumbai,Kerala,Airtel,Prepaid,999.0,58,15-10-2021,07/15/2026,0,0,radhikakalla@example.org,MALE
CUST00856,BALHAAR JAIN,44.0,1297557261,kolkata,Himachal Pradesh,Airtel,Prepaid,599.0,2,2026-05-22,23/06/2026,4,NO,ranawaida@example.org,M
CUST00857,Omya Sen,30.0,+91 21633 61317,pune,Uttar Pradesh,Airtel,PREPAID,299.0,15,20250427,2026-07-21,1,N,prabhuimaran@example.com,Male
CUST00858,Tara Basak,53.0,+911274392255,lucknow,Tripura,Vi,POSTPAID,1199.0,48,11/08/2022,2026-07-16,1,NO,ekalinga22@example.org,male
CUST00859,Vanya Date,52.0,91-99454-13845,Bhopal,Andhra Pradesh,BSNL,Postpaid,499.0,23,2024-08-30,07/19/2026,0,0,hritik80@example.net,
CUST00860,Kabir Chauhan,35.0,,Surat,Sikkim,Airtel,POST PAID,1499.0,84,27/08/2019,07/17/2026,1,,mohammedpatla@example.com,MALE
CUST00861,Vincent Warrior,26.0,,Amdavad,West Bengal,BSNL,prepaid,149.0,18,27 Jan 2025,18-07-2026,1,N,chaitanya86@example.com,Male
CUST00862,Gopal Zacharia,44.0,+91 11861 56409,hyderabad,Haryana,Jio,Post-paid,699.0,4,23 Mar 2026,18/07/2026,1,N,gavin62@example.org,female
CUST00863,Tara Sabharwal,22.0,+91 10356 59429,Hyd,,Vi,Prepaid,149.0,42,02/07/2023,20260712,0,,aryanigam@example.com,MALE
CUST00864,Ishanvi Narain,58.0,+913909342424,lucknow,Bihar,Jio,Prepaid,499.0,73,07/22/2020,02-06-2026,5,Y,sehgalsudiksha@example.net,
CUST00865,Ansh Tella,20.0,+91 54243 82692,lucknow,Nagaland,Jio,Pre-paid,299.0,33,2023-11-04,20-07-2026,1,0,dhillontriya@example.org,
CUST00866,Ekantika Deo,48.0,+91 04718 83009,surat,Manipur,Vi,POST PAID,399.0,62,17-06-2021,20260609,5,Y,golabalendra@example.com,MALE
CUST00867,JAI BASU,62.0,+910690149711,Surat,Rajasthan,BSNL,postpaid,1999.0,56,12/14/2021,07/12/2026,1,0,kalpitbajwa@example.org,female
CUST00868,Falan Lanka,34.0,+912343596985,pune,Odisha,Vi,POSTPAID,1199.0,1,06/21/2026,04 Jun 2026,5,N,urishilla10@example.org,Female
CUST00869,Jacob Patel,48.0,+918925714025,Amdavad,Bihar,Vi,Post-paid,699.0,6,01/22/2026,10-07-2026,1,NO,dasqasim@example.org,F
CUST00870,Indrajit Chatterjee,30.0,5301012789,SURAT,Tripura,Jio,POST PAID,999.0,67,,09 Jul 2026,1,,xalak69@example.org,Male
CUST00871,Zinal Misra,30.0,3444394689,PATNA,Arunachal Pradesh,BSNL,Postpaid,1499.0,45,20221109,21/07/2026,0,0,krisha50@example.com,FEMALE
CUST00872,Hemal Borde,47.0,,Surat,Sikkim,Airtel,POST PAID,399.0,62,06/17/2021,07/18/2026,0,0,sudikshalad@example.net,female
CUST00873,Ishita Mital,46.0,+914037676874,lucknow,Gujarat,Vi,POSTPAID,799.0,84,08/27/2019,08-07-2026,1,NO,ladlisharaf@example.org,female
CUST00874,BAKHSHI ISSAC,55.0,91-00940-65658,Madras,Meghalaya,Airtel,postpaid,1199.0,10,24-09-2025,07/09/2026,0,NO,echakrabarti@example.org,female
CUST00875,ridhi dugar,54.0,,BLR,Haryana,Jio,PRE PAID,599.0,53,2022-03-14,2026-07-11,0,N,mannedamini@example.org,female
CUST00876,Kalpit Gade,50.0,+91 68704 79666,Jaipur,Himachal Pradesh,BSNL,PREPAID,599.0,36,06-08-2023,17 Jul 2026,1,0,raveladya@example.net,M
CUST00877,Rachita Dhillon,36.0,05473986221,Jaipur,Chhattisgarh,Vi,Prepaid,299.0,22,09/29/2024,07/21/2026,0,,nraman@example.net,Female
CUST00878,Zayyan Anand,18.0,09441023873,Chennai,West Bengal,Vi,,839.0,59,09/15/2021,07/17/2026,1,n,hmital@example.net,F
CUST00879,Tara Varkey,35.0,,Madras,Madhya Pradesh,Jio,Pre-paid,149.0,47,10 Sep 2022,2026-07-18,0,NO,bbail@example.net,
CUST00880,Nicholas Kibe,29.0,,Hyderabad,Uttar Pradesh,Jio,PRE PAID,599.0,71,09/20/2020,09/07/2026,0,0,hamsinibose@example.net,Male
CUST00881,Chasmum Sankar,24.0,+918527341146,Hyd,Tripura,Airtel,prepaid,499.0,78,23/02/2020,2026-07-10,0,N,indrajitbadami@example.org,M
CUST00882,Meghana Mutti,65.0,09845576634,chennai,Kerala,Vi,PRE PAID,99.0,38,07 Jun 2023,07/13/2026,0,N,xalakmitter@example.com,male
CUST00883,Osha Lal,62.0,,Kolkata,Uttarakhand,Airtel,Prepaid,399.0,54,12/02/2022,2026-07-07,0,N,anshpathak@example.com,FEMALE
CUST00884,FARIQ ANNE,30.0,7910059325,Calcutta,Himachal Pradesh,Jio,POST PAID,1499.0,84,27/08/2019,2026-07-12,1,NO,,FEMALE
CUST00885,Chakrika Jain,57.0,+914520580286,patna,,Vi,POST PAID,,79,24/01/2020,07/17/2026,0,,farasbobal@example.org,male
CUST00886,brijesh vaidya,23.0,09856643016,PATNA,Meghalaya,Vi,Post-paid,1499.0,58,15 Oct 2021,12 Jul 2026,1,N,sdixit@example.net,FEMALE
CUST00887,Anika Seth,,,nagpur,Uttar Pradesh,Vi,POSTPAID,799.0,55,13/01/2022,12/06/2026,2,NO,sudikshashere@example.org,male
CUST00888,ANSH SANGHVI,63.0,91-47905-34728,BHOPAL,Meghalaya,Jio,POSTPAID,699.0,72,21/08/2020,12 Jul 2026,1,n,karnikom@example.com,Female
CUST00889,Gunbir Prasad,39.0,+912925822828,Bengaluru,Himachal Pradesh,BSNL,Postpaid,999.0,2,05/22/2026,09 Jul 2026,1,,tanveer28@example.net,
CUST00890,Ishaan Sagar,53.0,04495975213,NAGPUR,Odisha,BSNL,Post-paid,1499.0,63,20210518,20260713,0,,watikabali@example.org,
CUST00891,Chaaya Kumar,28.0,05119976453,NAGPUR,Telangana,Vi,postpaid,1999.0,69,20201119,2026-07-20,0,n,mram@example.net,FEMALE
CUST00892,nimrat sood,25.0,91-30159-72242,JAIPUR,Odisha,Jio,POST PAID,399.0,2,20260522,07/18/2026,1,,sodhilopa@example.net,
CUST00893,UMANG RAMASWAMY,31.0,4801537358,MUMBAI,Madhya Pradesh,BSNL,Post-paid,399.0,84,27-08-2019,2026-07-09,0,n,vyohannan@example.net,Male
CUST00894,hemangini nath,39.0,6499119285,patna,Himachal Pradesh,Airtel,Postpaid,1499.0,79,2020-01-24,2026-07-17,1,NO,watika22@example.net,female
CUST00895,Faras Loke,42.0,+914395678446,KOLKATA,Tamil Nadu,Jio,PREPAID,719.0,3,2026-04-22,08 Jul 2026,1,,samaksh29@example.com,F
CUST00896,JANYA NARAYAN,37.0,,Lucknow,Goa,BSNL,,499.0,62,17-06-2021,07/19/2026,1,n,gverma@example.net,female
CUST00897,Gauri Thaker,45.0,+91 71569 22094,Lucknow,Gujarat,BSNL,,499.0,3,22-04-2026,10 Jul 2026,1,NO,jaggiomkaar@example.com,F
CUST00898,George Gour,34.0,01487225578,MUMBAI,Sikkim,Airtel,Prepaid,499.0,16,20250328,14-07-2026,1,NO,,
CUST00899,Agastya Pandey,61.0,+915794758166,Calcutta,Maharashtra,BSNL,POST PAID,1199.0,28,20240402,27/06/2026,4,n,harini57@example.net,Female
CUST00900,Sai Raj,63.0,07973418559,Chennai,Sikkim,BSNL,Postpaid,999.0,1,20260621,2026-06-30,4,,tellaishita@example.net,M
CUST00901,Arunima Chowdhury,20.0,+91 79490 78692,chennai,Tamil Nadu,Airtel,POSTPAID,499.0,3,2026-04-22,12-07-2026,0,N,ekta00@example.com,Female
CUST00902,Daksh Bedi,61.0,+91 89607 07228,Surat,Uttarakhand,BSNL,POSTPAID,799.0,52,13-04-2022,18/07/2026,1,0,warhi65@example.org,F
CUST00903,Manbir Ranganathan,32.0,91-35796-71480,Hyderabad,Nagaland,Airtel,Pre-paid,719.0,78,23-02-2020,07/17/2026,0,0,okunda@example.net,
CUST00904,Nitesh Magar,55.0,,Bhopal,Jharkhand,BSNL,Prepaid,839.0,4,23/03/2026,15/06/2026,3,0,teerthhegde@example.net,F
CUST00905,Chakradhar Purohit,38.0,+914465325544,Patna,Himachal Pradesh,BSNL,,839.0,83,20190926,19/07/2026,1,,samaryohannan@example.net,FEMALE
CUST00906,Balhaar Bansal,45.0,+911847146220,chennai,Odisha,Vi,Prepaid,99.0,19,2024-12-28,2026-05-26,2,NO,wadhwaoliver@example.com,Male
CUST00907,jonathan minhas,,06761837629,Jaipur,Jharkhand,BSNL,,299.0,2,20260522,2026-06-06,5,0,sai55@example.net,M
CUST00908,Urvashi Choudhry,28.0,+91 45649 67419,Hyderabad,West Bengal,Airtel,postpaid,499.0,39,08/05/2023,2026-07-08,0,N,eiravatikumer@example.com,male
CUST00909,Aarav Sarin,61.0,+91 81589 13682,indore,Andhra Pradesh,BSNL,PREPAID,99.0,83,26-09-2019,2026-06-28,4,N,omajumdar@example.net,MALE
CUST00910,Jai Gaba,19.0,08754802933,NAGPUR,Meghalaya,Vi,PRE PAID,599.0,22,29 Sep 2024,2026-07-19,0,N,grewalhredhaan@example.com,FEMALE
CUST00911,Ojas Sur,40.0,+91 21401 28331,chennai,Sikkim,Airtel,POST PAID,999.0,62,2021-06-17,17-07-2026,1,,bumbavi@example.com,FEMALE
CUST00912,Chandran Banik,21.0,+91 41246 05164,New Delhi,Sikkim,BSNL,POST PAID,1999.0,11,08/25/2025,18-07-2026,0,n,sinhaurishilla@example.org,
CUST00913,Benjamin Goyal,59.0,09731730332,AHMEDABAD,Karnataka,BSNL,Post-paid,1499.0,60,08/16/2021,21-07-2026,1,n,ytaneja@example.com,female
CUST00914,Sai Shankar,46.0,3181560542,Delhi,Madhya Pradesh,Vi,PRE PAID,399.0,70,20 Oct 2020,08-07-2026,0,,adweta09@example.com,MALE
CUST00915,Jagat Mohanty,36.0,5657289722,BHOPAL,Goa,Airtel,prepaid,99.0,14,20250527,,1,0,parthshetty@example.com,M
CUST00916,Neha Gole,29.0,6138268709,lucknow,Jharkhand,BSNL,Post-paid,1199.0,68,20201219,21 Jul 2026,1,0,bchaudhry@example.com,MALE
CUST00917,pahal shan,46.0,+91 51289 62206,,Manipur,Jio,postpaid,1999.0,64,20210418,07/07/2026,1,N,,Male
CUST00918,Rachana Bir,63.0,00695235786,Madras,Gujarat,Vi,PREPAID,599.0,36,08/06/2023,2026-06-11,2,0,,MALE
CUST00919,Chatura Loke,58.0,08042554280,Bhopal,West Bengal,Vi,Post-paid,1199.0,68,19/12/2020,2026-07-14,1,NO,mnagy@example.com,MALE
CUST00920,kai sagar,,+91 19586 63992,jaipur,Chhattisgarh,BSNL,Post-paid,699.0,4,03/23/2026,20260530,3,Y,,Male
CUST00921,Vamakshi Nanda,,+913288807005,INDORE,,Vi,POST PAID,699.0,53,2022-03-14,2026-07-20,1,,amritadhillon@example.net,Male
CUST00922,Varsha Palla,26.0,01046627501,Nagpur,Punjab,Airtel,,499.0,63,18/05/2021,17/07/2026,0,0,aarna30@example.com,MALE
CUST00923,Reva Baral,53.0,91-80601-45792,Bombay,Odisha,Vi,POSTPAID,799.0,38,07-06-2023,2026-05-31,4,0,warinder42@example.com,FEMALE
CUST00924,INAYA DOSHI,26.0,91-92018-28523,Bombay,Manipur,Vi,Pre-paid,149.0,6,22 Jan 2026,14/07/2026,1,NO,sachdevudarsh@example.net,female
CUST00925,zashil vaidya,31.0,,Jaipur,Gujarat,Airtel,prepaid,839.0,44,12/09/2022,11 Jul 2026,1,n,doshigayathri@example.org,MALE
CUST00926,Suhani Mody,48.0,,bangalore,Himachal Pradesh,Airtel,POST PAID,799.0,67,18/01/2021,07/19/2026,1,,finnsethi@example.net,F
CUST00927,Vedhika Kanda,19.0,+912479600094,Kolkata,Maharashtra,Vi,postpaid,399.0,29,03/03/2024,12/07/2026,0,NO,kapurgavin@example.org,Male
CUST00928,Harshil Thakkar,23.0,91-40152-73117,Bangalore,Maharashtra,Vi,POSTPAID,699.0,77,24-03-2020,2026-07-18,1,,boaserehaan@example.net,F
CUST00929,Ira Lal,58.0,+915966771539,Jaipur,Jharkhand,Jio,Postpaid,799.0,79,24/01/2020,2026-06-15,4,n,,Female
CUST00930,CHARAN DUA,59.0,91-27873-55404,,Andhra Pradesh,Airtel,Pre-paid,99.0,82,20191026,2026-07-08,1,0,dnazareth@example.com,FEMALE
CUST00931,TRIVENI BAKSHI,38.0,91-92528-78357,Calcutta,Uttarakhand,Jio,POST PAID,799.0,80,2019-12-25,18/07/2026,1,,falak67@example.net,Female
CUST00932,Fitan Dara,,+919853720335,surat,Chhattisgarh,Airtel,Pre-paid,299.0,24,31/07/2024,2026-07-20,0,NO,masterkala@example.net,F
CUST00933,Devansh Toor,59.0,04564119925,Kolkata,Nagaland,Vi,Postpaid,1999.0,69,11/19/2020,2026-05-30,4,N,vohrachanakya@example.com,Female
CUST00934,Krish Lad,25.0,,BHOPAL,Manipur,Airtel,postpaid,799.0,45,,2026-07-17,1,N,vaishnavisandal@example.net,Male
CUST00935,timothy chana,20.0,0598685697,Bhopal,Tripura,Vi,,299.0,56,2021-12-14,21 Jul 2026,0,0,,M
CUST00936,Bina Bal,50.0,91-81893-04616,NCR,Assam,Airtel,Pre-paid,599.0,37,07 Jul 2023,2026-07-08,0,NO,hemani63@example.net,female
CUST00937,Maya Shere,28.0,+912800727208,PATNA,Gujarat,Airtel,postpaid,399.0,45,11/09/2022,07/15/2026,1,0,aaravoza@example.net,FEMALE
CUST00938,Kashish Ganguly,54.0,4549836714,jaipur,Uttarakhand,Airtel,PREPAID,299.0,69,19 Nov 2020,06/11/2026,5,,idika12@example.com,
CUST00939,Kritika Hora,43.0,,Kolkata,Sikkim,Airtel,POST PAID,1499.0,11,25-08-2025,15/07/2026,0,n,xbhat@example.org,FEMALE
CUST00940,Omkaar Kant,55.0,06154872012,NAGPUR,Arunachal Pradesh,BSNL,postpaid,399.0,31,03-01-2024,,1,0,,female
CUST00941,Yashawini Sodhi,47.0,08724616303,Hyd,Meghalaya,Airtel,,999.0,73,,08/07/2026,0,,jatin35@example.com,male
CUST00942,Pushti Rattan,27.0,91-73518-96225,lucknow,Haryana,Airtel,,399.0,63,,2026-05-31,5,Y,balhaarshan@example.net,male
CUST00943,EKALINGA LANKA,41.0,0418280516,MUMBAI,,BSNL,POST PAID,1999.0,60,16/08/2021,07/20/2026,0,n,yadavisathe@example.org,male
CUST00944,DEVIKA GOLE,26.0,09584442022,INDORE,Goa,BSNL,postpaid,399.0,82,26/10/2019,15/07/2026,0,0,tbobal@example.org,Female
CUST00945,Nicholas Kalla,42.0,+911419396061,ahmedabad,Assam,Vi,PREPAID,99.0,47,20220910,2026-07-02,2,N,kevinchoudhury@example.com,Male
CUST00946,Azad Sahota,31.0,+910341413181,NAGPUR,Telangana,BSNL,postpaid,,77,2020-03-24,10/07/2026,1,0,indrajit37@example.net,F
CUST00947,Urmi Tara,42.0,04878310314,AHMEDABAD,Meghalaya,Vi,Pre-paid,719.0,40,04/08/2023,06/13/2026,5,Y,balhaar23@example.net,M
CUST00948,Balveer Pillai,57.0,,ahmedabad,Haryana,Airtel,Post-paid,799.0,29,03/03/2024,,1,n,vartyarya@example.com,FEMALE
CUST00949,jalsa khurana,19.0,+919654612536,KOLKATA,Odisha,Airtel,PREPAID,839.0,83,26 Sep 2019,05 Jun 2026,5,Y,qmutti@example.org,
CUST00950,widisha sridhar,21.0,07701773759,Poona,Bihar,Vi,POSTPAID,499.0,67,2021-01-18,07 Jul 2026,0,0,vasana48@example.net,MALE
CUST00951,OESHI PALAN,40.0,,bhopal,Uttarakhand,Airtel,prepaid,999.0,36,06 Aug 2023,07/01/2026,4,Y,vasatikakade@example.net,M
CUST00952,Aarush Hora,55.0,6536197731,Bhopal,Uttar Pradesh,Jio,prepaid,299.0,47,10/09/2022,07/07/2026,0,n,patrick39@example.net,Male
CUST00953,Qushi Balakrishnan,42.0,1413493179,patna,Karnataka,Vi,Pre-paid,,68,20201219,11/07/2026,0,,saksham34@example.net,FEMALE
CUST00954,Kamya Thaker,41.0,06463989701,LUCKNOW,Manipur,Airtel,,599.0,16,28/03/2025,05/07/2026,5,,ravelarin@example.net,Male
CUST00955,Ekta Bains,21.0,09260001101,AHMEDABAD,Haryana,BSNL,PREPAID,999.0,51,13 May 2022,16-07-2026,1,NO,tellahredhaan@example.com,
CUST00956,Mitesh Loke,42.0,09086723310,,Tamil Nadu,Airtel,PREPAID,99.0,30,02/02/2024,01/06/2026,3,NO,advik27@example.org,MALE
CUST00957,Banjeet Vig,19.0,91-18641-76130,Bhopal,West Bengal,Vi,POSTPAID,499.0,54,12/02/2022,19/07/2026,0,,nathan67@example.com,F
CUST00958,Damini Srinivasan,64.0,+91 25282 67126,Poona,Uttarakhand,BSNL,postpaid,399.0,36,06-08-2023,19/07/2026,0,,manderwarda@example.com,female
CUST00959,Naveen Badami,45.0,,BLR,,Vi,POST PAID,999.0,34,05-10-2023,17-07-2026,0,0,gcheema@example.net,M
CUST00960,Oeshi Savant,19.0,,Indore,Chhattisgarh,Jio,Postpaid,1999.0,62,17 Jun 2021,21/07/2026,0,n,yatindave@example.com,female
CUST00961,Kabir Bala,55.0,5192474111,SURAT,Uttarakhand,BSNL,Post-paid,1999.0,30,02/02/2024,07/09/2026,0,,advik49@example.com,female
CUST00962,azad ramachandran,18.0,91-56308-29248,PUNE,Karnataka,BSNL,Postpaid,499.0,14,05/27/2025,01 Jun 2026,4,NO,ksoni@example.com,F
CUST00963,Reyansh Agate,18.0,,,Andhra Pradesh,Jio,POST PAID,1199.0,55,13/01/2022,17-07-2026,1,NO,,female
CUST00964,Bachittar Saran,62.0,+914226230036,KOLKATA,Haryana,Airtel,Postpaid,399.0,3,20260422,2026-07-07,0,N,bsamra@example.org,Female
CUST00965,Anita Sama,54.0,+91 80916 63166,surat,Chhattisgarh,Jio,Post-paid,999.0,82,26/10/2019,2026-06-07,4,,manbirbali@example.com,male
CUST00966,AMARA AGRAWAL,52.0,+91 58015 17642,patna,Meghalaya,Airtel,Postpaid,1499.0,3,22-04-2026,11-06-2026,4,N,,M
CUST00967,Yachana Ramakrishnan,26.0,08058837743,surat,Karnataka,BSNL,postpaid,799.0,13,26-06-2025,20260626,4,Y,karnikeesha@example.org,female
CUST00968,Yochana Andra,29.0,+91 88826 03174,MUM,,Airtel,Prepaid,,15,27-04-2025,08 Jul 2026,1,n,mugdha04@example.com,
CUST00969,Gautami Shenoy,62.0,04592055967,MUMBAI,Gujarat,Airtel,POST PAID,1499.0,70,20201020,06/17/2026,3,Y,saivenkataraman@example.org,
CUST00970,Zansi Savant,24.0,06089589701,Madras,West Bengal,Vi,Prepaid,719.0,43,08 Jan 2023,2026-07-19,1,n,,
CUST00971,Jack Korpal,42.0,,chennai,Uttar Pradesh,BSNL,POSTPAID,499.0,56,14/12/2021,20260604,3,Y,mayapalla@example.org,
CUST00972,Vasudha Chacko,34.0,9763090073,PATNA,Tripura,Jio,POST PAID,1199.0,66,20210217,13-07-2026,1,,gmallick@example.com,female
CUST00973,Saanvi Raval,65.0,+916543475916,ahmedabad,Sikkim,Vi,POST PAID,499.0,36,06 Aug 2023,20260721,1,0,mvarkey@example.org,M
CUST00974,Shivani Kari,53.0,,Ahmedabad,Arunachal Pradesh,Vi,Post-paid,1199.0,65,20210319,09/07/2026,0,0,bhardwajchaman@example.com,M
CUST00975,Farhan Kala,38.0,,Surat,Maharashtra,BSNL,Prepaid,839.0,66,17/02/2021,20260530,3,Y,fbadal@example.org,female
CUST00976,Kashvi Mandal,34.0,0322347714,chennai,Kerala,BSNL,PRE PAID,499.0,31,03-01-2024,07/10/2026,1,N,urvashi48@example.com,M
CUST00977,Eiravati Chadha,41.0,,Patna,Bihar,Airtel,,599.0,6,,2026-06-20,2,Y,dnayar@example.org,MALE
CUST00978,Chanakya Bedi,53.0,91-30455-55950,DELHI,Tripura,Jio,prepaid,839.0,20,11/28/2024,11 Jul 2026,0,n,bathveda@example.net,male
CUST00979,abhimanyu rau,61.0,+91 00823 69626,Patna,Arunachal Pradesh,Jio,,199.0,83,09/26/2019,08-07-2026,0,,baliazaan@example.net,MALE
CUST00980,ZARNA ARYA,31.0,+913449076972,DELHI,Telangana,Airtel,POSTPAID,1999.0,56,14/12/2021,02/07/2026,4,NO,hayerchameli@example.com,F
CUST00981,Noah Padmanabhan,,0822837742,Nagpur,Andhra Pradesh,BSNL,PRE PAID,999.0,84,27 Aug 2019,07/06/2026,4,Y,kala69@example.net,
CUST00982,Dhruv Bains,21.0,4665895247,Patna,Meghalaya,Airtel,Pre-paid,299.0,52,20220413,23-05-2026,2,NO,vkannan@example.net,male
CUST00983,Nimrat Hayre,,+910946577706,Patna,Mizoram,Jio,POST PAID,1999.0,47,10/09/2022,01/06/2026,5,0,brijeshiyengar@example.org,M
CUST00984,ria kapoor,39.0,+917186056688,Indore,Odisha,Jio,,149.0,52,04/13/2022,09 Jul 2026,1,n,ochoudhury@example.org,F
CUST00985,Unnati Randhawa,41.0,,bangalore,Gujarat,Jio,POST PAID,699.0,16,2025-03-28,20260717,0,,harishbose@example.org,MALE
CUST00986,Dev Behl,36.0,6895796724,Ahmedabad,Chhattisgarh,Vi,prepaid,99.0,22,29 Sep 2024,2026-07-11,0,N,qdua@example.net,M
CUST00987,Abdul Manne,54.0,+91 39201 02975,BHOPAL,Rajasthan,BSNL,,499.0,72,20200821,25-06-2026,2,Y,vamakshi69@example.org,MALE
CUST00988,OMISHA KARI,23.0,1537405133,Calcutta,Meghalaya,Vi,Post-paid,699.0,33,04 Nov 2023,20260715,1,NO,doak@example.org,MALE
CUST00989,Lakshit Puri,41.0,+91 96881 44990,Jaipur,Chhattisgarh,BSNL,prepaid,839.0,1,20260621,14-07-2026,0,0,chavvibath@example.org,male
CUST00990,Simon Grover,55.0,+91 11085 18466,kolkata,Assam,BSNL,Prepaid,199.0,27,02 May 2024,09 Jul 2026,0,n,chandraaadi@example.net,M
CUST00991,Janya Keer,44.0,+91 59720 55482,BHOPAL,Odisha,Jio,Post-paid,999.0,84,2019-08-27,08/07/2026,0,N,jacobshere@example.com,male
CUST00992,Anamika Kashyap,24.0,8472146172,ahmedabad,Punjab,Vi,postpaid,999.0,58,15/10/2021,07/17/2026,0,,kadakiaaahana@example.org,
CUST00993,Sudiksha Merchant,33.0,91-19293-60596,JAIPUR,Bihar,BSNL,POSTPAID,1199.0,61,17-07-2021,16/07/2026,1,0,bbumb@example.org,M
CUST00994,Reyansh Chaudry,44.0,+911568622307,,Kerala,Vi,PRE PAID,399.0,68,19-12-2020,2026-07-14,0,0,parsaxavier@example.org,Male
CUST00995,Dominic Dixit,63.0,91-71862-44756,Nagpur,Karnataka,BSNL,PREPAID,399.0,82,26 Oct 2019,07/03/2026,3,NO,ghoshmax@example.com,Male
CUST00996,Ayushman Loke,43.0,91-56541-80288,jaipur,Odisha,Airtel,Postpaid,1499.0,51,13 May 2022,23 May 2026,4,Y,,female
CUST00997,Wazir Behl,20.0,,Bhopal,Himachal Pradesh,BSNL,Postpaid,999.0,76,04/23/2020,04 Jun 2026,3,,dmall@example.org,male
CUST00998,Ikbal Mukhopadhyay,42.0,+913208778347,,,BSNL,Postpaid,1499.0,70,20/10/2020,20260602,4,Y,ekanta57@example.org,female
CUST00999,Madhav Shroff,20.0,5358597302,Amdavad,Kerala,Vi,,199.0,55,13-01-2022,05/26/2026,3,0,ybanerjee@example.com,M
CUST01000,Vanya Muni,62.0,+91 97704 11678,Hyderabad,Karnataka,Vi,PRE PAID,199.0,6,22-01-2026,20260716,1,0,senguptasachi@example.org,
CUST01001,Aahana Ray,29.0,,PUNE,,BSNL,Post-paid,399.0,78,23 Feb 2020,17-07-2026,1,0,mandakai@example.org,male
CUST01002,DARSH DATTA,26.0,+910339801387,BENGALURU,Himachal Pradesh,Vi,Postpaid,1999.0,5,21 Feb 2026,11 Jul 2026,1,NO,januja61@example.net,F
CUST01003,Girindra Memon,59.0,02871565969,MUMBAI,Maharashtra,Airtel,PRE PAID,299.0,47,09/10/2022,19-06-2026,3,Y,yatin19@example.net,female
CUST01004,unnati rana,25.0,,kolkata,Goa,Vi,PREPAID,299.0,42,07 Feb 2023,15 Jul 2026,0,,aissac@example.org,F
CUST01005,Priya Sarraf,,91-27694-73088,pune,Telangana,Airtel,Postpaid,699.0,9,24/10/2025,2026-06-13,5,Y,harishborde@example.com,male
CUST01006,Ronith Dua,19.0,01218052579,PATNA,Karnataka,Airtel,POSTPAID,799.0,23,30 Aug 2024,2026-07-15,0,n,advik27@example.org,Female
CUST01007,Neha Lanka,64.0,,Patna,Gujarat,Vi,Pre-paid,599.0,39,05/08/2023,01/06/2026,2,N,iloke@example.com,F
CUST01008,BIMALA SHETTY,,+91 49480 29890,BLR,West Bengal,Jio,,149.0,80,12/25/2019,10-07-2026,0,,qbarad@example.net,F
CUST01009,Reyansh Nigam,62.0,+917236670417,Bhopal,Odisha,Airtel,Prepaid,199.0,66,2021-02-17,23 Jun 2026,3,Y,dalaja68@example.org,FEMALE
CUST01010,Waida Talwar,34.0,,HYDERABAD,Arunachal Pradesh,Vi,,149.0,4,20260323,23/06/2026,3,Y,,MALE
CUST01011,warda naik,60.0,0570399630,indore,Madhya Pradesh,Airtel,PREPAID,,51,13-05-2022,11 Jul 2026,1,,memonjai@example.net,MALE
CUST01012,Pahal Menon,51.0,91-09714-08633,Poona,Sikkim,Jio,PREPAID,299.0,32,04 Dec 2023,21-07-2026,0,0,gerayasti@example.com,
CUST01013,Unni Kala,38.0,+912585455139,NAGPUR,Jharkhand,Jio,PREPAID,719.0,32,04 Dec 2023,10/07/2026,0,,krishhayer@example.com,
CUST01014,Oliver Shere,20.0,+91 36475 84664,jaipur,Rajasthan,BSNL,,599.0,26,06/01/2024,08/07/2026,0,NO,,Female
CUST01015,Eiravati Srivastava,,,delhi,Tamil Nadu,Vi,Post-paid,699.0,45,09 Nov 2022,2026-07-14,1,N,mohammedsekhon@example.com,M
CUST01016,Rohan Kaul,63.0,91-65426-83684,bhopal,Uttarakhand,BSNL,prepaid,149.0,10,20250924,20260719,1,N,madhav22@example.com,female
CUST01017,Vrishti Bora,26.0,,Bhopal,Punjab,BSNL,POST PAID,399.0,55,2022-01-13,06-07-2026,2,Y,pbhalla@example.org,FEMALE
CUST01018,ishita nagy,44.0,4034848437,Mumbai,,Vi,Pre-paid,999.0,4,23 Mar 2026,20260715,1,N,balendra40@example.com,F
CUST01019,Ikbal Sawhney,23.0,+917562752800,HYDERABAD,Gujarat,Vi,,399.0,33,20231104,20260715,1,,prakashkaran@example.com,Female
CUST01020,Faraj Rattan,44.0,+918326489710,Hyderabad,Arunachal Pradesh,BSNL,Post-paid,999.0,75,23/05/2020,16 Jul 2026,0,NO,nishamann@example.org,female
CUST01021,Advika Maharaj,36.0,3552833728,ahmedabad,Madhya Pradesh,Airtel,Post-paid,399.0,31,20240103,08/07/2026,1,,ikalita@example.org,female
CUST01022,Suhani Rajagopalan,47.0,+918941079116,Pune,Karnataka,BSNL,Post-paid,499.0,61,20210717,2026-07-16,0,N,urishillasen@example.org,
CUST01023,Qadim Prabhakar,51.0,+915237748770,CHENNAI,Haryana,BSNL,PREPAID,399.0,47,10/09/2022,2026-06-17,5,Y,bahadurjit94@example.com,
CUST01024,Janaki Setty,,8653839571,bhopal,Maharashtra,Jio,,599.0,22,20240929,,0,,,FEMALE
CUST01025,Onkar Bhatt,44.0,06932070983,MUM,Odisha,BSNL,Prepaid,299.0,6,01/22/2026,09 Jul 2026,0,,vrinda57@example.net,MALE
CUST01026,Vaishnavi Raghavan,46.0,7654198281,PATNA,Odisha,BSNL,Pre-paid,99.0,45,,2026-07-09,1,n,jatin04@example.com,female
CUST01027,Amruta Hayre,31.0,,Indore,Goa,Jio,Pre-paid,199.0,8,2025-11-23,19/07/2026,1,,alexander89@example.com,MALE
CUST01028,Chasmum Prakash,53.0,91-99005-36693,Jaipur,Mizoram,Jio,Postpaid,699.0,83,26/09/2019,15-07-2026,1,n,spandya@example.org,Male
CUST01029,Pallavi Kashyap,20.0,+913700894234,Indore,Jharkhand,BSNL,PREPAID,299.0,18,27/01/2025,20260719,0,n,bgarg@example.org,
CUST01030,Pallavi Pandya,24.0,05176968064,chennai,Uttarakhand,Vi,Postpaid,499.0,52,20220413,26/05/2026,5,N,timothy27@example.net,Male
CUST01031,Vyanjana Majumdar,56.0,+918593428839,Poona,Tripura,Airtel,POST PAID,799.0,42,20230207,11/07/2026,1,NO,nandini21@example.com,F
CUST01032,Bachittar Mohanty,23.0,0250666860,NAGPUR,Haryana,Airtel,postpaid,699.0,31,03-01-2024,04 Jun 2026,4,0,munshidaniel@example.org,MALE
CUST01033,Liam Dutt,48.0,+91 21559 63743,CHENNAI,Chhattisgarh,Vi,PRE PAID,149.0,79,24 Jan 2020,21/07/2026,0,,vrishtirastogi@example.org,female
CUST01034,ANITA HARI,21.0,,KOLKATA,Telangana,BSNL,Postpaid,1499.0,47,09/10/2022,20260711,1,NO,faqid64@example.com,Male
CUST01035,gaurika bala,24.0,91-09048-86607,NAGPUR,Uttar Pradesh,Vi,prepaid,719.0,65,19 Mar 2021,20260718,0,0,ganga79@example.org,FEMALE
CUST01036,Lopa Yadav,49.0,,jaipur,Uttarakhand,Vi,POST PAID,999.0,81,11/25/2019,20260609,2,,akothari@example.net,Female
CUST01037,Ishaan Pathak,23.0,91-78477-19888,jaipur,West Bengal,Airtel,postpaid,699.0,42,02/07/2023,12 Jul 2026,0,n,pandeychandresh@example.com,M
CUST01038,Mitali Narang,28.0,+913435486952,Poona,Odisha,Vi,,199.0,8,23/11/2025,2026-06-04,5,Y,,
CUST01039,Amaira Pradhan,21.0,+916474769116,Bombay,Sikkim,Vi,prepaid,599.0,40,20230408,20260715,1,N,akshay21@example.com,female
CUST01040,Ekiya Pandey,41.0,+918660138550,Calcutta,Rajasthan,Airtel,Post-paid,399.0,82,2019-10-26,2026-06-17,2,Y,,male
CUST01041,Saanvi Bhakta,23.0,+919991365055,INDORE,Haryana,BSNL,POST PAID,499.0,13,06/26/2025,2026-07-13,0,0,onveer96@example.org,FEMALE
CUST01042,Ekbal Sen,53.0,91-50719-61293,New Delhi,Odisha,Airtel,Postpaid,399.0,69,19/11/2020,12-07-2026,0,,,M
CUST01043,Nisha Keer,,+91 61126 20306,bhopal,Arunachal Pradesh,BSNL,Pre-paid,719.0,10,24/09/2025,13 Jul 2026,1,0,idikarajagopalan@example.net,F
CUST01044,ISHANVI KUMER,38.0,,jaipur,Manipur,Airtel,PRE PAID,299.0,17,26 Feb 2025,2026-07-12,0,NO,jairaj90@example.org,MALE
CUST01045,yug kara,21.0,06081641804,SURAT,Assam,BSNL,Pre-paid,99.0,71,20200920,16 Jul 2026,0,n,cmanne@example.net,F
CUST01046,abhimanyu tiwari,,+91 58062 74566,Hyd,Arunachal Pradesh,Jio,,599.0,35,05 Sep 2023,07/17/2026,1,,aggarwalvyanjana@example.org,male
CUST01047,Radhika Bains,30.0,+918476691953,Delhi,Gujarat,Jio,postpaid,399.0,80,20191225,07/16/2026,1,0,cnazareth@example.org,MALE
CUST01048,Manya Kothari,64.0,+91 60349 82468,PATNA,Uttarakhand,Airtel,Post-paid,1499.0,18,01/27/2025,08/06/2026,5,Y,isaiah05@example.net,FEMALE
CUST01049,Gagan Ranganathan,27.0,04235256008,BHOPAL,Bihar,Airtel,POST PAID,499.0,21,2024-10-29,2026-07-08,1,NO,xwalla@example.com,M
CUST01050,isaiah iyengar,64.0,91-45605-99342,Calcutta,Assam,Airtel,,499.0,81,,07/07/2026,0,n,hbava@example.net,male
CUST01051,George Lata,52.0,,patna,,Jio,Postpaid,999.0,14,27 May 2025,2026-07-11,0,n,dakshasaini@example.com,
CUST01052,Harinakshi Joshi,47.0,91-96355-87745,DELHI,Mizoram,Airtel,,999.0,6,22 Jan 2026,20260708,1,NO,theodoredesai@example.com,FEMALE
CUST01053,oscar lad,47.0,91-82805-03455,BHOPAL,Mizoram,Vi,Prepaid,399.0,40,2023-04-08,07/19/2026,1,NO,srinivasannakul@example.org,MALE
CUST01054,Adweta Jain,46.0,+91 20753 13685,Poona,West Bengal,Airtel,Postpaid,699.0,69,20201119,14-07-2026,1,n,janaki76@example.com,F
CUST01055,Nirja Dhar,56.0,4574433199,Hyderabad,Chhattisgarh,Jio,postpaid,499.0,1,21-06-2026,06/12/2026,2,Y,rsharma@example.com,MALE
CUST01056,Kashvi More,56.0,+91 85861 88817,bhopal,Nagaland,Airtel,Postpaid,399.0,12,26/07/2025,10-07-2026,0,n,mohini79@example.com,MALE
CUST01057,Nicholas Sura,32.0,05480704731,PATNA,Arunachal Pradesh,Jio,,399.0,63,05/18/2021,21-07-2026,0,NO,csami@example.net,FEMALE
CUST01058,ISAAC RANDHAWA,61.0,+91 62282 12821,Hyd,Rajasthan,BSNL,PRE PAID,299.0,3,22/04/2026,15-07-2026,1,0,unayar@example.net,Male
CUST01059,Christopher Lalla,45.0,91-06660-48531,Poona,Gujarat,Jio,postpaid,799.0,77,20200324,06 Jul 2026,4,n,,
CUST01060,Shivansh Batra,47.0,+911704836481,SURAT,Maharashtra,BSNL,postpaid,499.0,45,20221109,20 Jun 2026,3,Y,gargarunima@example.com,female
CUST01061,Gaurav Das,30.0,6597276768,lucknow,Tamil Nadu,Jio,POST PAID,799.0,10,09/24/2025,09-07-2026,0,N,,male
CUST01062,Praneel Dara,30.0,+919076150011,Lucknow,Goa,Vi,prepaid,839.0,29,03-03-2024,20260601,4,Y,peterrajagopal@example.org,male
CUST01063,saanvi bali,42.0,91-47904-99157,Ahmedabad,Karnataka,Airtel,PRE PAID,999.0,34,20231005,07/20/2026,0,,jpatla@example.org,M
CUST01064,Dipta Koshy,21.0,,LUCKNOW,Nagaland,Airtel,Post-paid,699.0,6,01/22/2026,2026-07-14,0,0,smand@example.net,female
CUST01065,Adweta Barad,50.0,8888610859,Hyd,Tripura,BSNL,PRE PAID,299.0,64,18 Apr 2021,19/07/2026,1,N,mohammedbasu@example.com,Female
CUST01066,Neel Sodhi,45.0,05964587669,BHOPAL,Assam,Vi,Post-paid,1999.0,35,20230905,12/06/2026,3,Y,ydubey@example.com,FEMALE
CUST01067,Vamakshi Borde,49.0,00848965394,Patna,Madhya Pradesh,Vi,postpaid,399.0,83,2019-09-26,07/19/2026,1,N,wallachaman@example.org,female
CUST01068,Timothy Chawla,44.0,04804073730,Chennai,Arunachal Pradesh,Jio,,499.0,69,20201119,2026-07-12,0,NO,saumyapatel@example.net,M
CUST01069,Reva Bahri,43.0,+91 64660 33273,INDORE,Mizoram,BSNL,PREPAID,839.0,47,2022-09-10,02 Jun 2026,5,0,sachdevbenjamin@example.org,F
CUST01070,Jeet Shanker,51.0,+917797383306,mumbai,Punjab,Airtel,prepaid,719.0,23,30-08-2024,07/14/2026,0,,ikshitakuruvilla@example.org,Female
CUST01071,Benjamin Manda,48.0,,bhopal,Arunachal Pradesh,Airtel,Postpaid,699.0,45,11/09/2022,19-07-2026,1,N,wsheth@example.net,
CUST01072,Hemal Dutta,18.0,+911065106407,HYDERABAD,Haryana,Jio,PRE PAID,719.0,32,04 Dec 2023,13 Jul 2026,1,N,fcherian@example.net,M
CUST01073,wriddhish prabhu,36.0,9272809031,Madras,Maharashtra,Vi,Post-paid,799.0,60,20210816,07/08/2026,1,n,aaravdey@example.com,
CUST01074,Gauri Dora,29.0,+910756052699,Kolkata,Kerala,Vi,Postpaid,399.0,35,2023-09-05,11 Jul 2026,1,,masonrama@example.net,MALE
CUST01075,Benjamin Grewal,34.0,,PUNE,West Bengal,Jio,Prepaid,,3,20260422,19/07/2026,0,n,,female
CUST01076,Vaishnavi Sane,21.0,91-10930-54847,MUM,Madhya Pradesh,Vi,Pre-paid,299.0,17,26 Feb 2025,20260602,3,0,jalsa38@example.org,female
CUST01077,Alexander Dube,50.0,06429518525,SURAT,Manipur,Jio,Post-paid,499.0,68,20201219,20-07-2026,0,0,bhavsaryagnesh@example.net,M
CUST01078,Aadi Som,42.0,+91 50488 49150,Madras,Odisha,Airtel,prepaid,599.0,74,22/06/2020,2026-07-08,1,n,jananibrahmbhatt@example.net,MALE
CUST01079,Rachita Bora,60.0,91-75477-77459,lucknow,Himachal Pradesh,Vi,POSTPAID,799.0,46,10/10/2022,20260716,0,N,enagar@example.net,Female
CUST01080,Max Char,37.0,6741662395,AHMEDABAD,Maharashtra,Airtel,postpaid,1999.0,3,2026-04-22,06/18/2026,4,,qasim53@example.org,male
CUST01081,Chakradev Nath,41.0,01451341700,lucknow,Assam,BSNL,prepaid,149.0,39,08-05-2023,07-07-2026,0,0,georgebanerjee@example.com,female
CUST01082,Shivani Oommen,60.0,+916680895049,Patna,Uttarakhand,Jio,POSTPAID,1499.0,16,2025-03-28,11-07-2026,0,NO,lyohannan@example.org,
CUST01083,Arya Hans,57.0,,Kolkata,Madhya Pradesh,Airtel,PREPAID,999.0,81,25 Nov 2019,2026-07-18,0,0,,female
CUST01084,Mahika Parmer,64.0,+91 39637 90203,BHOPAL,Sikkim,Jio,PRE PAID,199.0,6,2026-01-22,21 Jul 2026,0,,nirja72@example.com,male
CUST01085,Anjali Mahal,37.0,,HYDERABAD,Assam,Airtel,POSTPAID,1999.0,53,14/03/2022,18/07/2026,1,NO,utkarsh71@example.net,MALE
CUST01086,Fariq Dara,57.0,+91 46871 44693,pune,Tripura,BSNL,prepaid,499.0,77,24-03-2020,11/07/2026,1,0,gsheth@example.net,M
CUST01087,Liam Balakrishnan,51.0,+91 18229 23246,BENGALURU,Odisha,Airtel,POSTPAID,1499.0,72,08/21/2020,12-07-2026,1,0,,MALE
CUST01088,bhavika kala,34.0,+91 59657 65786,SURAT,,Jio,prepaid,599.0,66,17/02/2021,20260717,1,0,yachana88@example.net,MALE
CUST01089,Utkarsh Munshi,45.0,4420042186,hyderabad,Arunachal Pradesh,Vi,POSTPAID,1499.0,28,02/04/2024,20260719,1,N,nkaur@example.net,
CUST01090,Ekani Bumb,21.0,91-43229-87663,KOLKATA,Rajasthan,Vi,,499.0,53,14/03/2022,18 Jul 2026,0,n,,MALE
CUST01091,Ikshita Doshi,59.0,+914965990527,Bombay,Sikkim,BSNL,PRE PAID,99.0,6,22-01-2026,19 Jul 2026,0,,xvig@example.com,M
CUST01092,Chasmum Rao,26.0,91-89745-37147,Hyd,,BSNL,Prepaid,499.0,62,17-06-2021,2026-07-04,5,Y,nakulsaran@example.org,MALE
CUST01093,triveni choudhary,27.0,,PUNE,West Bengal,BSNL,Postpaid,699.0,6,2026-01-22,,2,n,nakshraval@example.org,MALE
CUST01094,MOHINI BADAMI,51.0,,Jaipur,,Airtel,postpaid,399.0,55,13 Jan 2022,2026-07-20,0,NO,hayeranvi@example.com,MALE
CUST01095,Vyanjana Borah,34.0,,Kolkata,Tripura,Airtel,postpaid,999.0,57,14-11-2021,30 Jun 2026,3,Y,lavanyasaini@example.com,male
CUST01096,Keya Sanghvi,37.0,0098416437,Pune,Uttar Pradesh,Jio,Postpaid,1499.0,29,20240303,2026-06-21,2,Y,darpan78@example.net,Male
CUST01097,Oscar Ganesh,47.0,+917505917393,Kolkata,Kerala,Jio,,999.0,28,02 Apr 2024,07/20/2026,1,,puriyachana@example.org,
CUST01098,Elijah Pillai,34.0,0654525935,Chennai,Karnataka,Airtel,Pre-paid,999.0,63,,12/06/2026,4,N,inayagarg@example.org,FEMALE
CUST01099,AMARA LAD,26.0,91-61186-80109,jaipur,Telangana,BSNL,POST PAID,699.0,19,28 Dec 2024,,0,0,joshuabhatt@example.net,FEMALE
CUST01100,WARJAS BORDE,60.0,91-87777-01497,MUMBAI,Nagaland,Jio,PREPAID,719.0,18,20250127,20260711,0,,nagarirya@example.org,MALE
CUST01101,Nihal Bal,55.0,02051356397,Hyd,Jharkhand,Airtel,POSTPAID,1999.0,63,05/18/2021,20260616,4,Y,gunbir60@example.com,FEMALE
CUST01102,Libni Sura,36.0,91-93599-58438,chennai,Meghalaya,Airtel,POST PAID,699.0,71,20/09/2020,2026-07-14,1,n,fmand@example.com,Female
CUST01103,Priya Basak,30.0,03031387830,MUMBAI,Odisha,Vi,POST PAID,499.0,55,01/13/2022,05/06/2026,2,,rachana02@example.net,female
CUST01104,Jai Batta,29.0,91-69934-51739,Bangalore,Uttar Pradesh,Jio,Postpaid,699.0,7,23 Dec 2025,2026-07-17,1,n,xpalla@example.org,male
CUST01105,Shravya Thaman,47.0,,Surat,Telangana,Vi,postpaid,399.0,83,26 Sep 2019,07/14/2026,1,0,ramawidisha@example.org,male
CUST01106,Anusha Bala,57.0,03916867088,jaipur,,Jio,PRE PAID,999.0,49,12 Jul 2022,16-07-2026,1,n,hjani@example.net,F
CUST01107,Faras Prashad,55.0,,Mumbai,Karnataka,Airtel,Prepaid,199.0,39,08 May 2023,07/09/2026,1,n,tailorindali@example.org,female
CUST01108,Upma Tara,21.0,91-64262-45546,Chennai,Haryana,Airtel,POSTPAID,499.0,13,26-06-2025,14 Jul 2026,0,NO,raushaurya@example.com,Male
CUST01109,Guneet Jain,42.0,+91 09547 00603,BLR,Manipur,Vi,PREPAID,719.0,1,21-06-2026,20/07/2026,1,NO,rajaparth@example.net,F
CUST01110,AKSHAY CHHABRA,,91-95641-85413,Hyd,Assam,Jio,prepaid,199.0,1,,27 May 2026,2,0,yatin75@example.net,F
CUST01111,Tejas Sen,54.0,,kolkata,Bihar,Vi,POST PAID,499.0,71,2020-09-20,12-07-2026,0,n,,F
CUST01112,zansi mand,25.0,,chennai,Nagaland,BSNL,POST PAID,799.0,74,06/22/2020,17-07-2026,0,0,abhimanyurau@example.org,
CUST01113,Dhriti Sangha,44.0,+914915321801,Bangalore,Punjab,Jio,postpaid,499.0,77,24-03-2020,12 Jun 2026,5,n,kuruvillahitesh@example.com,Female
CUST01114,Michael Sankaran,58.0,2025342386,Hyderabad,Jharkhand,Vi,Pre-paid,199.0,2,22/05/2026,20260620,5,Y,chatresh79@example.org,
CUST01115,EKAPAD VAIDYA,46.0,,AHMEDABAD,Nagaland,BSNL,Postpaid,999.0,61,17/07/2021,02/06/2026,5,NO,lakshit18@example.com,male
CUST01116,Fitan Sharaf,64.0,+91 39852 38182,PATNA,Bihar,BSNL,Pre-paid,999.0,69,20201119,07/12/2026,0,0,dmittal@example.net,MALE
CUST01117,Naveen Chaudhary,51.0,,Jaipur,Assam,BSNL,prepaid,399.0,6,22-01-2026,,4,0,forumwali@example.net,M
CUST01118,Sachi Setty,50.0,+91 62138 05951,ahmedabad,Punjab,Vi,postpaid,999.0,1,21-06-2026,11-07-2026,1,NO,vasaelijah@example.org,Female
CUST01119,Hemangini Sabharwal,65.0,91-10967-45136,nagpur,Chhattisgarh,Vi,,149.0,79,24-01-2020,20-07-2026,1,NO,,Female
CUST01120,Ranveer Deshmukh,63.0,+91 23812 81718,Amdavad,Mizoram,Jio,prepaid,399.0,31,20240103,23/05/2026,5,0,maanav19@example.org,F
CUST01121,SUHANI LAL,37.0,3310886230,,Jharkhand,BSNL,PRE PAID,999.0,41,2023-03-09,,1,NO,umangrajagopalan@example.net,
CUST01122,Yashodhara Sathe,50.0,1408170284,Delhi,Goa,Jio,PRE PAID,399.0,54,20220212,2026-07-16,0,N,psandal@example.net,FEMALE
CUST01123,Banjeet Karpe,37.0,+911065100460,Bhopal,Mizoram,Jio,PREPAID,99.0,17,26-02-2025,20260711,1,0,godazilmil@example.com,male
CUST01124,Naveen Rajan,47.0,,BLR,Haryana,BSNL,Pre-paid,199.0,19,12/28/2024,2026-07-12,1,0,kataayush@example.com,FEMALE
CUST01125,Mitesh Gokhale,,08730451945,AHMEDABAD,Chhattisgarh,Jio,PREPAID,999.0,28,20240402,2026-07-13,0,,magarwal@example.com,M
CUST01126,Raksha Badami,50.0,03918536205,ahmedabad,Sikkim,Vi,Postpaid,799.0,6,20260122,09-07-2026,0,n,,MALE
CUST01127,Elijah Anand,53.0,+912055553544,CHENNAI,Karnataka,BSNL,POST PAID,399.0,59,09/15/2021,03 Jul 2026,5,N,anay99@example.com,
CUST01128,balhaar kadakia,57.0,,Indore,Arunachal Pradesh,Jio,prepaid,99.0,14,20250527,14 Jul 2026,0,N,zram@example.org,FEMALE
CUST01129,Zaitra Tara,21.0,9867110187,Delhi,Tripura,Vi,Postpaid,699.0,35,20230905,19-07-2026,1,n,benjamin29@example.net,M
CUST01130,Hardik Gokhale,21.0,+91 04381 77998,Amdavad,Manipur,Jio,PRE PAID,599.0,40,08-04-2023,2026-07-09,1,n,meghachander@example.com,Female
CUST01131,kashish nigam,25.0,05917003437,Bombay,Andhra Pradesh,BSNL,Prepaid,299.0,37,20230707,2026-07-01,4,0,madhavimann@example.net,female
CUST01132,Krishna Vora,34.0,91-11902-06071,CHENNAI,Chhattisgarh,Jio,Postpaid,499.0,41,09/03/2023,20260711,0,NO,akshay72@example.org,Male
CUST01133,Girindra Tara,45.0,,Surat,Punjab,BSNL,postpaid,799.0,84,27-08-2019,16/07/2026,0,,osankar@example.org,Male
CUST01134,Harini Patel,30.0,+91 59358 03528,Nagpur,Arunachal Pradesh,Airtel,Post-paid,499.0,69,20201119,2026-07-12,1,N,jaivenkatesh@example.com,FEMALE
CUST01135,Yashawini Kala,49.0,04496493046,Indore,,Vi,PREPAID,399.0,34,05 Oct 2023,07/16/2026,0,n,butalaronith@example.com,MALE
CUST01136,Siya Wali,36.0,91-60912-10407,bangalore,Jharkhand,Vi,postpaid,799.0,47,2022-09-10,07/12/2026,0,,,Female
CUST01137,Ekansh Parmar,24.0,,,Tripura,BSNL,POST PAID,1999.0,4,23 Mar 2026,15 Jul 2026,0,n,shankermugdha@example.com,male
CUST01138,Janani Subramaniam,64.0,,Bangalore,Madhya Pradesh,Vi,Post-paid,799.0,20,20241128,09/07/2026,1,,akshay74@example.net,F
CUST01139,Falguni Mitter,60.0,,jaipur,Manipur,Jio,prepaid,399.0,19,12/28/2024,2026-07-19,0,,bakshishivansh@example.com,M
CUST01140,Jagdish Ahuja,58.0,91-52827-67742,Calcutta,Andhra Pradesh,Jio,prepaid,839.0,17,20250226,07/19/2026,0,0,warinder48@example.net,Male
CUST01141,Chanchal Oak,,6077214348,NAGPUR,Punjab,Jio,Post-paid,1499.0,78,23-02-2020,07/12/2026,0,N,,female
CUST01142,balhaar nigam,54.0,+91 07933 77312,AHMEDABAD,Rajasthan,Airtel,prepaid,499.0,4,23 Mar 2026,01/06/2026,3,Y,chaudharybhavna@example.com,FEMALE
CUST01143,Oni Sankar,,+91 71218 94523,SURAT,Maharashtra,Airtel,POST PAID,699.0,68,19/12/2020,10-07-2026,0,N,ishaanpalla@example.com,
CUST01144,baljiwan basak,53.0,,nagpur,Rajasthan,Vi,Postpaid,1999.0,15,27 Apr 2025,07/09/2026,0,NO,turvichakrabarti@example.org,female
CUST01145,Vritti Modi,20.0,91-72366-94627,JAIPUR,Tripura,Vi,postpaid,1199.0,44,09-12-2022,21/07/2026,1,,,Female
CUST01146,Oni Bhalla,30.0,9394166740,SURAT,Chhattisgarh,Vi,POST PAID,999.0,6,22 Jan 2026,20260719,0,0,bennachiket@example.org,female
CUST01147,Omya Mand,47.0,+91 64187 93978,jaipur,Tripura,BSNL,Post-paid,499.0,35,05-09-2023,2026-07-20,0,0,qtoor@example.com,male
CUST01148,Gaurav Nazareth,55.0,91-51875-69269,Kolkata,Chhattisgarh,Vi,Prepaid,719.0,32,04/12/2023,17/07/2026,1,N,vyanjanadada@example.com,FEMALE
CUST01149,CHAMPAK AGARWAL,53.0,91-78959-15324,delhi,Assam,Vi,Pre-paid,,50,20220612,20-07-2026,0,NO,kaulvasudha@example.org,
CUST01150,Indira Narayanan,59.0,+919856849977,CHENNAI,Odisha,Airtel,Post-paid,399.0,27,05/02/2024,19-06-2026,2,NO,nayakpratyush@example.com,Female
CUST01151,Dipta Chaudhari,42.0,,bhopal,Goa,Airtel,POSTPAID,999.0,7,23-12-2025,07/20/2026,1,n,wardavala@example.com,
CUST01152,Simon Mukherjee,64.0,,Bangalore,Andhra Pradesh,BSNL,Postpaid,499.0,40,08 Apr 2023,14/07/2026,1,NO,mohini43@example.net,M
CUST01153,Hemangini Keer,40.0,07154176604,MUMBAI,Bihar,Airtel,Postpaid,699.0,28,04/02/2024,20260721,1,n,kpingle@example.org,FEMALE
CUST01154,Adya Modi,48.0,00852085296,surat,Gujarat,BSNL,Postpaid,1499.0,58,15-10-2021,08 Jul 2026,1,0,mdugar@example.com,
CUST01155,VIHAAN CHANDA,22.0,,BLR,Gujarat,Jio,postpaid,1199.0,60,08/16/2021,07/17/2026,0,NO,yashawinikarnik@example.org,MALE
CUST01156,Mahika Dayal,54.0,03301118406,chennai,Kerala,Jio,prepaid,149.0,21,29-10-2024,21-07-2026,0,N,nsheth@example.net,MALE
CUST01157,Ranveer Toor,31.0,7983871355,DELHI,Gujarat,Airtel,Post-paid,799.0,36,06/08/2023,14 Jul 2026,1,n,jagvi53@example.com,female
CUST01158,Fariq Wagle,20.0,,nagpur,Nagaland,Vi,Postpaid,1999.0,9,20251024,07-07-2026,0,n,ekalingasanghvi@example.net,
CUST01159,Sai Chander,49.0,+919095203872,Bhopal,Goa,Airtel,postpaid,1999.0,63,20210518,06-06-2026,2,Y,badamiraagini@example.com,MALE
CUST01160,Chandresh Hora,33.0,91-50824-32625,,Meghalaya,Vi,postpaid,,54,02/12/2022,30 Jun 2026,5,Y,peter09@example.org,male
CUST01161,Netra Sarma,49.0,0933280999,Delhi,Chhattisgarh,Jio,postpaid,,8,23/11/2025,13 Jul 2026,1,NO,,FEMALE
CUST01162,Daksha Chana,45.0,04761727573,delhi,Maharashtra,Jio,PREPAID,299.0,43,08/01/2023,07/19/2026,1,0,bkar@example.org,female
CUST01163,Bimala Sem,40.0,+91 13433 90627,PATNA,Goa,Jio,PRE PAID,199.0,74,22/06/2020,07/19/2026,1,N,jkamdar@example.com,Female
CUST01164,Omkaar Mutti,46.0,3955714211,NAGPUR,Telangana,Jio,Prepaid,999.0,78,02/23/2020,20260718,1,N,randhawavincent@example.net,F
CUST01165,Tara Garg,28.0,,Bombay,Haryana,Vi,Pre-paid,299.0,33,04-11-2023,07 Jul 2026,0,0,,
CUST01166,aarini mannan,,00632586775,patna,Assam,Vi,Post-paid,499.0,62,20210617,06/23/2026,3,n,veerkhosla@example.net,Female
CUST01167,Rajeshri Muni,60.0,08415463517,HYDERABAD,Himachal Pradesh,BSNL,POSTPAID,799.0,82,2019-10-26,05/22/2026,4,n,subramanianira@example.org,MALE
CUST01168,Vritti Cheema,54.0,04842109222,Kolkata,Sikkim,BSNL,postpaid,1499.0,42,20230207,20260527,3,0,osem@example.net,Male
CUST01169,kamya shere,57.0,+910813722982,Chennai,Himachal Pradesh,BSNL,Postpaid,399.0,53,14-03-2022,20260717,0,0,meeraramaswamy@example.net,Male
CUST01170,Aradhana Nagarajan,45.0,9539087834,BENGALURU,Bihar,Airtel,POST PAID,,12,07/26/2025,07-07-2026,0,,ggoda@example.net,MALE
CUST01171,Mekhala Luthra,44.0,+91 50855 92562,PUNE,Rajasthan,Vi,Post-paid,799.0,72,21/08/2020,11/07/2026,0,,sathekalpit@example.org,Male
CUST01172,Fariq Kaul,35.0,+913344666105,ahmedabad,Punjab,Vi,,839.0,53,03/14/2022,07/12/2026,0,0,indira27@example.org,
CUST01173,Dipta Nagar,59.0,,pune,Maharashtra,Jio,POST PAID,999.0,35,20230905,2026-07-17,0,NO,yatan93@example.org,
CUST01174,Raksha Thaker,31.0,+917939801220,MUMBAI,Sikkim,BSNL,PRE PAID,299.0,75,2020-05-23,15/07/2026,0,NO,wbala@example.com,female
CUST01175,dakshesh sachdeva,53.0,91-27023-18967,Bengaluru,Tripura,Airtel,Prepaid,299.0,25,01/07/2024,07/15/2026,0,N,ughose@example.org,female
CUST01176,Bhavini Ahluwalia,31.0,02448343871,Pune,Uttarakhand,Airtel,,149.0,1,2026-06-21,20260711,0,0,,
CUST01177,ZAYAN KAUL,57.0,+918083491232,AHMEDABAD,Uttar Pradesh,Jio,PREPAID,,62,20210617,19-07-2026,0,n,lakshmiroy@example.com,
CUST01178,diya bhargava,25.0,,Chennai,Karnataka,Vi,PREPAID,719.0,24,2024-07-31,07/16/2026,0,N,narasimhanucchal@example.net,
CUST01179,Charita Puri,19.0,,Pune,Kerala,Airtel,Prepaid,499.0,23,2024-08-30,24-06-2026,5,NO,,female
CUST01180,Vasana Gera,32.0,+918467970083,INDORE,Manipur,Airtel,postpaid,999.0,68,19-12-2020,19/07/2026,1,0,sanilajita@example.org,M
CUST01181,Veer Kamdar,29.0,91-18320-51121,delhi,,Jio,Postpaid,699.0,57,2021-11-14,12 Jul 2026,1,NO,,M
CUST01182,Azaan Prashad,22.0,+91 70648 57968,BENGALURU,Mizoram,Airtel,POSTPAID,1199.0,52,13-04-2022,05/24/2026,5,n,lshere@example.net,M
CUST01183,Meera Kaul,35.0,91-56767-76195,hyderabad,Telangana,Airtel,POSTPAID,499.0,32,04/12/2023,07/07/2026,0,N,indrajitdhillon@example.net,female
CUST01184,CALEB LAD,63.0,,New Delhi,West Bengal,BSNL,postpaid,699.0,6,22/01/2026,11 Jul 2026,0,,rmahal@example.com,FEMALE
CUST01185,Advik Ben,62.0,91-02409-39866,INDORE,Uttar Pradesh,Vi,PRE PAID,719.0,65,19 Mar 2021,07/06/2026,3,NO,singhalviraj@example.com,Female
CUST01186,Warinder Wali,28.0,+912735334062,Lucknow,Chhattisgarh,Vi,Prepaid,499.0,51,2022-05-13,21/06/2026,2,,,MALE
CUST01187,Krishna Saxena,53.0,,Nagpur,Odisha,Vi,,199.0,44,09-12-2022,2026-07-15,0,0,,FEMALE
CUST01188,Chatura Gole,37.0,+914638151291,KOLKATA,Sikkim,Vi,Post-paid,1199.0,38,07-06-2023,17-07-2026,0,N,kondaharshil@example.org,
CUST01189,Azaan Sule,25.0,00075145183,AHMEDABAD,Arunachal Pradesh,Vi,Prepaid,299.0,57,2021-11-14,07/11/2026,1,n,qwali@example.org,
CUST01190,Joshua Basu,33.0,8624301460,BENGALURU,Meghalaya,Vi,POST PAID,499.0,26,06/01/2024,04 Jun 2026,2,Y,aarinibhatti@example.net,Female
CUST01191,Arjun Brar,62.0,+916506147159,Nagpur,Arunachal Pradesh,Vi,Postpaid,499.0,78,23/02/2020,2026-07-19,0,,,male
CUST01192,Wyatt Chaudhary,25.0,+910861498425,indore,West Bengal,Jio,Pre-paid,199.0,62,06/17/2021,09-07-2026,1,,bina49@example.org,M
CUST01193,MADHAV MAMMEN,48.0,+91 72386 15952,SURAT,Mizoram,Vi,prepaid,399.0,11,25 Aug 2025,19-07-2026,1,0,cherianurvi@example.org,MALE
CUST01194,Hema Sidhu,52.0,+91 36760 74105,Madras,Maharashtra,Jio,POST PAID,799.0,76,,16/06/2026,5,0,pallaekaraj@example.com,Female
CUST01195,Vihaan Bora,,+919635476075,Calcutta,Andhra Pradesh,Airtel,POSTPAID,1199.0,18,27/01/2025,07/11/2026,1,,chaayarout@example.net,male
CUST01196,Pratyush Nagi,58.0,06535243779,Patna,Andhra Pradesh,Airtel,,399.0,17,26-02-2025,17-07-2026,0,,nilimaray@example.com,Female
CUST01197,Gauri Prabhakar,55.0,00175227929,AHMEDABAD,Telangana,Vi,Postpaid,1199.0,20,11/28/2024,26 Jun 2026,4,,bgala@example.net,M
CUST01198,Dhriti Basak,39.0,,BLR,Bihar,Jio,,499.0,67,18 Jan 2021,07/14/2026,0,N,ayushman17@example.net,female
CUST01199,CHATURA NATARAJAN,40.0,+91 63346 11897,BENGALURU,Arunachal Pradesh,BSNL,Postpaid,999.0,10,24-09-2025,09/06/2026,3,Y,chaitaly94@example.net,
CUST01200,Ekaraj Mallick,65.0,3085441843,MUMBAI,Chhattisgarh,Airtel,Postpaid,499.0,79,24/01/2020,07/09/2026,1,N,ynatt@example.com,
CUST01201,Meera Mital,47.0,+916576455459,Bombay,Haryana,Airtel,PRE PAID,999.0,5,20260221,10-06-2026,5,0,urvashi53@example.org,F
CUST01202,Gautami Wali,64.0,03331351485,,Punjab,Jio,Pre-paid,,49,2022-07-12,06/16/2026,4,Y,,FEMALE
CUST01203,Varenya Nazareth,44.0,+91 83427 97302,hyderabad,Kerala,Vi,PRE PAID,149.0,81,25/11/2019,20260717,1,,,Female
CUST01204,Varenya Rajagopal,53.0,+91 19949 51659,Nagpur,Rajasthan,Jio,POST PAID,1999.0,59,09/15/2021,19-07-2026,1,,oviyavarma@example.org,MALE
CUST01205,Frederick Suri,65.0,7855470189,HYDERABAD,Manipur,Jio,postpaid,399.0,31,20240103,07/02/2026,4,Y,waliathomas@example.com,Female
CUST01206,arunima nori,62.0,+911770734603,PUNE,Tripura,Jio,postpaid,,83,26 Sep 2019,20260710,0,,asingh@example.org,MALE
CUST01207,Arunima Soni,63.0,3286785150,patna,Jharkhand,Vi,POST PAID,1199.0,62,06/17/2021,14-07-2026,1,n,kuriansamaksh@example.net,MALE
CUST01208,Adya Vyas,65.0,+914605955161,Surat,Tamil Nadu,Airtel,postpaid,1499.0,54,12/02/2022,12-07-2026,1,N,badamisanya@example.com,
CUST01209,Nilima Rajagopalan,65.0,,BLR,Haryana,BSNL,Postpaid,1499.0,78,23/02/2020,28/06/2026,2,0,cmani@example.com,M
CUST01210,Vyanjana Chaudhuri,26.0,+91 69017 63191,HYDERABAD,Karnataka,BSNL,,199.0,74,22-06-2020,14/06/2026,2,NO,settywarinder@example.org,M
CUST01211,Xavier Khanna,49.0,+916942984104,Pune,Tamil Nadu,Jio,,99.0,25,01/07/2024,16-07-2026,1,0,borrayagnesh@example.com,Male
CUST01212,Pavani Patel,23.0,,nagpur,Telangana,Vi,POSTPAID,799.0,49,20220712,2026-07-16,0,NO,dalbirnigam@example.org,F
CUST01213,Deepa Mody,43.0,+91 94728 13265,SURAT,Madhya Pradesh,Airtel,PREPAID,719.0,60,08/16/2021,20260721,0,0,amrutatripathi@example.com,male
CUST01214,Chasmum Edwin,34.0,+912756719503,mumbai,Uttarakhand,BSNL,Pre-paid,299.0,47,2022-09-10,07/10/2026,0,N,ojohal@example.org,male
CUST01215,Prisha Rajagopalan,22.0,4977764913,BHOPAL,Maharashtra,Airtel,postpaid,1199.0,65,19/03/2021,29/05/2026,3,NO,yjaggi@example.org,MALE
CUST01216,Saanvi Toor,36.0,4577661388,delhi,Chhattisgarh,Vi,POSTPAID,399.0,73,2020-07-22,19 Jul 2026,1,,jdash@example.com,female
CUST01217,Mitesh Tara,18.0,09412706618,LUCKNOW,Uttar Pradesh,BSNL,POSTPAID,799.0,57,2021-11-14,06/23/2026,4,,kiaan29@example.org,Male
CUST01218,Sathvik Kade,43.0,+91 63720 37344,Bombay,Meghalaya,Jio,Pre-paid,839.0,71,09/20/2020,02 Jul 2026,3,Y,yaminimadan@example.org,M
CUST01219,Lekha Agarwal,38.0,,kolkata,Uttar Pradesh,Vi,Post-paid,999.0,63,05/18/2021,08/07/2026,0,,haldersathvik@example.net,M
CUST01220,CHARVI BASAK,55.0,06625478009,INDORE,Assam,BSNL,POSTPAID,499.0,69,11/19/2020,26-06-2026,4,Y,madhavkibe@example.com,FEMALE
CUST01221,Laban Ratti,38.0,,Indore,Andhra Pradesh,Airtel,prepaid,149.0,4,23 Mar 2026,11 Jul 2026,0,N,aishani98@example.com,F
CUST01222,Urmi Ganguly,34.0,02511190359,JAIPUR,,Jio,prepaid,299.0,14,2025-05-27,16-07-2026,1,NO,jgolla@example.net,M
CUST01223,Oeshi Sehgal,58.0,+91 28951 34039,nagpur,Telangana,Jio,PRE PAID,839.0,32,20231204,2026-07-14,1,0,ekantikarege@example.net,
CUST01224,Dayita Devan,33.0,91-07154-81851,Madras,Sikkim,Jio,POSTPAID,799.0,21,10/29/2024,07/08/2026,1,N,thomasyohannan@example.org,MALE
CUST01225,azad sabharwal,27.0,,Bhopal,Punjab,BSNL,POSTPAID,699.0,10,09/24/2025,20260709,0,N,tripti85@example.com,FEMALE
CUST01226,Mohini Dhar,44.0,4514537525,SURAT,Uttarakhand,BSNL,prepaid,499.0,42,07 Feb 2023,14-07-2026,0,NO,cgarg@example.net,MALE
CUST01227,Vedant Sama,33.0,,surat,Meghalaya,Airtel,Pre-paid,499.0,67,18 Jan 2021,,0,N,libni56@example.com,Female
CUST01228,Nathan Sanghvi,45.0,04563338923,JAIPUR,Nagaland,Airtel,prepaid,299.0,75,05/23/2020,2026-07-16,0,NO,hritik54@example.com,female
CUST01229,Yagnesh Chokshi,65.0,+91 27161 86286,nagpur,West Bengal,Jio,postpaid,799.0,52,13/04/2022,21/07/2026,0,NO,arunimadin@example.org,M
CUST01230,Garima Palla,30.0,,Chennai,Sikkim,Vi,Post-paid,1999.0,61,17 Jul 2021,20260710,0,0,,
CUST01231,Vihaan Batta,33.0,91-00356-30328,KOLKATA,Punjab,Vi,postpaid,999.0,48,2022-08-11,06/02/2026,3,Y,srege@example.org,
CUST01232,VAMAKSHI PARMER,27.0,05086286856,Poona,Mizoram,BSNL,Post-paid,1499.0,13,26 Jun 2025,2026-07-13,1,NO,bhatnidhi@example.org,female
CUST01233,Lekha Dubey,,+918460172628,Jaipur,Assam,Jio,Post-paid,999.0,67,18-01-2021,20260707,0,0,chaitanya05@example.com,F
CUST01234,vrishti mander,63.0,01663662284,surat,Telangana,BSNL,prepaid,399.0,31,03-01-2024,07/10/2026,0,N,kiaan90@example.com,female
CUST01235,Aishani Ratti,,00260469017,NCR,Punjab,Airtel,Prepaid,399.0,66,2021-02-17,20260720,0,0,waliavni@example.net,Male
CUST01236,Upkaar Chauhan,48.0,+91 32165 02423,PATNA,Maharashtra,Vi,postpaid,399.0,10,2025-09-24,2026-07-11,1,,hemani82@example.net,M
CUST01237,Jack Sibal,24.0,05333171479,surat,Uttarakhand,Jio,POSTPAID,1199.0,79,24 Jan 2020,21-06-2026,2,N,hchaudry@example.net,Male
CUST01238,Dakshesh Kothari,40.0,07680126962,Bengaluru,Assam,Jio,PREPAID,839.0,65,20210319,20260526,3,Y,xrattan@example.com,F
CUST01239,MADHAVI CHOUDHRY,28.0,,Madras,Rajasthan,Jio,Post-paid,799.0,7,23 Dec 2025,10/07/2026,0,n,rmore@example.com,
CUST01240,Finn Anne,44.0,2908505048,INDORE,Sikkim,Airtel,POST PAID,,25,01 Jul 2024,13/07/2026,1,n,akamdar@example.net,Male
CUST01241,jyoti panchal,25.0,+91 40034 56884,DELHI,Gujarat,Airtel,Pre-paid,399.0,62,17-06-2021,07/14/2026,0,,choprawaida@example.net,M
CUST01242,Pranav Arya,53.0,+91 03689 38252,ahmedabad,,Jio,Prepaid,599.0,51,2022-05-13,09/07/2026,1,0,vaishnavipandit@example.net,female
CUST01243,samesh bhatia,30.0,91-81752-48135,AHMEDABAD,Mizoram,Vi,postpaid,1499.0,17,26 Feb 2025,17 Jul 2026,0,NO,hitesh45@example.com,Female
CUST01244,Darika Balakrishnan,30.0,8734011499,LUCKNOW,Mizoram,Jio,postpaid,1199.0,77,20200324,05/23/2026,5,Y,aayush88@example.net,M
CUST01245,Qabil Hari,48.0,91-39610-34057,HYDERABAD,Telangana,BSNL,,839.0,59,15 Sep 2021,2026-06-17,4,0,omgaurang@example.org,F
CUST01246,Qasim Goda,50.0,+91 87716 99165,nagpur,Uttarakhand,Vi,Post-paid,999.0,55,2022-01-13,21 Jul 2026,1,NO,bhanumati39@example.org,FEMALE
CUST01247,rachit lanka,27.0,09127898852,JAIPUR,Telangana,BSNL,POST PAID,699.0,15,2025-04-27,09-07-2026,1,NO,,female
CUST01248,Faqid Desai,25.0,05967071694,SURAT,Assam,Vi,POSTPAID,1999.0,25,2024-07-01,20260721,1,NO,daramanya@example.net,FEMALE
CUST01249,Divya Bhat,46.0,,kolkata,Kerala,Airtel,postpaid,799.0,20,20241128,20 Jul 2026,0,0,pbadal@example.net,Male
CUST01250,Wishi Contractor,35.0,+91 58783 71053,PATNA,Maharashtra,Airtel,postpaid,1999.0,83,09/26/2019,07/09/2026,1,0,ramaneesha@example.com,
CUST01251,Urishilla Chander,28.0,00041316677,Calcutta,Punjab,BSNL,PREPAID,149.0,1,06/21/2026,20260707,0,N,toormax@example.com,FEMALE
CUST01252,Bhavini Ramesh,19.0,3881767622,Delhi,Goa,BSNL,postpaid,1199.0,28,04/02/2024,18/06/2026,3,0,ndass@example.org,female
CUST01253,Ishaan Chander,50.0,,Jaipur,Andhra Pradesh,BSNL,POSTPAID,1999.0,35,,06/10/2026,2,0,raghavankrisha@example.org,Male
CUST01254,Praneel Sharma,29.0,+911694353286,BENGALURU,Tamil Nadu,BSNL,PREPAID,719.0,50,12/06/2022,16 Jul 2026,1,N,,female
CUST01255,Aarnav Sahni,53.0,+915552615107,ahmedabad,Andhra Pradesh,Jio,Pre-paid,,15,27/04/2025,09-07-2026,1,,,MALE
CUST01256,Ikbal Wason,62.0,6258692635,Jaipur,,Vi,Postpaid,499.0,38,07-06-2023,24 Jun 2026,4,,mitaliagate@example.org,FEMALE
CUST01257,ekanta golla,29.0,,Nagpur,Gujarat,Airtel,postpaid,799.0,75,23-05-2020,2026-07-13,1,,cherianazaan@example.org,MALE
CUST01258,RAKSHA KOSHY,61.0,+91 01481 29719,INDORE,Nagaland,Jio,POST PAID,699.0,20,28-11-2024,24-05-2026,4,0,graghavan@example.com,F
CUST01259,Vaishnavi Lad,19.0,+918990580814,Indore,Odisha,BSNL,,149.0,66,2021-02-17,20260707,0,N,blad@example.org,M
CUST01260,Rajata Cherian,22.0,6946021246,KOLKATA,Assam,Jio,Postpaid,1499.0,44,20221209,12-07-2026,0,NO,nandini30@example.org,Female
CUST01261,Amara Chada,56.0,,PUNE,West Bengal,Airtel,,399.0,59,2021-09-15,07/08/2026,1,,rastogivarsha@example.com,
CUST01262,Yauvani Raghavan,54.0,,SURAT,Mizoram,Jio,prepaid,399.0,3,22/04/2026,2026-07-12,1,N,birjason@example.com,Male
CUST01263,Harita Subramanian,41.0,91-58618-05839,hyderabad,Goa,BSNL,POSTPAID,499.0,33,20231104,15-07-2026,0,NO,zvarty@example.org,FEMALE
CUST01264,Azaan Ranganathan,60.0,+916276223683,Jaipur,Meghalaya,Airtel,Postpaid,699.0,76,23/04/2020,28 May 2026,5,Y,ebansal@example.com,female
CUST01265,Jagdish Dutta,19.0,91-94502-69447,kolkata,Karnataka,Airtel,postpaid,699.0,21,20241029,21/07/2026,0,0,ddyal@example.org,M
CUST01266,Leena Dalal,45.0,+917477201104,NAGPUR,Meghalaya,Jio,prepaid,149.0,31,03 Jan 2024,2026-07-15,1,0,prasadrachana@example.net,
CUST01267,Neel Mandal,32.0,2242577727,ahmedabad,Bihar,BSNL,postpaid,1199.0,80,20191225,18 Jul 2026,1,NO,nloyal@example.net,Male
CUST01268,Manbir Manne,43.0,,,Tamil Nadu,Vi,PRE PAID,399.0,68,20201219,21 Jul 2026,0,0,chaitaly66@example.com,FEMALE
CUST01269,Advay Dhingra,38.0,+91 16794 67781,MUM,Maharashtra,Jio,Post-paid,699.0,76,2020-04-23,18 Jul 2026,0,N,murtygayathri@example.org,male
CUST01270,Madhavi Rajagopalan,58.0,,Indore,Kerala,Jio,POST PAID,499.0,9,24-10-2025,16 Jul 2026,1,NO,rajata56@example.com,FEMALE
CUST01271,NILIMA KAR,63.0,0014286690,Surat,West Bengal,Airtel,postpaid,699.0,62,2021-06-17,09 Jul 2026,0,N,falguni91@example.org,M
CUST01272,Ojas Sidhu,62.0,,LUCKNOW,Mizoram,BSNL,postpaid,399.0,13,2025-06-26,21-07-2026,0,n,dattagagan@example.org,F
CUST01273,Udyati Keer,45.0,7777342658,lucknow,,Jio,POSTPAID,,43,08 Jan 2023,2026-06-23,4,Y,sudiksha60@example.org,FEMALE
CUST01274,Darsh Ramachandran,,4666974721,Patna,Punjab,Airtel,Postpaid,699.0,81,11/25/2019,20260721,1,N,asethi@example.net,M
CUST01275,Aryan Desai,46.0,91-67350-78107,Madras,Himachal Pradesh,Vi,prepaid,599.0,26,01-06-2024,07/08/2026,1,NO,noahsrinivasan@example.org,F
CUST01276,Yadavi Bhattacharyya,46.0,4439095195,BENGALURU,Andhra Pradesh,Airtel,POSTPAID,799.0,34,10/05/2023,2026-07-11,0,N,rsura@example.com,M
CUST01277,Amrita Dora,23.0,+91 53739 65272,kolkata,Rajasthan,BSNL,PRE PAID,99.0,34,20231005,14-07-2026,0,n,arjunbhakta@example.org,M
CUST01278,Osha Magar,,91-29331-32689,AHMEDABAD,Chhattisgarh,Jio,Pre-paid,,76,04/23/2020,09 Jul 2026,0,n,jonathanchakraborty@example.com,female
CUST01279,Girik Morar,44.0,07655892235,Amdavad,Punjab,Airtel,postpaid,499.0,18,01/27/2025,20260719,1,N,ishanvi84@example.org,Male
CUST01280,Sai Prabhakar,64.0,05964726847,jaipur,Goa,Jio,prepaid,499.0,31,03/01/2024,13/07/2026,1,,jbalan@example.org,M
CUST01281,Damini Naik,40.0,,PATNA,Jharkhand,Vi,Pre-paid,839.0,7,23-12-2025,07/07/2026,1,n,,Female
CUST01282,Sanaya Dayal,37.0,,AHMEDABAD,Bihar,BSNL,Postpaid,1499.0,25,2024-07-01,17/07/2026,1,n,nkonda@example.net,male
CUST01283,Dipta Gulati,34.0,06097962914,CHENNAI,Sikkim,Jio,Post-paid,1199.0,37,20230707,26 Jun 2026,2,N,lallarachana@example.net,
CUST01284,Veda Kothari,40.0,+91 48955 71319,delhi,Andhra Pradesh,Vi,postpaid,799.0,63,05/18/2021,07/16/2026,0,,xpalla@example.org,female
CUST01285,varenya mohan,32.0,+91 87756 19189,BENGALURU,Rajasthan,BSNL,Post-paid,1999.0,33,04/11/2023,17/07/2026,0,0,tkuruvilla@example.com,M
CUST01286,Leena Parikh,41.0,91-59193-44246,SURAT,Uttarakhand,Airtel,Pre-paid,999.0,42,07 Feb 2023,2026-06-18,4,0,harrisondugar@example.org,MALE
CUST01287,Warinder Shan,60.0,9628219608,KOLKATA,Uttarakhand,Jio,prepaid,299.0,48,11 Aug 2022,20260716,1,n,vidhiahuja@example.org,Female
CUST01288,Yuvraj Shukla,54.0,,Ahmedabad,Assam,Jio,Postpaid,1999.0,7,23 Dec 2025,20260712,0,0,tristan13@example.net,M
CUST01289,Naveen Gaba,36.0,0594156711,surat,Maharashtra,Airtel,PRE PAID,999.0,57,20211114,06/25/2026,3,NO,agatezehaan@example.org,female
CUST01290,Lipika Dhawan,30.0,91-05365-97268,JAIPUR,Karnataka,BSNL,PREPAID,839.0,5,2026-02-21,17/07/2026,0,0,andradeepa@example.org,MALE
CUST01291,Darsh Chopra,46.0,02785379821,LUCKNOW,Uttarakhand,BSNL,postpaid,499.0,24,07/31/2024,07/13/2026,0,n,jagatcomar@example.net,M
CUST01292,Jagdish Gola,25.0,2386656067,bhopal,Manipur,Jio,postpaid,1499.0,5,21/02/2026,11-07-2026,0,0,qabil30@example.org,M
CUST01293,Bishakha Mani,65.0,91-98810-85587,Calcutta,Sikkim,BSNL,POST PAID,1199.0,17,02/26/2025,2026-07-17,0,NO,lallveda@example.org,Male
CUST01294,Oscar Narang,,,hyderabad,,Airtel,prepaid,149.0,37,2023-07-07,09-07-2026,1,n,taravritti@example.org,male
CUST01295,Oni Patil,57.0,06580363836,MUMBAI,Bihar,Jio,Prepaid,719.0,81,25 Nov 2019,2026-05-31,2,0,ezacharia@example.org,
CUST01296,Unni Prashad,57.0,+91 66390 00453,NAGPUR,Telangana,Jio,prepaid,149.0,45,20221109,09 Jul 2026,1,NO,charlesmandal@example.com,MALE
CUST01297,Upma Ganguly,50.0,+91 31709 81668,Ahmedabad,Himachal Pradesh,Vi,PREPAID,399.0,14,27-05-2025,2026-05-31,5,Y,handaishaan@example.com,
CUST01298,Neelima Tiwari,32.0,5361276987,New Delhi,Nagaland,Airtel,Postpaid,1499.0,13,26 Jun 2025,07/17/2026,1,0,nandaekaja@example.com,male
CUST01299,Reyansh Bandi,32.0,05716042614,AHMEDABAD,Sikkim,Vi,Post-paid,399.0,5,21-02-2026,11-07-2026,1,N,raonidhi@example.com,male
CUST01300,KEYA KURIAN,61.0,91-13780-49876,Hyderabad,Odisha,Jio,POST PAID,1499.0,77,24 Mar 2020,17-07-2026,1,n,keyaviswanathan@example.net,male
CUST01301,Gayathri Sekhon,,02613534255,patna,Madhya Pradesh,BSNL,Prepaid,99.0,54,20220212,2026-07-14,1,N,gaurora@example.org,male
CUST01302,Rehaan Devi,27.0,91-50568-80848,,,Vi,Postpaid,399.0,10,24/09/2025,2026-07-16,1,NO,gadebhavika@example.org,Male
CUST01303,Girik Wable,33.0,+91 62776 74695,SURAT,Nagaland,BSNL,PRE PAID,149.0,68,12/19/2020,07/18/2026,0,0,darsh37@example.net,FEMALE
CUST01304,Samaksh Konda,58.0,,indore,Kerala,Jio,POST PAID,999.0,74,22/06/2020,2026-07-12,0,N,yuvraj00@example.com,Female
CUST01305,Owen Master,32.0,+911518016648,Bhopal,Madhya Pradesh,BSNL,Prepaid,999.0,58,15 Oct 2021,21 Jun 2026,4,Y,pauhenry@example.com,female
CUST01306,Nitesh Deshpande,41.0,4159106608,Madras,Bihar,Airtel,Pre-paid,399.0,46,2022-10-10,07/11/2026,0,,nathan21@example.net,Male
CUST01307,Joshua Puri,62.0,06135062108,Indore,Madhya Pradesh,Vi,Pre-paid,839.0,64,04/18/2021,2026-07-19,0,n,devihemani@example.com,
CUST01308,IKSHITA NARULA,52.0,8168214073,New Delhi,Arunachal Pradesh,BSNL,,499.0,83,26-09-2019,09 Jun 2026,5,n,,M
CUST01309,ekta reddy,18.0,+91 47485 79888,Lucknow,Arunachal Pradesh,Airtel,Prepaid,499.0,7,23-12-2025,10/07/2026,1,NO,abhanarayanan@example.org,Female
CUST01310,Omya Nazareth,53.0,04754318864,BLR,Himachal Pradesh,BSNL,PRE PAID,499.0,23,20240830,20 Jul 2026,1,,udey@example.org,male
CUST01311,Tripti Dalal,58.0,,indore,Maharashtra,Jio,POSTPAID,1499.0,52,13/04/2022,08/07/2026,0,0,,F
CUST01312,Praneel Puri,44.0,,Indore,Uttar Pradesh,Vi,Prepaid,839.0,76,,24/06/2026,3,Y,dalaja26@example.com,MALE
CUST01313,Mason Doshi,36.0,+91 82310 17171,MUM,Nagaland,Airtel,Pre-paid,399.0,50,12-06-2022,12 Jun 2026,5,NO,quincy60@example.com,female
CUST01314,Chatresh Wali,32.0,,Mumbai,Manipur,Airtel,Prepaid,499.0,1,06/21/2026,2026-07-14,0,n,,MALE
CUST01315,Abhiram Sidhu,60.0,,KOLKATA,Rajasthan,Airtel,postpaid,999.0,22,29-09-2024,18 Jul 2026,1,0,agastya87@example.com,
CUST01316,AMRUTA BHAGAT,34.0,91-41248-45467,Lucknow,Uttarakhand,BSNL,Prepaid,299.0,71,09/20/2020,20260630,4,N,muniishaan@example.org,M
CUST01317,Diya Jayaraman,18.0,91-01176-17061,SURAT,Tripura,BSNL,POSTPAID,1199.0,77,24/03/2020,2026-07-16,0,,nandinipurohit@example.com,
CUST01318,Tanish Sarraf,45.0,+91 01915 42607,Surat,Rajasthan,BSNL,PREPAID,99.0,21,29/10/2024,20260716,1,,shuklaethan@example.com,F
CUST01319,Ria Varty,51.0,3064211684,Bhopal,Rajasthan,Vi,PRE PAID,499.0,61,20210717,11/07/2026,1,0,csami@example.com,MALE
CUST01320,Triya Zachariah,45.0,,Poona,Tamil Nadu,Jio,POSTPAID,1999.0,9,24-10-2025,20260717,1,NO,bbora@example.org,Female
CUST01321,Adya Venkatesh,61.0,,SURAT,Odisha,Airtel,prepaid,839.0,64,04/18/2021,11-07-2026,0,0,vsabharwal@example.net,female
CUST01322,Gaurav Bobal,33.0,,Surat,Punjab,Jio,POST PAID,1999.0,56,12/14/2021,2026-05-25,5,n,dasguptanaksh@example.net,female
CUST01323,EKAPAD BATTA,35.0,02668063992,Bengaluru,Tripura,Vi,,99.0,46,10-10-2022,20260714,0,,vaishnavi49@example.net,MALE
CUST01324,Hitesh Dora,60.0,+917959282233,Bangalore,Andhra Pradesh,Airtel,Post-paid,399.0,66,20210217,09/07/2026,0,N,xyohannan@example.com,female
CUST01325,PRANEEL BUCH,35.0,91-77323-57374,Indore,West Bengal,Airtel,postpaid,699.0,55,,2026-07-10,0,n,hardikyohannan@example.org,Female
CUST01326,Maanas Swaminathan,39.0,5925309558,patna,Uttar Pradesh,Vi,POST PAID,1199.0,15,27/04/2025,07/14/2026,0,,fradopai@example.org,FEMALE
CUST01327,Xalak Lanka,58.0,03010753502,BENGALURU,West Bengal,Airtel,prepaid,149.0,55,13-01-2022,2026-06-27,2,Y,vboase@example.net,Male
CUST01328,Ekaraj Varghese,63.0,+91 70943 91370,bhopal,Chhattisgarh,Jio,Pre-paid,199.0,30,02 Feb 2024,13/07/2026,1,NO,oliverchandra@example.com,F
CUST01329,DIVYA NAYAK,24.0,+911784498838,Poona,West Bengal,Jio,prepaid,99.0,49,20220712,12 Jul 2026,0,0,daksha85@example.org,Female
CUST01330,Niharika Dutta,19.0,91-70053-55882,indore,Tamil Nadu,BSNL,PREPAID,399.0,8,2025-11-23,15/07/2026,0,n,othaker@example.com,Female
CUST01331,Xavier Suri,32.0,5641533070,jaipur,Rajasthan,Airtel,Post-paid,999.0,18,20250127,12/07/2026,0,n,,F
CUST01332,Yatin Baral,25.0,4037791703,NAGPUR,West Bengal,Airtel,Postpaid,,14,27 May 2025,2026-07-18,0,,watikaedwin@example.net,male
CUST01333,Tanveer Raval,37.0,06847325506,Patna,Arunachal Pradesh,Jio,POST PAID,,6,22/01/2026,06/30/2026,5,Y,chawlaisha@example.org,F
CUST01334,Pranit Varughese,,08199684456,,Telangana,BSNL,,99.0,21,2024-10-29,07/14/2026,0,NO,sudikshabail@example.org,Male
CUST01335,Urvashi Comar,,+912016759930,Mumbai,Himachal Pradesh,Vi,postpaid,1199.0,8,2025-11-23,20260707,1,n,rehaankapadia@example.org,MALE
CUST01336,Jeevika Oak,18.0,+91 00400 46454,surat,Chhattisgarh,Airtel,Postpaid,499.0,74,06/22/2020,09-07-2026,1,0,psuri@example.org,male
CUST01337,Wridesh Gupta,62.0,,PATNA,Mizoram,Vi,PRE PAID,599.0,51,13-05-2022,08-06-2026,5,Y,pshankar@example.org,female
CUST01338,Vaishnavi Sarna,60.0,3103231976,Mumbai,Chhattisgarh,Airtel,postpaid,999.0,64,18 Apr 2021,09-06-2026,4,0,girishmallick@example.com,MALE
CUST01339,mohammed date,23.0,,hyderabad,Chhattisgarh,Jio,POSTPAID,999.0,33,04-11-2023,25 May 2026,3,Y,gautamdhar@example.net,M
CUST01340,Yuvraj Vora,55.0,,PATNA,Nagaland,Vi,Pre-paid,499.0,50,12 Jun 2022,08/07/2026,1,0,qgoel@example.net,M
CUST01341,Lohit Mand,46.0,+91 67666 09191,Calcutta,Gujarat,Vi,Prepaid,499.0,19,28-12-2024,20260630,5,Y,onkar99@example.net,F
CUST01342,netra bhardwaj,41.0,6396704477,Ahmedabad,Meghalaya,BSNL,postpaid,1199.0,2,05/22/2026,2026-07-08,1,n,abhimanyu56@example.com,female
CUST01343,Kalpit Radhakrishnan,62.0,08575256374,NAGPUR,West Bengal,Airtel,prepaid,499.0,47,20220910,07/17/2026,1,N,tandongaurangi@example.net,MALE
CUST01344,Mason Chanda,61.0,+91 77282 76958,CHENNAI,Chhattisgarh,Vi,,199.0,35,05/09/2023,20260615,2,n,gayathri46@example.com,MALE
CUST01345,Varsha Nagi,34.0,9435007961,mumbai,Chhattisgarh,BSNL,Pre-paid,999.0,55,13 Jan 2022,09-07-2026,0,0,lbala@example.net,MALE
CUST01346,Rohan Radhakrishnan,29.0,2501691569,Hyderabad,Maharashtra,Airtel,PRE PAID,299.0,50,20220612,15 Jul 2026,1,N,,Female
CUST01347,Rachita Datta,54.0,,indore,Tamil Nadu,Airtel,POST PAID,799.0,19,28/12/2024,14-07-2026,1,NO,kiaandutta@example.com,male
CUST01348,Shaurya Warrior,24.0,,MUMBAI,Telangana,Airtel,prepaid,839.0,14,27-05-2025,07 Jun 2026,2,Y,dominic78@example.com,FEMALE
CUST01349,Rohan Chakrabarti,38.0,+913027721793,KOLKATA,Mizoram,Jio,POSTPAID,999.0,68,19/12/2020,07/14/2026,1,NO,champak46@example.net,Male
CUST01350,George Hegde,50.0,+91 89491 28672,HYDERABAD,Chhattisgarh,Jio,Post-paid,699.0,60,16 Aug 2021,13-07-2026,1,0,,MALE
CUST01351,Ishanvi Gandhi,22.0,+91 02040 41071,Nagpur,Gujarat,BSNL,prepaid,599.0,80,12/25/2019,08/07/2026,1,N,matthewnagar@example.com,FEMALE
CUST01352,Unnati Krish,22.0,91-01584-56731,jaipur,Andhra Pradesh,Vi,PREPAID,599.0,80,20191225,14-06-2026,4,Y,harita57@example.org,F
CUST01353,Yamini Sarkar,62.0,+917373397010,PATNA,Uttar Pradesh,Vi,postpaid,399.0,54,2022-02-12,18 Jul 2026,0,NO,kurianvasana@example.org,Male
CUST01354,Aarna Mitra,45.0,0251435804,Patna,Rajasthan,Vi,PRE PAID,99.0,2,2026-05-22,18-07-2026,1,n,,female
CUST01355,Urishilla Gupta,43.0,+91 34779 66054,nagpur,Bihar,Airtel,prepaid,999.0,15,,12/07/2026,1,N,triptiloke@example.net,male
CUST01356,Chasmum Boase,39.0,+911827711488,indore,Odisha,BSNL,PRE PAID,,76,04/23/2020,10-07-2026,1,N,luckysama@example.com,FEMALE
CUST01357,Niharika Balay,37.0,+914294267088,mumbai,Madhya Pradesh,BSNL,PREPAID,839.0,63,05/18/2021,20260716,0,n,tthakur@example.org,Male
CUST01358,Ekavir Nath,18.0,91-68170-06814,PUNE,Odisha,BSNL,Post-paid,999.0,6,22 Jan 2026,07/02/2026,5,,bachittar65@example.net,F
CUST01359,AMAIRA YADAV,49.0,01751800778,Surat,West Bengal,Vi,prepaid,149.0,33,04 Nov 2023,07/09/2026,0,n,khoslachanchal@example.net,M
CUST01360,Chavvi Chhabra,25.0,0921527259,Poona,Tripura,BSNL,Post-paid,499.0,17,20250226,19 Jul 2026,0,,siballadli@example.org,F
CUST01361,Meera Aurora,55.0,+91 88012 25620,Bangalore,Odisha,Vi,,,76,2020-04-23,07/09/2026,1,0,khatrichatura@example.org,M
CUST01362,Darpan Hayer,41.0,9591516761,INDORE,Gujarat,BSNL,PRE PAID,199.0,84,27-08-2019,07/10/2026,1,NO,smitra@example.net,Female
CUST01363,Anamika Garg,57.0,+91 54508 06940,PUNE,Karnataka,Jio,Pre-paid,299.0,47,20220910,07/15/2026,1,NO,nadkarniyashica@example.net,
CUST01364,Siddharth Shere,50.0,,PATNA,Kerala,Vi,,99.0,16,20250328,2026-07-11,0,0,aarnav70@example.net,Female
CUST01365,Zaitra Raman,21.0,00278902764,Ahmedabad,Tamil Nadu,Airtel,POSTPAID,999.0,37,07-07-2023,2026-07-12,0,n,bawatara@example.org,F
CUST01366,Warinder Barad,19.0,91-82850-72553,Patna,Sikkim,BSNL,Postpaid,999.0,43,08-01-2023,2026-07-07,0,,deshmukhanjali@example.org,female
CUST01367,CHAAYA DATE,41.0,+919184180514,Bangalore,,BSNL,POSTPAID,499.0,11,2025-08-25,20260713,1,n,saanvi08@example.com,F
CUST01368,Oliver Thaker,55.0,91-38793-09252,Kolkata,Andhra Pradesh,Jio,POSTPAID,699.0,28,2024-04-02,10/07/2026,0,0,gautami80@example.net,F
CUST01369,mason mangat,32.0,+916943643653,chennai,Madhya Pradesh,Jio,postpaid,999.0,79,24-01-2020,07/19/2026,1,,vperi@example.org,F
CUST01370,Yash Bhandari,48.0,91-33023-04233,Calcutta,Manipur,Vi,PRE PAID,399.0,14,27-05-2025,,0,,gchoudhary@example.com,Male
CUST01371,Kashvi Barad,20.0,2602757896,Amdavad,Telangana,Vi,PREPAID,99.0,1,06/21/2026,2026-07-18,1,0,yashoda45@example.com,
CUST01372,nathaniel roy,61.0,1862109863,BENGALURU,Meghalaya,Jio,,999.0,6,2026-01-22,20 Jul 2026,0,n,chaitanya98@example.org,MALE
CUST01373,manya sinha,64.0,+915284658068,MUMBAI,Andhra Pradesh,BSNL,Prepaid,839.0,52,13 Apr 2022,07/13/2026,0,NO,sharmadivya@example.org,FEMALE
CUST01374,Gabriel Barad,40.0,91-44878-90483,mumbai,Assam,Airtel,prepaid,839.0,6,01/22/2026,20260623,4,N,jnarayanan@example.com,M
CUST01375,Anika Kala,58.0,9743087803,BLR,Mizoram,Jio,,839.0,9,24/10/2025,15/07/2026,1,0,balendrahari@example.com,
CUST01376,yochana gandhi,58.0,3142175624,JAIPUR,Punjab,Airtel,postpaid,499.0,37,07/07/2023,16/07/2026,1,,ykadakia@example.net,M
CUST01377,Vivaan Mukhopadhyay,43.0,+91 01577 46621,KOLKATA,Nagaland,BSNL,postpaid,699.0,56,14/12/2021,17-06-2026,2,0,saumyasahni@example.com,male
CUST01378,Oviya Sankaran,28.0,+916794060154,Bangalore,Assam,Vi,Post-paid,1499.0,72,21 Aug 2020,19 Jul 2026,0,,agade@example.com,Female
CUST01379,Fitan Krish,59.0,06296610356,lucknow,Uttarakhand,Jio,PRE PAID,999.0,69,19/11/2020,2026-07-19,0,n,aryachaudry@example.com,Male
CUST01380,FORUM SHAN,45.0,+914609614909,Pune,,BSNL,PREPAID,499.0,30,20240202,11-06-2026,2,Y,ynayak@example.net,male
CUST01381,Nachiket Bail,49.0,,Patna,Rajasthan,Airtel,Prepaid,149.0,7,12/23/2025,07/13/2026,1,0,omaja83@example.org,F
CUST01382,ZEHAAN BHATTI,60.0,0250064227,mumbai,Madhya Pradesh,Airtel,POST PAID,1499.0,81,11/25/2019,07/20/2026,0,0,brijesh45@example.com,female
CUST01383,GEETIKA RAJU,,+91 85953 88755,MUM,Meghalaya,Jio,postpaid,1999.0,37,2023-07-07,2026-07-11,1,N,sanyaravi@example.com,female
CUST01384,Amara Barman,26.0,07744433294,,Arunachal Pradesh,Jio,Pre-paid,149.0,7,20251223,17-07-2026,0,N,sainireva@example.org,M
CUST01385,Upma Dara,65.0,+91 34190 67100,HYDERABAD,Andhra Pradesh,BSNL,postpaid,999.0,17,26/02/2025,09/07/2026,1,n,,male
CUST01386,Brijesh Shankar,29.0,09105579991,BLR,Sikkim,Jio,Prepaid,199.0,65,03/19/2021,2026-07-13,1,,divanranveer@example.org,Female
CUST01387,Amaira Kashyap,59.0,03959435784,Hyderabad,Uttar Pradesh,Vi,Prepaid,99.0,36,2023-08-06,14/07/2026,0,,,F
CUST01388,Watika Bahl,53.0,+91 37707 05070,indore,Rajasthan,Jio,,,51,13/05/2022,20/07/2026,0,n,bhavnaamble@example.com,MALE
CUST01389,diya dhar,65.0,91-78937-98775,,Tamil Nadu,Jio,Postpaid,1499.0,17,26/02/2025,2026-07-19,0,0,vinaya36@example.net,male
CUST01390,Upkaar Talwar,27.0,,kolkata,Arunachal Pradesh,Vi,postpaid,799.0,14,20250527,2026-07-07,1,0,tsinghal@example.com,female
CUST01391,Henry Garg,37.0,91-56196-17650,Nagpur,Kerala,Jio,PREPAID,149.0,27,02 May 2024,20260714,0,N,fsarma@example.net,female
CUST01392,devika sundaram,59.0,91-31905-37693,PATNA,Madhya Pradesh,Airtel,POST PAID,1199.0,1,20260621,06/28/2026,4,Y,rbandi@example.net,MALE
CUST01393,CHAMELI BORDE,65.0,+91 24387 20757,Indore,Goa,Jio,prepaid,839.0,51,20220513,2026-07-14,1,NO,vlalla@example.com,MALE
CUST01394,Nidra Choudhary,63.0,,surat,Himachal Pradesh,Vi,POSTPAID,1499.0,74,2020-06-22,2026-06-20,3,N,hayreosha@example.com,Female
CUST01395,Nakul Randhawa,44.0,,delhi,Jharkhand,BSNL,POSTPAID,399.0,17,,20260712,0,n,hgopal@example.net,FEMALE
CUST01396,Pranit Bains,64.0,+91 77410 50685,Pune,Jharkhand,BSNL,Postpaid,1499.0,48,11-08-2022,07/08/2026,1,n,krishna00@example.com,Male
CUST01397,Chakrika Khurana,47.0,+910534289078,,Telangana,BSNL,Post-paid,399.0,82,26 Oct 2019,07/08/2026,0,0,kalatanvi@example.net,M
CUST01398,Alexander Parmar,39.0,+914117977963,ahmedabad,Nagaland,Airtel,PREPAID,599.0,56,20211214,05/29/2026,2,Y,qchand@example.net,MALE
CUST01399,Hiral Tata,52.0,07798882437,BHOPAL,Assam,Jio,PRE PAID,999.0,20,11/28/2024,07/13/2026,0,N,jwagle@example.org,
CUST01400,David Iyer,,,BLR,Goa,Airtel,prepaid,,5,21 Feb 2026,20-07-2026,1,n,dgour@example.com,MALE
CUST01401,Vansha Solanki,60.0,+913159637813,Hyderabad,Tamil Nadu,Jio,PRE PAID,149.0,58,10/15/2021,2026-07-16,0,,,FEMALE
CUST01402,Damyanti Rana,39.0,,Lucknow,West Bengal,Vi,PRE PAID,399.0,56,,07/17/2026,0,n,waidacherian@example.com,M
CUST01403,DHRITI BHARDWAJ,48.0,02942067080,SURAT,Madhya Pradesh,Airtel,postpaid,999.0,38,20230607,,1,0,eshana43@example.net,FEMALE
CUST01404,Upasna Wali,65.0,,ahmedabad,Madhya Pradesh,BSNL,Post-paid,999.0,23,2024-08-30,21 Jul 2026,0,N,gaurav11@example.com,female
CUST01405,Neel Sane,43.0,+91 49227 77085,bhopal,Mizoram,Jio,Prepaid,149.0,47,10 Sep 2022,21-07-2026,0,N,bpandit@example.org,male
CUST01406,Pooja Parmer,48.0,91-41513-98553,Madras,Telangana,Vi,POSTPAID,699.0,69,11/19/2020,06/03/2026,2,Y,bganguly@example.com,Male
CUST01407,Rishi Kumar,65.0,09656280733,Bhopal,,Jio,postpaid,699.0,29,03-03-2024,2026-07-17,0,N,ekani91@example.org,male
CUST01408,Abdul Gour,40.0,,Indore,Manipur,Vi,PRE PAID,719.0,6,22/01/2026,13/07/2026,0,,dalalmadhav@example.net,Female
CUST01409,Krishna Swamy,46.0,,PATNA,West Bengal,BSNL,,499.0,59,09/15/2021,20 Jul 2026,0,n,harshbhasin@example.org,M
CUST01410,Avni Mistry,60.0,+916575376445,Jaipur,Karnataka,Vi,Pre-paid,839.0,32,2023-12-04,20260530,2,NO,watikaahluwalia@example.com,male
CUST01411,andrew nanda,22.0,+916069939945,Indore,Assam,Vi,POST PAID,699.0,35,05 Sep 2023,07/11/2026,1,N,bandijairaj@example.com,
CUST01412,Tristan Mahajan,59.0,0569562509,NAGPUR,Jharkhand,Airtel,Postpaid,699.0,40,08 Apr 2023,16 Jul 2026,1,N,sanghaprisha@example.com,M
CUST01413,Leela Narayanan,31.0,00368085884,surat,Chhattisgarh,Airtel,Post-paid,499.0,68,19/12/2020,20260706,5,Y,valatriveni@example.org,FEMALE
CUST01414,KAMALA AGGARWAL,37.0,,bhopal,Madhya Pradesh,Jio,POST PAID,799.0,72,2020-08-21,20 Jul 2026,0,,vedakara@example.org,FEMALE
CUST01415,Brijesh Tara,40.0,+917460302312,HYDERABAD,Chhattisgarh,Jio,Post-paid,499.0,77,,10/07/2026,0,N,mbava@example.com,FEMALE
CUST01416,Oviya Borra,25.0,02726189109,Bhopal,Chhattisgarh,Airtel,POSTPAID,,11,2025-08-25,20260719,0,0,mahikamohanty@example.net,female
CUST01417,Vedhika Raman,,9819401469,Delhi,Arunachal Pradesh,BSNL,Prepaid,199.0,82,10/26/2019,06/02/2026,2,Y,adya93@example.net,male
CUST01418,Prisha Bhat,19.0,6262510494,Kolkata,Odisha,Airtel,PREPAID,299.0,56,2021-12-14,07-07-2026,1,NO,jreddy@example.net,Female
CUST01419,Tejas Dube,23.0,91-35966-53390,surat,Manipur,Airtel,PRE PAID,599.0,76,23-04-2020,21 Jul 2026,0,n,ishanvi51@example.com,female
CUST01420,garima puri,63.0,08314650039,BHOPAL,Kerala,Airtel,prepaid,839.0,4,20260323,20260715,0,0,boasenetra@example.com,MALE
CUST01421,ojasvi tiwari,42.0,1988906091,bhopal,,Jio,postpaid,499.0,8,23 Nov 2025,07/09/2026,0,NO,upadhyayoliver@example.org,FEMALE
CUST01422,Bhanumati Ramanathan,30.0,06568872020,AHMEDABAD,Telangana,Airtel,POSTPAID,1499.0,36,20230806,11-06-2026,3,,lakshrana@example.org,male
CUST01423,William Bahl,41.0,05080029069,delhi,Manipur,Vi,postpaid,1999.0,19,28/12/2024,20260530,5,n,singhalindali@example.net,male
CUST01424,MASON MORE,51.0,+916470236074,CHENNAI,Sikkim,Airtel,Post-paid,,5,21/02/2026,19/07/2026,1,n,gavinapte@example.org,F
CUST01425,madhavi sarna,41.0,+91 01637 90584,Madras,Meghalaya,Airtel,Post-paid,1499.0,58,15 Oct 2021,25 Jun 2026,2,n,nandini93@example.org,F
CUST01426,Udarsh Bhatt,36.0,+916764785625,MUM,Maharashtra,BSNL,prepaid,499.0,84,20190827,20-07-2026,0,N,uraju@example.org,Male
CUST01427,Hema Devi,24.0,08255203286,Kolkata,Jharkhand,Airtel,POSTPAID,699.0,75,23 May 2020,20-07-2026,0,NO,periraksha@example.com,Female
CUST01428,Shivani Sidhu,21.0,,INDORE,Rajasthan,Vi,PRE PAID,99.0,25,2024-07-01,07/14/2026,0,N,ekani08@example.com,FEMALE
CUST01429,Saksham De,25.0,,mumbai,Uttar Pradesh,BSNL,postpaid,999.0,38,07-06-2023,07/10/2026,1,N,pkari@example.com,MALE
CUST01430,Ishwar Sachar,57.0,91-05665-14134,Bengaluru,Uttarakhand,Jio,Post-paid,1999.0,22,29/09/2024,20 Jun 2026,3,N,ladbhavna@example.net,
CUST01431,Nimrat Parmar,33.0,+913743738013,NCR,Punjab,Airtel,Postpaid,499.0,46,20221010,2026-07-14,0,NO,yashasvi35@example.net,
CUST01432,Falan Shenoy,46.0,7873541455,bangalore,Telangana,Airtel,Postpaid,499.0,9,10/24/2025,17-07-2026,1,0,jyoti34@example.net,MALE
CUST01433,Sanaya Subramaniam,53.0,,pune,Chhattisgarh,BSNL,PRE PAID,99.0,82,20191026,26-05-2026,4,Y,csarin@example.com,Male
CUST01434,Meera Chaudhary,31.0,6314931813,Jaipur,Karnataka,BSNL,PRE PAID,719.0,9,2025-10-24,2026-05-23,5,Y,divyawable@example.net,M
CUST01435,Varenya Dugar,64.0,,INDORE,Goa,Vi,PREPAID,149.0,73,20200722,15-07-2026,1,0,jgopal@example.com,
CUST01436,Xiti Mander,37.0,+917876028749,CHENNAI,Karnataka,Jio,,299.0,12,2025-07-26,,1,N,qadimsubramaniam@example.org,Female
CUST01437,Nathan Grewal,58.0,00822781469,Lucknow,Tripura,BSNL,Prepaid,839.0,62,17 Jun 2021,03/06/2026,3,NO,ishanvihora@example.org,Male
CUST01438,Anusha Minhas,61.0,2306780194,MUMBAI,,Jio,POSTPAID,999.0,81,25/11/2019,2026-07-15,0,N,balanunnati@example.org,FEMALE
CUST01439,Dayamai Dada,43.0,7886173277,Delhi,Rajasthan,Airtel,Prepaid,299.0,72,21-08-2020,20260719,1,,dsastry@example.net,
CUST01440,Advaith Bhalla,44.0,03375618453,lucknow,Chhattisgarh,BSNL,,719.0,47,10 Sep 2022,10 Jul 2026,1,,guhaqabil@example.com,female
CUST01441,Arunima Anand,54.0,91-39604-24450,jaipur,Arunachal Pradesh,BSNL,Pre-paid,839.0,10,2025-09-24,07 Jul 2026,0,0,ekani39@example.org,female
CUST01442,Barkha Jani,18.0,+91 80437 41269,Indore,Sikkim,BSNL,Pre-paid,99.0,14,2025-05-27,2026-07-14,1,NO,chadyasti@example.net,FEMALE
CUST01443,Pranav Jaggi,28.0,05942501657,patna,Sikkim,BSNL,prepaid,299.0,65,19/03/2021,2026-07-18,0,NO,norihamsini@example.org,FEMALE
CUST01444,Amol Varghese,36.0,91-96006-61615,Surat,Mizoram,Vi,Pre-paid,,51,13-05-2022,16-07-2026,1,0,ghoshchandresh@example.com,FEMALE
CUST01445,Vrinda Ramakrishnan,41.0,91-06834-26053,NAGPUR,Rajasthan,Airtel,,299.0,38,06/07/2023,05/23/2026,5,0,dchana@example.net,
CUST01446,Zashil Chanda,32.0,8745126193,NAGPUR,Mizoram,BSNL,Prepaid,839.0,41,09 Mar 2023,2026-07-17,0,n,jhalakbava@example.net,male
CUST01447,Bhavini Trivedi,,+910725668723,HYDERABAD,Rajasthan,Airtel,Pre-paid,149.0,21,29/10/2024,2026-07-17,1,n,hamsiniagrawal@example.org,female
CUST01448,Sai Cherian,55.0,+91 32249 67371,DELHI,Uttar Pradesh,Vi,prepaid,299.0,13,2025-06-26,2026-07-14,1,0,meeranarayan@example.com,male
CUST01449,Anjali Dube,54.0,+91 13667 48868,KOLKATA,Maharashtra,Airtel,POSTPAID,999.0,21,10/29/2024,2026-07-18,0,0,borrashivansh@example.net,male
CUST01450,HARDIK SABHARWAL,36.0,04742707254,delhi,Punjab,Vi,Pre-paid,99.0,75,23 May 2020,07/07/2026,1,,yauvani93@example.net,Male
CUST01451,Chameli Luthra,18.0,,Jaipur,Karnataka,Vi,POSTPAID,1999.0,8,23 Nov 2025,07/20/2026,0,,,FEMALE
CUST01452,Dev Buch,43.0,+91 79746 31771,KOLKATA,Odisha,Airtel,Pre-paid,999.0,25,01 Jul 2024,07/12/2026,0,,theodoresheth@example.com,Female
CUST01453,Max Ratti,57.0,4094665497,Indore,Uttarakhand,Jio,Postpaid,499.0,69,19/11/2020,24 Jun 2026,3,0,osoni@example.com,male
CUST01454,Hiral Kalla,57.0,91-48280-09205,DELHI,Haryana,Airtel,prepaid,719.0,84,08/27/2019,21 Jul 2026,0,N,,F
CUST01455,VAMAKSHI PINGLE,35.0,1575842768,Lucknow,Uttar Pradesh,Jio,Prepaid,149.0,25,20240701,16 Jul 2026,0,n,teerthbadal@example.com,Female
CUST01456,VICTOR LAD,53.0,,indore,Mizoram,Jio,PREPAID,499.0,31,2024-01-03,07/08/2026,1,NO,vedikasahota@example.net,Male
CUST01457,Gopal Dugar,26.0,,Surat,Bihar,Vi,POST PAID,799.0,18,27 Jan 2025,15 Jul 2026,1,n,choudhrymichael@example.net,F
CUST01458,Hemani Kara,45.0,08607813847,Patna,Himachal Pradesh,Jio,postpaid,799.0,43,08-01-2023,08 Jul 2026,1,NO,mmemon@example.net,female
CUST01459,Jack Kamdar,26.0,,MUMBAI,Assam,Jio,Postpaid,399.0,34,05-10-2023,07/11/2026,1,n,misranikita@example.net,male
CUST01460,Theodore Dutta,21.0,08730539003,Hyd,Andhra Pradesh,Airtel,,399.0,42,07/02/2023,,0,NO,deshpandenicholas@example.net,female
CUST01461,Yuvraj Toor,46.0,+91 33939 94310,INDORE,Tripura,Vi,POST PAID,699.0,49,07/12/2022,17 Jul 2026,1,n,seshadrivictor@example.net,
CUST01462,Ucchal Joshi,61.0,8986598460,bhopal,Telangana,Vi,Pre-paid,199.0,62,20210617,07/08/2026,0,,,Female
CUST01463,Arin Sagar,21.0,+91 80207 52046,Patna,Jharkhand,BSNL,prepaid,839.0,13,,13-07-2026,1,n,indali13@example.org,male
CUST01464,JASON DOSHI,48.0,+911971890112,Amdavad,Andhra Pradesh,Jio,Post-paid,699.0,79,20200124,06/17/2026,4,n,turvi76@example.org,male
CUST01465,EKAJA NAYAR,19.0,+91 93527 56520,Patna,West Bengal,BSNL,,599.0,11,25/08/2025,,1,0,,MALE
CUST01466,Avni Samra,65.0,,New Delhi,Himachal Pradesh,Jio,Pre-paid,499.0,12,26-07-2025,20260531,2,Y,narangveda@example.net,male
CUST01467,Jagrati Sandhu,47.0,91-92141-81007,Ahmedabad,Rajasthan,Airtel,prepaid,99.0,49,12 Jul 2022,20260721,1,0,odugal@example.net,F
CUST01468,Amol Dugal,41.0,+910336759479,Ahmedabad,Tripura,Vi,PRE PAID,399.0,51,20220513,07/08/2026,1,n,wpall@example.com,
CUST01469,Suhani Agrawal,34.0,91-04982-07000,nagpur,Maharashtra,Vi,Post-paid,799.0,21,29-10-2024,20260713,0,n,dsawhney@example.net,MALE
CUST01470,Zinal Mangat,58.0,+913582172633,INDORE,Jharkhand,Airtel,POSTPAID,799.0,55,13-01-2022,20260716,0,N,bkaul@example.net,M
CUST01471,Tripti Butala,21.0,+91 57721 12716,Jaipur,,Airtel,POST PAID,699.0,14,20250527,07/13/2026,0,n,hnadig@example.net,Female
CUST01472,Gaurangi Sarin,18.0,00686864641,patna,Mizoram,Jio,postpaid,1199.0,11,08/25/2025,10-06-2026,5,Y,ishitavig@example.com,FEMALE
CUST01473,Sanya Kapadia,62.0,,Hyd,Nagaland,Vi,,499.0,23,20240830,07 Jul 2026,1,,ltalwar@example.com,M
CUST01474,Nicholas Chopra,49.0,91-25961-15953,SURAT,Kerala,Airtel,POSTPAID,499.0,45,20221109,20260715,0,NO,pdora@example.com,M
CUST01475,Yashoda Nadig,21.0,01834349363,PUNE,Goa,Airtel,,599.0,42,02/07/2023,11/07/2026,0,N,mitesh33@example.com,Male
CUST01476,Wridesh Verma,36.0,+912932683487,Hyd,Sikkim,Airtel,postpaid,1999.0,55,13 Jan 2022,2026-07-20,1,n,loyaldamyanti@example.net,female
CUST01477,Kala Oza,51.0,8766340419,hyderabad,Meghalaya,BSNL,Pre-paid,719.0,18,27/01/2025,18 Jul 2026,0,N,charitalall@example.org,female
CUST01478,Chandran Hora,58.0,,indore,Andhra Pradesh,BSNL,PREPAID,199.0,76,23 Apr 2020,13-06-2026,2,NO,wshanker@example.org,
CUST01479,Chaitanya Buch,29.0,,Surat,Tripura,Airtel,Prepaid,719.0,23,20240830,14-07-2026,0,NO,abeersandal@example.com,male
CUST01480,Ekalinga Gulati,23.0,91-98358-44801,DELHI,Tripura,Airtel,Prepaid,149.0,5,20260221,09-07-2026,1,NO,nanne@example.net,
CUST01481,Gopal Krish,18.0,00308922906,Kolkata,Haryana,Airtel,Pre-paid,149.0,76,2020-04-23,17 Jul 2026,1,0,jsrinivasan@example.com,MALE
CUST01482,Zayan Gade,38.0,+91 60080 59801,Hyderabad,,Jio,Postpaid,,54,12/02/2022,19/07/2026,0,NO,bawatheodore@example.com,MALE
CUST01483,Vasana Palla,45.0,02239766215,Bhopal,Karnataka,Jio,POSTPAID,699.0,84,2019-08-27,20260624,2,N,vedantsharma@example.net,FEMALE
CUST01484,Zansi Pathak,33.0,02638987495,NAGPUR,Maharashtra,Jio,PRE PAID,399.0,77,24/03/2020,07-07-2026,0,,nicholas27@example.net,
CUST01485,avni bose,45.0,+91 90558 75302,jaipur,Meghalaya,BSNL,POST PAID,799.0,20,20241128,11 Jul 2026,0,,krishakurian@example.com,MALE
CUST01486,Turvi Pillay,23.0,+91 89172 84584,AHMEDABAD,Manipur,Jio,postpaid,399.0,84,27/08/2019,29 May 2026,2,Y,hnarula@example.net,
CUST01487,advaith hayer,47.0,91-19743-57529,pune,Tamil Nadu,Airtel,postpaid,699.0,64,2021-04-18,08 Jul 2026,0,,neelimaacharya@example.net,M
CUST01488,Gavin Trivedi,59.0,,MUMBAI,Chhattisgarh,Vi,prepaid,839.0,84,2019-08-27,23-06-2026,5,n,sacharvaishnavi@example.org,FEMALE
CUST01489,Arin Nath,61.0,,NAGPUR,Nagaland,Jio,Postpaid,1999.0,37,20230707,2026-07-14,1,NO,sachimerchant@example.com,male
CUST01490,Kashish Sahota,45.0,02876575552,PATNA,Nagaland,Airtel,prepaid,199.0,20,28-11-2024,,5,0,narangekani@example.org,MALE
CUST01491,ridhi babu,29.0,04645334798,Hyd,Gujarat,Jio,POST PAID,999.0,52,13-04-2022,20260713,1,N,kiaan96@example.org,female
CUST01492,Zashil Naidu,55.0,91-13875-95594,Bombay,Maharashtra,BSNL,POSTPAID,799.0,28,20240402,2026-07-15,1,N,mallnidra@example.com,FEMALE
CUST01493,Anusha Batra,30.0,+914890985927,bhopal,Uttar Pradesh,Airtel,Post-paid,399.0,11,25-08-2025,10/07/2026,1,0,dkalita@example.com,male
CUST01494,aahana gaba,51.0,+91 76458 08431,indore,Tripura,BSNL,Postpaid,799.0,67,01/18/2021,20260715,0,0,,M
CUST01495,Advik Hegde,21.0,08459587695,BHOPAL,Uttar Pradesh,Jio,POSTPAID,699.0,9,2025-10-24,07/21/2026,1,n,aarnav83@example.com,FEMALE
CUST01496,Priya Reddy,65.0,05923258024,bhopal,Chhattisgarh,Airtel,PREPAID,299.0,67,18/01/2021,07/07/2026,1,N,rattaneiravati@example.com,Female
CUST01497,varsha chad,31.0,91-40281-06076,kolkata,Bihar,Vi,Prepaid,199.0,77,24/03/2020,20260715,0,NO,arintalwar@example.com,Female
CUST01498,Udant Kata,,2521514351,Madras,Uttar Pradesh,BSNL,Post-paid,499.0,36,06-08-2023,20260711,0,,boraaashi@example.net,female
CUST01499,Nirja Sahota,28.0,+915530611390,bangalore,Himachal Pradesh,Airtel,POST PAID,699.0,82,26-10-2019,18/07/2026,1,n,idua@example.net,M
CUST01500,Yashodhara Kara,43.0,+91 59818 28439,jaipur,Jharkhand,Airtel,Post-paid,1499.0,48,11-08-2022,07/07/2026,0,NO,csingh@example.org,Female
CUST01501,PRANEEL BASU,61.0,4475017505,BHOPAL,Karnataka,Airtel,prepaid,999.0,59,15 Sep 2021,20260719,1,0,,MALE
CUST01502,chanakya saxena,33.0,09106971363,Kolkata,Himachal Pradesh,BSNL,POSTPAID,699.0,18,27/01/2025,18/06/2026,3,Y,krishna77@example.org,F
CUST01503,MEGHA BHATTACHARYYA,26.0,+915422492243,Bangalore,Arunachal Pradesh,Jio,Prepaid,839.0,21,2024-10-29,08/07/2026,0,n,girishguha@example.net,Male
CUST01504,Shivansh Bhatia,56.0,,jaipur,Manipur,Vi,prepaid,499.0,31,03 Jan 2024,05/30/2026,5,NO,toordamyanti@example.org,female
CUST01505,Arunima Parikh,33.0,2731567261,Madras,Meghalaya,Airtel,POST PAID,399.0,36,06 Aug 2023,21 Jul 2026,1,N,nmenon@example.org,FEMALE
CUST01506,Warinder Vohra,28.0,,Bhopal,Madhya Pradesh,Jio,POST PAID,699.0,70,10/20/2020,18 Jul 2026,0,N,waliawarjas@example.net,male
CUST01507,Manya Walia,41.0,91-08939-35046,PATNA,West Bengal,Airtel,,399.0,36,08/06/2023,17-06-2026,4,NO,jatinsinghal@example.net,female
CUST01508,CHATRESH SWAMINATHAN,,+913094587595,JAIPUR,Rajasthan,Jio,Prepaid,719.0,67,18/01/2021,20260712,1,,finn29@example.org,Female
CUST01509,Girish Tiwari,50.0,91-67475-29148,mumbai,Assam,BSNL,Pre-paid,839.0,1,20260621,07 Jul 2026,0,,hema07@example.org,Male
CUST01510,Chandran Pall,21.0,5562412667,Ahmedabad,Himachal Pradesh,Jio,PRE PAID,199.0,43,20230108,07/16/2026,1,N,chasmum88@example.com,M
CUST01511,Abhimanyu Goel,45.0,+913261434037,chennai,Karnataka,BSNL,,199.0,35,2023-09-05,08-07-2026,1,NO,chanakyajayaraman@example.org,MALE
CUST01512,Wridesh Bhardwaj,43.0,07478706764,Jaipur,Bihar,Airtel,,499.0,80,12/25/2019,20260702,3,Y,,
CUST01513,Mitali Sarin,26.0,+918749004491,,Karnataka,Airtel,,149.0,5,21/02/2026,20260618,2,Y,comarishita@example.org,male
CUST01514,ORINDER KEER,34.0,+911070431055,Patna,Assam,Airtel,,999.0,37,07-07-2023,07/21/2026,1,n,,MALE
CUST01515,pushti sankar,40.0,+912770215386,Ahmedabad,Telangana,Airtel,POSTPAID,499.0,35,09/05/2023,20260718,1,N,yashkota@example.com,F
CUST01516,Lajita Bobal,,4725531073,Hyderabad,Manipur,Vi,PREPAID,299.0,79,2020-01-24,21-07-2026,1,N,amarawarrior@example.com,Male
CUST01517,Aarav Garde,33.0,+911099931914,Hyderabad,Mizoram,BSNL,PRE PAID,999.0,5,20260221,07/12/2026,0,n,ngoda@example.com,F
CUST01518,Lipika Rajagopal,34.0,,Indore,Uttarakhand,Jio,PRE PAID,839.0,67,18 Jan 2021,07/07/2026,1,N,prishabhakta@example.net,
CUST01519,Timothy Khurana,19.0,+917779836778,Delhi,Karnataka,Airtel,PRE PAID,149.0,43,2023-01-08,19/07/2026,0,0,aroraishani@example.org,F
CUST01520,Banjeet Bava,45.0,6201729512,NAGPUR,Punjab,Jio,Pre-paid,499.0,13,06/26/2025,07/19/2026,0,,mandaaachal@example.net,F
CUST01521,Finn Karnik,,8633399506,BHOPAL,Tamil Nadu,Vi,Pre-paid,299.0,1,21-06-2026,10 Jul 2026,0,0,nairharshil@example.org,M
CUST01522,Saanvi Tara,50.0,91-55644-19941,kolkata,Tripura,Airtel,PREPAID,299.0,71,20200920,20260527,3,Y,omkaar60@example.com,M
CUST01523,Zilmil Dayal,44.0,,Ahmedabad,Bihar,Airtel,Post-paid,499.0,75,2020-05-23,20260713,0,n,modibaljiwan@example.com,male
CUST01524,Wyatt Aggarwal,26.0,+919508386039,Madras,Kerala,Vi,postpaid,799.0,83,26-09-2019,07/20/2026,1,0,deepamagar@example.org,Female
CUST01525,Sneha Sule,,+911207800378,Indore,Tripura,Airtel,Postpaid,799.0,41,2023-03-09,10/07/2026,1,n,pwable@example.com,F
CUST01526,Chakrika Tripathi,25.0,+916190764449,bhopal,Mizoram,Airtel,POST PAID,399.0,77,03/24/2020,07/16/2026,1,,misraansh@example.org,Male
CUST01527,Chanakya Sundaram,20.0,+916028465592,,Bihar,BSNL,prepaid,199.0,57,11/14/2021,21 Jul 2026,1,n,choudhryraksha@example.net,Female
CUST01528,Upma Panchal,46.0,+914443373609,BHOPAL,Chhattisgarh,BSNL,prepaid,499.0,36,06 Aug 2023,05/29/2026,2,NO,uoza@example.org,F
CUST01529,Aarna Loke,39.0,3461512167,JAIPUR,,Vi,PRE PAID,999.0,24,2024-07-31,,4,NO,aayushchoudhury@example.org,MALE
CUST01530,Nilima Raj,54.0,5404450398,Bhopal,Assam,BSNL,Postpaid,699.0,65,03/19/2021,2026-07-19,1,0,vasudhakalita@example.net,male
CUST01531,Ranbir Palla,22.0,,HYDERABAD,Jharkhand,Airtel,POSTPAID,1499.0,18,20250127,18/07/2026,0,,nathaniel13@example.com,Female
CUST01532,brijesh kala,31.0,7881474250,patna,Karnataka,Vi,Postpaid,699.0,10,24-09-2025,2026-07-19,1,n,wsharma@example.net,M
CUST01533,Ethan Pall,58.0,91-60367-33614,ahmedabad,Uttarakhand,BSNL,POSTPAID,1199.0,58,2021-10-15,20260721,1,NO,theodore79@example.org,female
CUST01534,Bhavini Pingle,52.0,+917827577306,pune,Uttar Pradesh,Airtel,Post-paid,,83,26-09-2019,09 Jul 2026,0,n,bhanumati26@example.org,M
CUST01535,Ayushman Barad,45.0,+917838777654,Patna,West Bengal,Airtel,Pre-paid,199.0,76,2020-04-23,07/11/2026,0,n,leela77@example.com,M
CUST01536,Quincy Khurana,60.0,05627545403,INDORE,Manipur,Jio,PRE PAID,499.0,54,12/02/2022,11-07-2026,1,n,sathvikswamy@example.net,female
CUST01537,Reyansh Jaggi,43.0,+913901876927,chennai,Meghalaya,Vi,POST PAID,699.0,81,25/11/2019,03 Jul 2026,4,n,cramachandran@example.org,female
CUST01538,Nakul Sachar,29.0,0294804688,INDORE,Sikkim,Vi,,399.0,84,20190827,28 Jun 2026,5,NO,yadavibhandari@example.com,MALE
CUST01539,Dayamai Desai,47.0,8156162173,CHENNAI,Odisha,Jio,Postpaid,699.0,63,18/05/2021,2026-07-09,1,N,faraj51@example.net,Female
CUST01540,Zehaan Shenoy,60.0,91-88967-62182,patna,Telangana,Airtel,,599.0,51,05/13/2022,09 Jul 2026,0,0,galanilima@example.net,M
CUST01541,Ranveer Ranganathan,62.0,91-52980-09341,surat,Tripura,Airtel,postpaid,1999.0,51,05/13/2022,2026-06-19,4,NO,galaucchal@example.org,female
CUST01542,Osha Brar,18.0,0677693131,patna,Andhra Pradesh,Jio,POST PAID,499.0,24,31-07-2024,08-07-2026,1,N,neelimasabharwal@example.com,Female
CUST01543,Jeet Kapadia,56.0,,KOLKATA,,Jio,Pre-paid,149.0,23,30-08-2024,26/06/2026,4,0,,male
CUST01544,Lekha Raval,50.0,+91 36863 64449,Indore,,Vi,Pre-paid,499.0,40,08/04/2023,07/07/2026,0,0,gayathriissac@example.net,Male
CUST01545,Ojasvi Sharma,22.0,+91 24743 50697,Surat,Punjab,BSNL,PRE PAID,399.0,3,22/04/2026,2026-05-30,4,Y,sara49@example.org,M
CUST01546,udarsh comar,60.0,,CHENNAI,Kerala,Jio,Prepaid,999.0,76,2020-04-23,,0,N,xmishra@example.net,male
CUST01547,CHATURA DIXIT,40.0,,BHOPAL,Mizoram,Airtel,POST PAID,799.0,11,20250825,20260619,3,0,pchada@example.com,MALE
CUST01548,George Chatterjee,19.0,5948360901,BHOPAL,,Airtel,PREPAID,599.0,31,20240103,20260714,1,n,tripti70@example.com,MALE
CUST01549,chandran chada,55.0,1535305325,Hyd,Gujarat,Vi,,299.0,47,20220910,20260707,1,NO,teerthshukla@example.net,
CUST01550,Ishanvi Mammen,61.0,91-32405-74119,mumbai,Sikkim,BSNL,POSTPAID,999.0,6,20260122,2026-07-13,1,n,yashvi05@example.org,MALE
CUST01551,Dominic Srinivasan,34.0,91-39429-00889,ahmedabad,West Bengal,Airtel,POST PAID,1199.0,80,25 Dec 2019,04 Jun 2026,4,0,pguha@example.org,
CUST01552,WARJAS SANE,53.0,6948530748,MUM,Uttar Pradesh,BSNL,Prepaid,299.0,4,,20260718,0,NO,krishna59@example.org,male
CUST01553,chaitaly mitter,35.0,05412348109,mumbai,Goa,Airtel,postpaid,499.0,10,09/24/2025,22-05-2026,5,Y,vyanjana53@example.net,male
CUST01554,Meera Bajaj,39.0,91-41761-11483,hyderabad,West Bengal,Jio,PREPAID,839.0,73,22/07/2020,07/20/2026,0,,forumbedi@example.com,Male
CUST01555,MAANAV BHALLA,28.0,,DELHI,Meghalaya,BSNL,Postpaid,999.0,73,22/07/2020,07-07-2026,0,N,,Female
CUST01556,Priya Goswami,38.0,+91 89059 50942,Hyderabad,Punjab,BSNL,Postpaid,699.0,22,09/29/2024,2026-07-21,1,n,,
CUST01557,XAVIER VERMA,40.0,09815551849,ahmedabad,Odisha,BSNL,Pre-paid,149.0,37,07/07/2023,07/08/2026,1,,ndevi@example.com,
CUST01558,Advika Dayal,19.0,+919172651342,hyderabad,Sikkim,Vi,Pre-paid,719.0,68,19/12/2020,11-07-2026,0,,dahluwalia@example.org,MALE
CUST01559,RANBIR DHAR,25.0,,BENGALURU,Chhattisgarh,Jio,POSTPAID,799.0,8,20251123,28/06/2026,4,NO,ksaini@example.com,FEMALE
CUST01560,Garima Dixit,57.0,91-87256-96411,ahmedabad,,Jio,Pre-paid,99.0,55,13 Jan 2022,07/12/2026,1,0,idivan@example.com,FEMALE
CUST01561,Yochana Din,36.0,,nagpur,Haryana,Jio,postpaid,1499.0,28,02/04/2024,21/07/2026,1,N,qtalwar@example.com,
CUST01562,Sai Sibal,60.0,,NCR,West Bengal,Jio,POSTPAID,499.0,28,04/02/2024,07/20/2026,1,0,kundaraksha@example.net,M
CUST01563,Vaishnavi Raman,31.0,+912458846937,patna,Punjab,BSNL,PRE PAID,499.0,16,28 Mar 2025,07-07-2026,1,N,yahvichander@example.com,FEMALE
CUST01564,HEMANG PUROHIT,64.0,91-48942-44379,surat,Assam,Airtel,PREPAID,839.0,64,04/18/2021,20260717,1,N,qabil88@example.org,F
CUST01565,Ayaan Dugar,55.0,+918452733188,jaipur,Andhra Pradesh,BSNL,prepaid,839.0,9,24/10/2025,05-06-2026,5,n,qmane@example.com,female
CUST01566,Guneet Raju,37.0,+915530017314,Calcutta,Chhattisgarh,BSNL,postpaid,399.0,82,26/10/2019,12 Jul 2026,0,0,kbains@example.org,FEMALE
CUST01567,Timothy Maharaj,48.0,8565264243,nagpur,Goa,Vi,,499.0,7,23/12/2025,09-07-2026,0,n,,MALE
CUST01568,Ekaraj Krishnan,,91-67372-50093,Hyderabad,Meghalaya,Airtel,postpaid,699.0,59,15 Sep 2021,19/07/2026,0,N,,M
CUST01569,Advika Char,40.0,+91 64941 10020,PUNE,Punjab,Airtel,POSTPAID,1499.0,51,05/13/2022,20/07/2026,1,,,female
CUST01570,Hitesh Memon,45.0,91-14342-20704,Delhi,Manipur,Vi,POSTPAID,1499.0,16,28/03/2025,07/09/2026,0,,mandgautam@example.org,female
CUST01571,Triveni Suri,62.0,+918738801113,PATNA,Kerala,BSNL,,399.0,63,18/05/2021,11-06-2026,2,Y,tanmayikade@example.com,Male
CUST01572,Meera Nagarajan,35.0,+919684604126,BENGALURU,Chhattisgarh,BSNL,prepaid,499.0,64,04/18/2021,18/06/2026,2,Y,kakarsaksham@example.org,FEMALE
CUST01573,forum jain,27.0,6544190437,Mumbai,Chhattisgarh,Airtel,,599.0,39,2023-05-08,12/06/2026,2,Y,yashoda28@example.net,Male
CUST01574,MEKHALA DEWAN,52.0,91-51199-06563,Madras,West Bengal,Jio,Post-paid,1499.0,36,2023-08-06,09 Jul 2026,1,0,idikahegde@example.net,Male
CUST01575,Dhruv Rau,27.0,3841875761,KOLKATA,Rajasthan,BSNL,Pre-paid,999.0,23,30-08-2024,29 May 2026,4,NO,vdesai@example.net,Female
CUST01576,Rachita Dhawan,30.0,3615926686,Pune,Tamil Nadu,Airtel,POSTPAID,799.0,64,18-04-2021,2026-05-25,4,Y,,Male
CUST01577,wridesh kaur,27.0,3371421374,Amdavad,Arunachal Pradesh,Airtel,POST PAID,799.0,79,24/01/2020,20260711,0,n,mitesh67@example.org,male
CUST01578,Oni Ravi,33.0,+91 98324 07281,bhopal,Tripura,Vi,POSTPAID,1999.0,21,2024-10-29,2026-07-10,0,,boommen@example.org,
CUST01579,Samuel Kamdar,37.0,91-22759-42673,BHOPAL,Himachal Pradesh,Airtel,,99.0,34,05/10/2023,18-07-2026,1,NO,shravyarout@example.net,Female
CUST01580,Peter Chaudhary,34.0,+91 16516 08624,bangalore,Madhya Pradesh,Airtel,Postpaid,1499.0,13,20250626,,0,NO,kulkarninirja@example.com,female
CUST01581,brijesh kashyap,23.0,02072391918,bhopal,Chhattisgarh,Vi,postpaid,1499.0,20,28/11/2024,20260717,1,N,yahvi54@example.net,
CUST01582,Indira Kalita,22.0,9669760223,kolkata,Telangana,BSNL,PRE PAID,599.0,59,15-09-2021,16-07-2026,1,,tamanna65@example.org,M
CUST01583,Ekbal Chokshi,47.0,,NAGPUR,Bihar,Jio,Postpaid,699.0,33,20231104,20260720,1,NO,harinakshikala@example.org,Female
CUST01584,Ethan Sachar,64.0,91-08332-71045,hyderabad,Telangana,Jio,Postpaid,1999.0,14,27/05/2025,20260721,0,,wjani@example.org,Female
CUST01585,Farhan Pingle,58.0,5433825417,NCR,Andhra Pradesh,Airtel,Postpaid,499.0,78,02/23/2020,15/07/2026,0,NO,nilima78@example.com,male
CUST01586,Charles Kapadia,54.0,08162549931,kolkata,Kerala,Jio,Pre-paid,399.0,66,17 Feb 2021,2026-07-20,1,,wakeetabhattacharyya@example.net,MALE
CUST01587,Gautami Srinivas,48.0,+91 36712 74706,ahmedabad,Tripura,BSNL,POSTPAID,1499.0,11,25 Aug 2025,06 Jul 2026,4,Y,egoda@example.net,M
CUST01588,EIRAVATI VALA,45.0,3191678758,SURAT,Himachal Pradesh,BSNL,postpaid,,18,2025-01-27,19/07/2026,0,n,nathan11@example.net,female
CUST01589,Omaja Som,32.0,04039726754,CHENNAI,Gujarat,BSNL,PRE PAID,499.0,43,2023-01-08,17-07-2026,1,N,vanshabhakta@example.net,M
CUST01590,Anirudh Sengupta,50.0,91-23132-99678,lucknow,Jharkhand,BSNL,postpaid,1499.0,26,01-06-2024,2026-07-21,0,,kashishsibal@example.org,FEMALE
CUST01591,Raagini Mane,35.0,+916366287117,patna,Kerala,BSNL,Postpaid,1199.0,32,04-12-2023,15/07/2026,0,NO,eiravatigarde@example.org,female
CUST01592,Vedant Narang,21.0,,INDORE,Tamil Nadu,BSNL,Prepaid,839.0,73,20200722,13/07/2026,0,,patlaveda@example.org,female
CUST01593,Jai Dutt,41.0,00405277035,HYDERABAD,West Bengal,Airtel,Postpaid,1499.0,75,20200523,15 Jul 2026,0,n,ssuri@example.org,FEMALE
CUST01594,Anthony Golla,49.0,+913461504117,Calcutta,Uttarakhand,Airtel,Prepaid,99.0,75,23-05-2020,20260711,1,N,girish24@example.com,M
CUST01595,Warinder Dugar,46.0,,MUM,,Vi,PRE PAID,149.0,6,01/22/2026,20-07-2026,1,0,ishanvichar@example.org,
CUST01596,Chaman Sengupta,20.0,+914830824130,HYDERABAD,Arunachal Pradesh,Jio,Post-paid,799.0,49,20220712,21-06-2026,4,0,girish42@example.com,M
CUST01597,Vincent Chawla,59.0,,Chennai,Punjab,Jio,Postpaid,499.0,38,2023-06-07,07/11/2026,1,NO,wnigam@example.org,
CUST01598,Oni Chakrabarti,61.0,+915795356441,NCR,Madhya Pradesh,Airtel,Prepaid,99.0,70,10/20/2020,21 Jun 2026,3,,dhillonudyati@example.org,MALE
CUST01599,Charles Kashyap,40.0,4509090395,Bangalore,Manipur,Airtel,Post-paid,799.0,21,29/10/2024,20260717,0,N,poojayogi@example.org,F
CUST01600,Ayushman Sha,36.0,91-02496-68992,MUM,Chhattisgarh,BSNL,postpaid,799.0,29,2024-03-03,20260603,3,n,aarinikhanna@example.com,female
CUST01601,Rachit D’Alia,64.0,+91 87032 21775,SURAT,Uttar Pradesh,Vi,postpaid,999.0,40,20230408,19 Jul 2026,0,0,lopa91@example.org,F
CUST01602,reva chhabra,27.0,9729575512,Bombay,West Bengal,Jio,,399.0,1,06/21/2026,20260703,3,NO,noah67@example.net,Female
CUST01603,Omkaar Bhalla,28.0,91-62133-45958,NAGPUR,Mizoram,Jio,prepaid,499.0,21,10/29/2024,12 Jun 2026,5,,xaviergade@example.com,female
CUST01604,Yashica Agrawal,30.0,8256485864,bhopal,Himachal Pradesh,Vi,prepaid,149.0,39,05/08/2023,2026-07-14,1,NO,qpatla@example.net,
CUST01605,qasim kapoor,41.0,91-05925-68704,PUNE,West Bengal,Airtel,POST PAID,1999.0,51,20220513,09-07-2026,1,n,fitan69@example.com,MALE
CUST01606,Azad Oommen,24.0,+917502092252,Bhopal,Tamil Nadu,BSNL,Prepaid,839.0,29,20240303,08-07-2026,0,,fitan36@example.net,MALE
CUST01607,Aditya Rattan,48.0,,PATNA,Arunachal Pradesh,BSNL,,299.0,49,12 Jul 2022,10-07-2026,0,n,ravialka@example.net,F
CUST01608,FAQID SHAN,18.0,+910181749731,Pune,Sikkim,Jio,POST PAID,1199.0,45,2022-11-09,01 Jun 2026,5,n,fariq96@example.net,M
CUST01609,Chandani Choudhury,35.0,,kolkata,Himachal Pradesh,Vi,PREPAID,999.0,42,20230207,11-07-2026,0,,nachiketdani@example.com,
CUST01610,banjeet chatterjee,41.0,+915190937577,BENGALURU,Bihar,Vi,POST PAID,399.0,35,2023-09-05,20260713,1,NO,chamanlanka@example.net,MALE
CUST01611,Harsh Khatri,38.0,+91 59582 77069,Lucknow,Uttar Pradesh,Airtel,Post-paid,1199.0,28,02-04-2024,20260719,1,,nidhi62@example.net,male
CUST01612,FIYAZ SAHOTA,28.0,+915120945969,lucknow,Nagaland,BSNL,Pre-paid,839.0,3,22-04-2026,14 Jul 2026,1,N,ryan79@example.com,MALE
CUST01613,Ekansh Balay,52.0,91-87018-81113,CHENNAI,Bihar,BSNL,,999.0,46,2022-10-10,10/07/2026,1,,zsanghvi@example.com,FEMALE
CUST01614,Balendra Pillai,57.0,08132208220,mumbai,Jharkhand,Airtel,Postpaid,1999.0,19,12/28/2024,09 Jul 2026,1,NO,,male
CUST01615,rehaan kakar,58.0,,Lucknow,Madhya Pradesh,BSNL,Post-paid,399.0,15,2025-04-27,2026-07-19,1,,rajeshri80@example.com,FEMALE
CUST01616,Vrishti Chahal,50.0,02015297968,lucknow,Gujarat,Vi,PREPAID,149.0,82,2019-10-26,07/18/2026,0,n,kalpityadav@example.com,
CUST01617,Anthony Swamy,39.0,+913629213501,Bangalore,Sikkim,Jio,PRE PAID,99.0,35,05 Sep 2023,09 Jul 2026,1,0,nachiket78@example.org,F
CUST01618,Gaurav Lad,47.0,91-04744-21756,BHOPAL,Haryana,Vi,POSTPAID,999.0,46,10-10-2022,10-07-2026,1,,shauryabaria@example.com,male
CUST01619,Warda Mann,50.0,08646508930,Poona,Chhattisgarh,BSNL,Post-paid,499.0,40,2023-04-08,10 Jul 2026,1,NO,,MALE
CUST01620,Varenya Puri,46.0,+91 54224 12503,NAGPUR,Meghalaya,Vi,POSTPAID,799.0,34,05/10/2023,07/14/2026,1,0,noricharvi@example.net,M
CUST01621,owen ratti,45.0,91-39988-77335,Ahmedabad,Jharkhand,Airtel,POST PAID,1999.0,77,20200324,08-07-2026,1,N,vivaan88@example.net,
CUST01622,Raagini Bhagat,53.0,08998181199,Patna,Chhattisgarh,BSNL,Pre-paid,199.0,29,03/03/2024,20260713,1,n,,male
CUST01623,Tanay Lalla,24.0,07204093242,Madras,Maharashtra,Vi,PREPAID,299.0,44,2022-12-09,07/18/2026,0,n,sarnaanthony@example.org,MALE
CUST01624,Samar Kumer,33.0,+91 07121 25798,CHENNAI,Kerala,Jio,PREPAID,299.0,38,2023-06-07,03 Jun 2026,5,NO,tripti54@example.com,Male
CUST01625,Andrew Chaudhry,22.0,+918311977895,AHMEDABAD,Punjab,Vi,PREPAID,999.0,38,2023-06-07,21-07-2026,1,0,omkaar92@example.com,M
CUST01626,Yauvani Rao,48.0,91-00036-68574,INDORE,West Bengal,BSNL,Pre-paid,599.0,57,14-11-2021,05/25/2026,3,Y,yastiramakrishnan@example.org,F
CUST01627,Maanas Gupta,22.0,,NAGPUR,Gujarat,Vi,Postpaid,499.0,65,2021-03-19,18/07/2026,0,NO,mgokhale@example.com,M
CUST01628,Ishanvi Vohra,54.0,+914654763169,kolkata,Uttar Pradesh,BSNL,PRE PAID,399.0,59,09/15/2021,07-07-2026,0,n,srinivasanvi@example.com,male
CUST01629,Unni Rout,48.0,07479045522,,Karnataka,BSNL,,399.0,21,10/29/2024,14/07/2026,1,NO,perianvi@example.net,FEMALE
CUST01630,Suhani Dyal,50.0,+91 31160 15653,JAIPUR,Andhra Pradesh,BSNL,PREPAID,299.0,35,20230905,12-07-2026,1,N,bhavna00@example.org,Male
CUST01631,Mekhala Bali,63.0,,Hyd,Tamil Nadu,Airtel,prepaid,99.0,45,09-11-2022,07/17/2026,0,0,xiti78@example.com,FEMALE
CUST01632,Baljiwan Rastogi,48.0,8497850786,Hyd,Tamil Nadu,Vi,Prepaid,199.0,38,07-06-2023,11 Jul 2026,0,n,ikbalranganathan@example.net,FEMALE
CUST01633,Henry Rege,22.0,+919992752371,Jaipur,Bihar,Vi,POST PAID,499.0,14,27 May 2025,07/07/2026,0,NO,dixityashica@example.com,
CUST01634,Tanish Aggarwal,22.0,,BHOPAL,Sikkim,Vi,postpaid,399.0,58,10/15/2021,08 Jul 2026,0,N,aarnakapoor@example.org,MALE
CUST01635,LAKSH BHAKTA,30.0,+91 37097 18467,Lucknow,Tripura,Jio,Pre-paid,999.0,68,19/12/2020,2026-07-20,0,0,tristan73@example.org,Male
CUST01636,VYANJANA BOASE,43.0,91-77400-97018,Amdavad,Karnataka,Jio,Post-paid,999.0,63,18 May 2021,,0,N,,
CUST01637,Ronith Gola,26.0,+912683905101,PATNA,Tamil Nadu,Jio,Post-paid,399.0,59,20210915,2026-07-03,2,Y,gayathrivenkatesh@example.net,FEMALE
CUST01638,Harsh Bassi,45.0,+91 28225 19642,pune,Chhattisgarh,Airtel,Post-paid,499.0,6,2026-01-22,07/17/2026,0,N,,Male
CUST01639,Riya Pandey,63.0,08254805759,Bhopal,Bihar,Vi,Postpaid,1499.0,39,20230508,07/21/2026,0,n,zhayer@example.org,female
CUST01640,Parth Shere,,0613920318,BENGALURU,Tripura,Airtel,,499.0,60,16-08-2021,14/07/2026,1,N,udate@example.net,FEMALE
CUST01641,Anya Karpe,44.0,+91 76296 02964,JAIPUR,Rajasthan,BSNL,,999.0,25,07/01/2024,06/17/2026,5,Y,dhruv02@example.net,female
CUST01642,Lajita Keer,25.0,,Bhopal,Mizoram,Vi,Post-paid,999.0,82,26/10/2019,07/07/2026,1,n,shethsara@example.com,female
CUST01643,Manya Lala,35.0,+91 30021 43665,hyderabad,Haryana,Jio,Postpaid,999.0,64,18/04/2021,09/07/2026,1,0,urishilla16@example.org,female
CUST01644,Naksh Hegde,64.0,+915754920398,Nagpur,Gujarat,Jio,,599.0,45,09 Nov 2022,09-07-2026,0,NO,mugdhasaxena@example.com,FEMALE
CUST01645,Reva Virk,40.0,+914281158765,MUM,Arunachal Pradesh,Vi,Pre-paid,149.0,12,20250726,16-07-2026,0,0,trivedibhavika@example.net,Male
CUST01646,LIPIKA CHACKO,26.0,,DELHI,Himachal Pradesh,Airtel,POST PAID,,5,21/02/2026,26/05/2026,4,Y,kamdarhardik@example.com,MALE
CUST01647,Ishwar Wali,50.0,91-71414-26429,Indore,Odisha,BSNL,postpaid,499.0,29,03-03-2024,21 Jun 2026,2,0,joshipranit@example.com,
CUST01648,Oeshi Wagle,36.0,4389475289,Bhopal,Mizoram,BSNL,prepaid,399.0,64,18 Apr 2021,19 Jul 2026,1,n,iyerjanani@example.com,Male
CUST01649,GIRINDRA EDWIN,25.0,09961177854,Patna,Rajasthan,Vi,POSTPAID,999.0,45,09 Nov 2022,05/26/2026,4,Y,jacksonmahal@example.org,MALE
CUST01650,Wakeeta Thakkar,26.0,,LUCKNOW,Mizoram,Jio,Prepaid,999.0,31,03-01-2024,07/18/2026,0,N,halderbenjamin@example.net,F
CUST01651,Niharika Bora,27.0,91-92151-56944,CHENNAI,Uttarakhand,Airtel,Pre-paid,719.0,9,24/10/2025,20260714,0,NO,amaira90@example.net,Female
CUST01652,Amrita Deshmukh,48.0,+91 64331 61209,Calcutta,Andhra Pradesh,Airtel,Pre-paid,399.0,45,20221109,09-07-2026,0,n,choprayug@example.net,FEMALE
CUST01653,Ojasvi Manda,65.0,+91 06699 12856,ahmedabad,Odisha,Airtel,postpaid,799.0,41,09 Mar 2023,2026-07-14,0,N,naiduagastya@example.com,F
CUST01654,Barkha Bath,,91-03632-35185,New Delhi,Himachal Pradesh,BSNL,POSTPAID,1199.0,82,2019-10-26,2026-07-21,0,0,faqiddatta@example.org,Female
CUST01655,Karan Bali,,+914577741465,INDORE,Arunachal Pradesh,Airtel,Post-paid,999.0,83,26-09-2019,11/07/2026,1,n,chadasanya@example.org,Female
CUST01656,Nicholas Sane,21.0,+915076660695,MUM,Andhra Pradesh,BSNL,Postpaid,1999.0,46,10/10/2022,07/08/2026,1,0,vnagy@example.net,Female
CUST01657,Jagat Dalal,61.0,4396848359,Bengaluru,,Vi,POSTPAID,999.0,64,2021-04-18,07/11/2026,1,N,tankudant@example.net,Female
CUST01658,Anthony Guha,53.0,+911987921650,JAIPUR,Tamil Nadu,Jio,Pre-paid,199.0,75,20200523,,0,,kiaan03@example.net,
CUST01659,Eiravati Ram,32.0,+911665177313,PUNE,Sikkim,Vi,POST PAID,699.0,17,26/02/2025,20260717,0,n,madhavkannan@example.net,MALE
CUST01660,AYAAN RAJ,51.0,91-56651-63917,indore,Haryana,Vi,prepaid,999.0,44,12/09/2022,2026-06-05,5,N,chanchalkrish@example.com,Female
CUST01661,Falguni Singh,44.0,+91 87574 46544,Hyd,Karnataka,Jio,Pre-paid,99.0,43,20230108,18/06/2026,5,Y,vaidyamaya@example.net,female
CUST01662,Yashodhara Ravel,31.0,,JAIPUR,Sikkim,BSNL,Post-paid,399.0,36,08/06/2023,16-07-2026,0,NO,,female
CUST01663,Lekha Kara,57.0,+91 66562 06703,Nagpur,West Bengal,Jio,Pre-paid,149.0,34,10/05/2023,2026-06-13,5,NO,,
CUST01664,Owen Nazareth,,91-35827-17320,Hyderabad,Madhya Pradesh,BSNL,Pre-paid,149.0,16,03/28/2025,2026-07-10,0,N,vanya16@example.net,
CUST01665,Charvi Kata,40.0,+917957971149,patna,Meghalaya,BSNL,POST PAID,1999.0,66,20210217,2026-07-11,1,,eanand@example.com,Male
CUST01666,Brinda Agate,43.0,91-68998-42003,indore,Punjab,Vi,prepaid,99.0,13,2025-06-26,11/07/2026,0,NO,cvirk@example.org,F
CUST01667,Gautam Kaur,36.0,,Hyd,Chhattisgarh,Airtel,PRE PAID,599.0,57,14-11-2021,07/20/2026,0,NO,rauamara@example.org,MALE
CUST01668,Yahvi Bumb,22.0,,delhi,Mizoram,BSNL,PREPAID,719.0,53,2022-03-14,20-07-2026,0,n,turvibhattacharyya@example.net,M
CUST01669,Avni Mani,33.0,+913313424147,HYDERABAD,Kerala,Airtel,Pre-paid,399.0,23,08/30/2024,05/24/2026,5,Y,arya19@example.com,male
CUST01670,Unnati Gola,26.0,91-51750-79631,Nagpur,Mizoram,Jio,PREPAID,99.0,13,26-06-2025,2026-07-14,0,0,imandal@example.org,MALE
CUST01671,bhanumati pai,45.0,8686237857,Nagpur,Madhya Pradesh,Airtel,Post-paid,1499.0,79,24 Jan 2020,14/07/2026,0,n,devansh71@example.com,F
CUST01672,Keya Naidu,45.0,91-44527-84300,AHMEDABAD,Maharashtra,BSNL,POSTPAID,1999.0,1,21-06-2026,21-07-2026,0,NO,gmukherjee@example.org,male
CUST01673,Waida Ganesan,,9226868703,nagpur,Haryana,BSNL,,399.0,70,20-10-2020,20260713,1,n,kiaansathe@example.com,MALE
CUST01674,VAISHNAVI SAMPATH,50.0,91-22257-50412,patna,Andhra Pradesh,Jio,Postpaid,699.0,1,2026-06-21,15-07-2026,1,NO,bdhingra@example.net,FEMALE
CUST01675,Eiravati Karpe,49.0,91-03828-07100,chennai,Punjab,Vi,,199.0,73,22-07-2020,07/15/2026,1,NO,irabath@example.org,Female
CUST01676,Logan Joshi,30.0,+91 87688 38689,Lucknow,Telangana,BSNL,POSTPAID,799.0,78,20200223,09 Jul 2026,0,,mohanoni@example.org,MALE
CUST01677,Yashvi Bhatti,26.0,91-98068-49603,kolkata,Tamil Nadu,Jio,PRE PAID,499.0,32,12/04/2023,20260527,3,0,aishanidugar@example.org,MALE
CUST01678,Logan Parmar,60.0,09718190597,BENGALURU,Rajasthan,Airtel,PRE PAID,599.0,58,2021-10-15,20260710,1,,geetika79@example.net,M
CUST01679,Nandini Kale,62.0,+91 36518 84919,surat,Uttarakhand,Jio,POSTPAID,699.0,33,2023-11-04,21-07-2026,0,NO,christopher84@example.net,Male
CUST01680,madhavi bhattacharyya,26.0,+91 43858 00999,HYDERABAD,Himachal Pradesh,BSNL,POST PAID,1199.0,27,02-05-2024,19-07-2026,1,,imaranprashad@example.org,female
CUST01681,Pranav Kothari,38.0,+91 64996 10779,,Rajasthan,Airtel,Postpaid,1999.0,40,04/08/2023,07/16/2026,1,n,gaurang44@example.net,F
CUST01682,Ishwar More,48.0,09769380514,Indore,Sikkim,Jio,Post-paid,399.0,31,2024-01-03,05 Jun 2026,2,Y,wmannan@example.org,F
CUST01683,Ekta Vyas,54.0,91-92244-55652,Bangalore,Telangana,BSNL,prepaid,99.0,44,09 Dec 2022,2026-06-11,2,n,zjoshi@example.net,female
CUST01684,Anusha Balay,55.0,91-07056-95106,surat,Punjab,BSNL,,999.0,52,13 Apr 2022,18-07-2026,0,NO,,
CUST01685,Irya Hora,51.0,4528789999,Surat,Goa,Airtel,Prepaid,,59,15 Sep 2021,11-07-2026,1,,keerkevin@example.net,
CUST01686,ZINAL BALAKRISHNAN,59.0,+914858965498,kolkata,Chhattisgarh,Vi,PREPAID,99.0,50,06/12/2022,18-07-2026,0,,msom@example.com,Male
CUST01687,Oeshi Banerjee,,+910560944615,Patna,Uttarakhand,Airtel,Postpaid,999.0,48,08/11/2022,07/17/2026,1,N,dubebalhaar@example.net,M
CUST01688,Triveni Bhattacharyya,49.0,09379391947,Bhopal,Gujarat,Airtel,POST PAID,399.0,45,09/11/2022,08/07/2026,1,n,,MALE
CUST01689,JYOTI SWAMINATHAN,37.0,,Indore,Bihar,Airtel,Pre-paid,199.0,4,23 Mar 2026,07/07/2026,1,0,farisgaba@example.net,Female
CUST01690,Harsh Varty,31.0,3328742565,MUM,Maharashtra,Airtel,PRE PAID,499.0,34,05-10-2023,2026-07-18,1,,,female
CUST01691,Omkaar Padmanabhan,35.0,,patna,Himachal Pradesh,Jio,POSTPAID,499.0,70,20 Oct 2020,2026-07-08,1,N,nikitabhattacharyya@example.com,F
CUST01692,maanas prasad,18.0,06562666885,hyderabad,Himachal Pradesh,BSNL,Postpaid,499.0,53,03/14/2022,07/11/2026,1,n,harrison80@example.net,female
CUST01693,Ishanvi Koshy,45.0,06648491861,lucknow,Nagaland,Airtel,POST PAID,799.0,22,20240929,2026-07-07,0,NO,panchalbina@example.com,Female
CUST01694,Yachana Ray,28.0,,Madras,Rajasthan,Vi,PRE PAID,299.0,11,08/25/2025,2026-06-24,4,N,tailorjai@example.net,MALE
CUST01695,Jack Bali,38.0,91-74087-47407,JAIPUR,Kerala,Jio,PRE PAID,839.0,45,11/09/2022,11-07-2026,1,NO,nandaekani@example.com,M
CUST01696,Kiaan Jain,22.0,02415286348,Pune,Odisha,Jio,Pre-paid,399.0,38,06/07/2023,20260629,2,,upasna78@example.com,male
CUST01697,aarnav dash,41.0,91-14616-41573,lucknow,Mizoram,Vi,PRE PAID,499.0,40,2023-04-08,2026-06-21,5,n,janujaahluwalia@example.com,
CUST01698,Mekhala Bhasin,55.0,+91 49558 38736,Delhi,Gujarat,Airtel,Pre-paid,149.0,63,20210518,14 Jul 2026,0,n,,male
CUST01699,Mekhala Nadkarni,19.0,91-90704-64450,Chennai,Uttar Pradesh,BSNL,Pre-paid,399.0,70,20201020,20260708,1,NO,nihaldasgupta@example.net,M
CUST01700,Geetika Singhal,47.0,,jaipur,Maharashtra,BSNL,prepaid,299.0,30,02/02/2024,25-06-2026,5,0,rayvaishnavi@example.net,Male
CUST01701,Balendra Raja,37.0,,PUNE,Tripura,Vi,POSTPAID,799.0,76,04/23/2020,14-06-2026,3,,opai@example.org,female
CUST01702,qushi gopal,30.0,6402542600,New Delhi,Mizoram,Jio,POST PAID,1499.0,15,27 Apr 2025,09-07-2026,0,,devika76@example.com,Female
CUST01703,Jagvi Sarma,35.0,,jaipur,West Bengal,Vi,Postpaid,699.0,48,08/11/2022,07/02/2026,5,Y,,F
CUST01704,Mitesh Pandit,59.0,4214483545,nagpur,Haryana,Airtel,PRE PAID,199.0,22,09/29/2024,18/07/2026,0,,pinglezayan@example.com,Male
CUST01705,oeshi dutta,22.0,4660689924,Kolkata,Sikkim,Vi,Pre-paid,299.0,37,2023-07-07,,4,n,,F
CUST01706,Peter Garde,24.0,+916983232854,mumbai,Madhya Pradesh,Airtel,Prepaid,199.0,21,29/10/2024,20260710,0,NO,naksh32@example.net,male
CUST01707,Radha Narayanan,49.0,91-77880-11591,Hyd,Uttar Pradesh,Jio,postpaid,499.0,61,20210717,21/07/2026,1,n,ksarin@example.com,male
CUST01708,BALVAN OM,39.0,09732381545,Poona,Andhra Pradesh,Jio,PRE PAID,599.0,25,01/07/2024,2026-07-12,0,N,samarth20@example.net,Female
CUST01709,Chanakya Deol,48.0,+916796999938,Kolkata,Uttarakhand,Vi,POST PAID,799.0,3,20260422,05/28/2026,5,N,tpanchal@example.net,Female
CUST01710,Charan More,51.0,+91 37353 32702,SURAT,Himachal Pradesh,Airtel,Pre-paid,199.0,5,21 Feb 2026,16 Jul 2026,1,N,deepabaral@example.org,male
CUST01711,Lohit Pandey,37.0,04739654310,chennai,Uttarakhand,Airtel,PREPAID,199.0,50,20220612,20260721,1,n,falan42@example.com,FEMALE
CUST01712,Qadim Chokshi,51.0,91-42314-94521,kolkata,Uttarakhand,Airtel,POST PAID,1199.0,72,20200821,2026-07-12,1,,lbedi@example.net,
CUST01713,Wridesh Baral,65.0,,delhi,Himachal Pradesh,Vi,PRE PAID,999.0,7,12/23/2025,10/07/2026,0,n,deshpandenaksh@example.org,MALE
CUST01714,Samaksh Dass,64.0,04240817442,Hyd,Odisha,Jio,Post-paid,999.0,41,20230309,07/10/2026,0,n,qnayak@example.org,Male
CUST01715,Triya Narayan,28.0,,Mumbai,Kerala,Airtel,,199.0,22,2024-09-29,20260709,1,0,eiravati49@example.org,F
CUST01716,Kalpit Bala,33.0,+91 70860 43775,DELHI,West Bengal,Vi,postpaid,799.0,84,27/08/2019,2026-06-08,2,Y,henry02@example.org,Female
CUST01717,Anirudh Mand,22.0,03115196839,chennai,Rajasthan,Airtel,Pre-paid,199.0,26,01-06-2024,15/07/2026,1,n,,M
CUST01718,Hardik Venkataraman,45.0,91-36463-51452,Madras,Rajasthan,Airtel,postpaid,499.0,32,04 Dec 2023,20260715,1,NO,ycherian@example.org,FEMALE
CUST01719,Ranbir Basu,32.0,91-19706-40641,Indore,Himachal Pradesh,Vi,,599.0,77,2020-03-24,14-07-2026,1,n,janaki80@example.org,
CUST01720,Charan Guha,54.0,91-10526-96364,CHENNAI,Odisha,BSNL,,99.0,43,01/08/2023,24-06-2026,3,N,avikrish@example.net,male
CUST01721,Yahvi Bora,29.0,+91 86301 33327,Madras,Rajasthan,BSNL,Post-paid,,54,02/12/2022,07/15/2026,1,n,wdugal@example.net,MALE
CUST01722,George Uppal,25.0,+91 03849 52606,New Delhi,Madhya Pradesh,Vi,POST PAID,499.0,80,12/25/2019,2026-07-16,0,n,charan98@example.com,MALE
CUST01723,Jyoti Ramakrishnan,,08850690303,PUNE,Chhattisgarh,Vi,,199.0,79,2020-01-24,18/07/2026,0,n,fmandal@example.com,M
CUST01724,Laban Deshpande,58.0,91-07223-03358,Bhopal,Haryana,Jio,PRE PAID,499.0,68,2020-12-19,08/07/2026,1,N,saxenapriya@example.com,FEMALE
CUST01725,Adweta Tata,28.0,00842296651,indore,Odisha,Jio,POST PAID,1999.0,70,20/10/2020,,1,0,gautami83@example.com,M
CUST01726,Ansh Goyal,21.0,,Poona,Bihar,Vi,prepaid,399.0,72,21 Aug 2020,2026-07-12,0,,zayan01@example.net,FEMALE
CUST01727,Yatin Balan,36.0,02719298028,LUCKNOW,Uttarakhand,Jio,POSTPAID,399.0,25,20240701,21/07/2026,1,n,bhardwajabha@example.net,MALE
CUST01728,Rachana Sant,45.0,+913813705741,Indore,Sikkim,Vi,Prepaid,839.0,8,23-11-2025,2026-07-09,1,N,raksha10@example.net,Male
CUST01729,Upasna Chand,35.0,+916847132901,Calcutta,Gujarat,Vi,,599.0,11,20250825,20260605,2,N,hswamy@example.com,F
CUST01730,Amaira Mody,39.0,+91 96828 90140,Jaipur,Odisha,Airtel,Postpaid,399.0,16,2025-03-28,06/12/2026,2,Y,hritik28@example.org,Male
CUST01731,Kritika Bhatti,23.0,+919383477051,ahmedabad,Telangana,BSNL,PREPAID,999.0,72,21/08/2020,03/06/2026,4,,chaudryyashoda@example.com,Female
CUST01732,ikshita tandon,36.0,09789425963,NCR,Meghalaya,Vi,PREPAID,199.0,66,17 Feb 2021,07 Jul 2026,0,n,onkar85@example.net,Female
CUST01733,Sachi Kant,20.0,+91 76617 06166,chennai,Karnataka,Vi,postpaid,399.0,1,21/06/2026,2026-07-12,1,N,omyaravi@example.net,
CUST01734,Anya Dada,35.0,+914055724772,Amdavad,Uttarakhand,Vi,Pre-paid,149.0,67,01/18/2021,20260713,1,,deshmukhdamini@example.com,F
CUST01735,AZAD MINHAS,,,pune,Mizoram,Vi,PRE PAID,399.0,75,23-05-2020,20260714,0,NO,,male
CUST01736,Ojas Bhandari,42.0,4165666715,Ahmedabad,Maharashtra,Vi,PREPAID,149.0,59,2021-09-15,20260709,0,0,sinhaqadim@example.net,female
CUST01737,Yauvani Mani,39.0,,surat,Mizoram,Vi,PRE PAID,599.0,73,20200722,20260712,0,0,aishani77@example.com,Female
CUST01738,Alka Rana,25.0,+910133989309,indore,,Vi,Prepaid,399.0,27,05/02/2024,19-07-2026,1,,shenoylaksh@example.net,M
CUST01739,Nimrat Acharya,61.0,+919095902799,delhi,Gujarat,Airtel,Post-paid,1499.0,44,09 Dec 2022,2026-07-21,0,n,aravel@example.net,Female
CUST01740,Patrick De,46.0,,Indore,Rajasthan,Vi,POST PAID,799.0,68,20201219,15 Jul 2026,1,N,bvaidya@example.net,
CUST01741,Omya Modi,,+91 87550 56244,Jaipur,Karnataka,Vi,,199.0,13,26 Jun 2025,07/08/2026,0,0,arya04@example.net,female
CUST01742,Warjas Wali,63.0,,Bhopal,Telangana,Airtel,PREPAID,999.0,29,03-03-2024,31-05-2026,3,N,zmutti@example.org,MALE
CUST01743,Madhav Acharya,,,Surat,Haryana,Vi,PRE PAID,199.0,57,11/14/2021,2026-05-25,3,NO,haritaramanathan@example.net,Female
CUST01744,anthony gola,19.0,,MUMBAI,Tamil Nadu,Airtel,POSTPAID,499.0,74,22 Jun 2020,10 Jul 2026,1,0,,FEMALE
CUST01745,Fariq Kari,42.0,91-05727-56220,Indore,Gujarat,Vi,POST PAID,399.0,3,22 Apr 2026,20260709,1,n,,Female
CUST01746,Hredhaan Prabhakar,31.0,4893237756,AHMEDABAD,Punjab,Airtel,prepaid,719.0,30,02 Feb 2024,10/07/2026,0,0,balveer43@example.com,male
CUST01747,Vedhika Choudhary,45.0,91-85785-64519,jaipur,Jharkhand,Jio,POST PAID,399.0,54,20220212,20260714,1,0,murthyowen@example.com,
CUST01748,sachi kapadia,47.0,06341448777,KOLKATA,Assam,BSNL,Prepaid,199.0,45,2022-11-09,2026-06-03,5,NO,roydarpan@example.org,
CUST01749,Chakrika Bhandari,51.0,7420505784,Jaipur,Andhra Pradesh,Jio,POSTPAID,1999.0,64,04/18/2021,15 Jul 2026,0,0,darquincy@example.com,female
CUST01750,Farhan Nayak,57.0,7908686514,indore,Goa,Vi,PREPAID,149.0,30,20240202,18/06/2026,2,NO,yashasvi95@example.org,FEMALE
CUST01751,Sanya Iyer,41.0,91-95787-35168,Bombay,,Vi,Prepaid,199.0,48,20220811,17/06/2026,2,n,simonpall@example.com,
CUST01752,Zashil Balakrishnan,38.0,91-55773-43282,MUM,Uttarakhand,Jio,Prepaid,399.0,11,2025-08-25,20260721,0,,anirudh02@example.net,MALE
CUST01753,Simon Dada,47.0,,Lucknow,Tripura,Jio,postpaid,399.0,46,10-10-2022,15 Jul 2026,1,NO,urishillamaharaj@example.org,M
CUST01754,Thomas Warrior,45.0,05889987244,lucknow,Jharkhand,BSNL,Prepaid,99.0,52,20220413,14/07/2026,0,N,kabirbawa@example.org,M
CUST01755,Aarnav Morar,20.0,01512851368,Lucknow,Chhattisgarh,BSNL,PREPAID,999.0,40,08/04/2023,05/31/2026,2,N,,
CUST01756,Inaya Ramesh,19.0,04784326748,bhopal,Goa,BSNL,Postpaid,1199.0,61,17/07/2021,03/07/2026,2,Y,jgrewal@example.org,female
CUST01757,Lekha Balasubramanian,52.0,09645996822,Indore,Uttarakhand,Jio,Postpaid,1499.0,58,15/10/2021,14-07-2026,0,N,vyasfiyaz@example.org,
CUST01758,Irya Dada,39.0,06707792445,LUCKNOW,Tripura,Jio,Pre-paid,99.0,27,05/02/2024,20/07/2026,1,N,indalimuni@example.net,female
CUST01759,Anthony Kaul,56.0,,Indore,Arunachal Pradesh,BSNL,POST PAID,,27,02 May 2024,19 Jul 2026,1,NO,nnatt@example.org,Male
CUST01760,Brinda Sanghvi,25.0,2387288073,PUNE,Bihar,Jio,,499.0,61,07/17/2021,20260625,5,,qarin70@example.org,female
CUST01761,Jatin D’Alia,33.0,2395021118,Lucknow,Nagaland,Airtel,PREPAID,599.0,73,22/07/2020,2026-07-08,1,NO,chatreshvarty@example.org,Male
CUST01762,Caleb Sanghvi,,91-66171-01478,nagpur,Tamil Nadu,Airtel,prepaid,999.0,70,2020-10-20,05/22/2026,4,Y,mohanedhitha@example.net,M
CUST01763,Adya Thaker,29.0,+913160350245,indore,Uttar Pradesh,BSNL,Postpaid,399.0,42,2023-02-07,20260713,1,0,geetika74@example.org,Male
CUST01764,Radha Aggarwal,44.0,+916469142840,Bhopal,Rajasthan,Airtel,POSTPAID,999.0,55,01/13/2022,07/11/2026,1,0,geraranbir@example.com,FEMALE
CUST01765,Nitesh Chandran,60.0,+913376223345,Nagpur,Uttarakhand,Airtel,PREPAID,299.0,61,07/17/2021,07/19/2026,0,NO,isule@example.org,MALE
CUST01766,Jeevika Raj,59.0,07939334891,Delhi,Sikkim,Airtel,PRE PAID,99.0,5,21/02/2026,12-07-2026,0,N,qasimsura@example.net,female
CUST01767,onkar rajagopalan,62.0,08382370844,surat,Goa,Airtel,postpaid,,84,20190827,16/07/2026,1,n,cshroff@example.com,male
CUST01768,PALLAVI TIWARI,48.0,7337010653,Bhopal,Maharashtra,Vi,,999.0,23,30/08/2024,11/06/2026,4,0,,M
CUST01769,Ekalinga Sur,50.0,+91 60956 61182,JAIPUR,Karnataka,BSNL,PREPAID,719.0,22,29-09-2024,15-07-2026,0,0,ojas23@example.org,
CUST01770,Alka Anand,26.0,+91 96918 61756,indore,Arunachal Pradesh,Airtel,prepaid,719.0,75,05/23/2020,20260718,1,NO,yugyogi@example.com,Male
CUST01771,Aarnav Srinivas,52.0,+91 87563 44910,MUM,Telangana,Jio,Postpaid,1199.0,44,09 Dec 2022,2026-07-18,0,N,abhiram37@example.org,Male
CUST01772,Ekta Doshi,30.0,+918181671771,Ahmedabad,Chhattisgarh,BSNL,PREPAID,839.0,57,11/14/2021,07/17/2026,0,0,,male
CUST01773,NIDHI BAKSHI,,+910133021489,kolkata,Punjab,Vi,POSTPAID,1999.0,14,27/05/2025,20260720,1,,tsagar@example.com,F
CUST01774,Meera Sankaran,36.0,91-18468-91583,KOLKATA,Mizoram,Jio,PRE PAID,719.0,60,2021-08-16,20260717,1,NO,xalakpatil@example.org,F
CUST01775,Bhavika Krish,51.0,+916561978968,Hyd,Meghalaya,Airtel,Post-paid,699.0,78,02/23/2020,12 Jul 2026,0,,chatura98@example.net,Male
CUST01776,Zayan Vora,52.0,91-59775-97767,NAGPUR,Odisha,BSNL,POST PAID,,4,23-03-2026,07/15/2026,1,0,thakeranya@example.org,Female
CUST01777,Gauri Shroff,64.0,07886570738,surat,Mizoram,BSNL,PREPAID,299.0,31,03/01/2024,07/17/2026,1,n,atikannan@example.org,Female
CUST01778,Dayita Gola,50.0,+910229557693,BLR,Manipur,Jio,Prepaid,99.0,28,04/02/2024,13 Jul 2026,1,,krisharaju@example.org,M
CUST01779,chandresh biswas,49.0,91-70848-67117,pune,Goa,Jio,,149.0,84,27/08/2019,07/17/2026,0,n,hayermadhavi@example.net,M
CUST01780,bachittar purohit,56.0,8701321566,Lucknow,Nagaland,Airtel,POST PAID,699.0,54,02/12/2022,09-07-2026,1,0,jpal@example.com,Male
CUST01781,Anthony Deep,53.0,91-60503-46117,nagpur,Sikkim,BSNL,Pre-paid,839.0,11,2025-08-25,13-07-2026,0,NO,bbhattacharyya@example.com,female
CUST01782,kevin ganesh,59.0,3036338648,delhi,,Jio,Pre-paid,499.0,27,02-05-2024,20-07-2026,1,n,jkara@example.org,M
CUST01783,Aadi Mandal,58.0,07781341452,delhi,Uttar Pradesh,BSNL,Pre-paid,299.0,47,20220910,14/07/2026,0,0,faqidrajan@example.org,M
CUST01784,David Rao,31.0,+919465132710,lucknow,Maharashtra,Vi,PRE PAID,499.0,26,01-06-2024,20/07/2026,1,N,aarya@example.net,male
CUST01785,HEMA GREWAL,56.0,91-63392-36259,Indore,Goa,Airtel,Post-paid,499.0,79,2020-01-24,20260719,0,n,jeetghosh@example.org,Male
CUST01786,Abhimanyu Savant,50.0,9245167917,nagpur,Andhra Pradesh,Airtel,POST PAID,799.0,18,2025-01-27,05/07/2026,5,Y,inayamaharaj@example.org,Male
CUST01787,Vincent Ram,45.0,+918724504094,chennai,Haryana,Vi,,149.0,73,07/22/2020,23 Jun 2026,4,Y,bailyahvi@example.net,
CUST01788,Imaran Som,,08647322322,Bangalore,Punjab,Jio,Prepaid,399.0,38,20230607,19 Jul 2026,0,0,ikshitavarty@example.com,Male
CUST01789,Rayaan Keer,18.0,+917417643441,kolkata,Tamil Nadu,Airtel,postpaid,1199.0,38,20230607,07-07-2026,1,,jeevikasant@example.org,Female
CUST01790,Gavin Butala,55.0,+910897754728,SURAT,Madhya Pradesh,Vi,Pre-paid,,39,08/05/2023,20260709,0,n,,MALE
CUST01791,Leena Tak,53.0,+91 24849 26152,,Meghalaya,Airtel,Prepaid,,39,08 May 2023,2026-07-14,1,N,kapuroliver@example.com,
CUST01792,Nakul Tandon,28.0,,bhopal,Arunachal Pradesh,Jio,Pre-paid,719.0,3,20260422,08 Jul 2026,0,,udyati22@example.net,M
CUST01793,Ira Dua,26.0,91-79988-35943,BENGALURU,Gujarat,Airtel,Postpaid,399.0,3,2026-04-22,20260707,0,NO,utkarshmittal@example.com,M
CUST01794,Nisha Ravel,27.0,00888959208,Mumbai,Maharashtra,BSNL,PREPAID,149.0,69,19 Nov 2020,07/09/2026,1,N,lsamra@example.com,M
CUST01795,Aadhya Bera,21.0,91-48737-25901,lucknow,Bihar,Vi,Post-paid,999.0,74,22/06/2020,20/07/2026,1,N,vbal@example.com,FEMALE
CUST01796,Aradhana Pandit,61.0,9571947700,Jaipur,Nagaland,BSNL,POSTPAID,1199.0,10,2025-09-24,11/07/2026,0,,widishakarpe@example.net,Female
CUST01797,Yash Nori,64.0,+916631438706,Patna,Rajasthan,Jio,Postpaid,1999.0,15,2025-04-27,20260619,2,N,oramaswamy@example.com,
CUST01798,Yashasvi Comar,48.0,6664814313,lucknow,,Vi,POSTPAID,499.0,77,2020-03-24,2026-07-10,1,n,,MALE
CUST01799,Mohammed Patil,60.0,+918197855179,chennai,Mizoram,Jio,Prepaid,399.0,36,2023-08-06,12/06/2026,4,,zsingh@example.net,male
CUST01800,leena sharaf,18.0,+915698198333,jaipur,Maharashtra,Airtel,Prepaid,999.0,37,2023-07-07,20260713,0,,idikaram@example.org,M
CUST01801,oni raj,46.0,91-91796-51059,Ahmedabad,Assam,Airtel,postpaid,399.0,44,09 Dec 2022,20260715,1,N,asarna@example.com,
CUST01802,Yashodhara Hari,54.0,+914781268881,CHENNAI,Uttarakhand,Airtel,,499.0,68,20201219,10/07/2026,1,0,bchhabra@example.org,F
CUST01803,Ganga Atwal,29.0,+918811912776,lucknow,Arunachal Pradesh,Airtel,POST PAID,,81,25-11-2019,27-05-2026,2,0,andrew87@example.com,MALE
CUST01804,amaira halder,39.0,05847951961,INDORE,Kerala,Airtel,PRE PAID,,33,20231104,2026-07-16,1,0,dugarwahab@example.org,M
CUST01805,Amara Kalita,57.0,03907666752,kolkata,Haryana,Vi,Postpaid,1499.0,40,08-04-2023,13 Jun 2026,3,0,lohit89@example.net,MALE
CUST01806,Aahana Sama,32.0,9680192271,patna,Assam,Airtel,POST PAID,699.0,14,05/27/2025,,0,0,jonathanshukla@example.org,FEMALE
CUST01807,JASON YOHANNAN,39.0,,,Nagaland,Vi,POSTPAID,499.0,43,20230108,18-07-2026,0,0,jchhabra@example.org,MALE
CUST01808,Janya Datta,39.0,+91 83562 87531,ahmedabad,Uttarakhand,Airtel,Postpaid,499.0,59,15/09/2021,09/07/2026,1,NO,rajata43@example.com,MALE
CUST01809,Ekanta Lanka,24.0,08807018215,HYDERABAD,Himachal Pradesh,BSNL,POSTPAID,1499.0,9,24-10-2025,2026-07-11,0,N,ekiyaanand@example.net,Female
CUST01810,Onveer Rege,62.0,5766962536,Patna,Chhattisgarh,Vi,PREPAID,149.0,2,22-05-2026,20260710,0,,lipika75@example.com,male
CUST01811,aarnav pandya,26.0,,,Telangana,Vi,postpaid,1199.0,49,12 Jul 2022,20260709,0,NO,behltriya@example.com,F
CUST01812,Omisha Rau,34.0,+911173101091,,Punjab,Vi,Pre-paid,999.0,18,27/01/2025,2026-07-06,3,0,kharefariq@example.com,female
CUST01813,Radha Tailor,31.0,02278392902,Bhopal,Meghalaya,BSNL,postpaid,1499.0,69,2020-11-19,07/20/2026,0,NO,nisha67@example.org,MALE
CUST01814,Anay Khanna,24.0,,Kolkata,Punjab,BSNL,Post-paid,1199.0,52,20220413,12 Jul 2026,1,,masteryoshita@example.org,F
CUST01815,Quincy Atwal,60.0,,jaipur,Haryana,Jio,,299.0,21,20241029,17-07-2026,1,,krishsani@example.com,M
CUST01816,Aachal Shanker,26.0,9554525913,Amdavad,Uttarakhand,Jio,PREPAID,999.0,26,06/01/2024,20260622,3,n,bahadurjitluthra@example.com,FEMALE
CUST01817,udyati bala,48.0,,JAIPUR,Himachal Pradesh,Jio,PRE PAID,999.0,79,20200124,07/17/2026,1,,edwinqadim@example.net,
CUST01818,Lekha Gandhi,26.0,,Hyd,Arunachal Pradesh,Vi,POST PAID,1199.0,2,22-05-2026,04-06-2026,2,Y,basakvasatika@example.net,female
CUST01819,Mugdha Sodhi,52.0,,NCR,Tamil Nadu,BSNL,POST PAID,799.0,44,2022-12-09,2026-07-20,1,n,thamanfaras@example.net,Female
CUST01820,Wishi Bail,37.0,91-76697-06838,MUM,Himachal Pradesh,Airtel,,199.0,73,20200722,20260719,0,N,,FEMALE
CUST01821,gaurang keer,25.0,,Amdavad,Telangana,Vi,prepaid,999.0,38,06/07/2023,07/19/2026,1,,shettyayush@example.net,MALE
CUST01822,GEETIKA GOEL,64.0,5720555321,hyderabad,Uttarakhand,Airtel,postpaid,499.0,27,02 May 2024,19-07-2026,0,N,,
CUST01823,Aadhya Bhavsar,27.0,8866898010,BHOPAL,Uttarakhand,BSNL,,719.0,7,23-12-2025,2026-06-01,4,,hayervedant@example.org,Female
CUST01824,KAVYA RAMACHANDRAN,58.0,4200502940,NAGPUR,Arunachal Pradesh,Airtel,Postpaid,499.0,33,20231104,2026-07-09,0,0,,male
CUST01825,Tripti Ganguly,46.0,0414714088,jaipur,Himachal Pradesh,Airtel,postpaid,399.0,45,20221109,08 Jul 2026,1,NO,lokejoshua@example.org,Male
CUST01826,Anusha Dugar,48.0,+913309947914,bangalore,Jharkhand,Jio,PRE PAID,999.0,59,15 Sep 2021,07/02/2026,5,n,pkalla@example.org,MALE
CUST01827,Indira Yohannan,46.0,+916371643611,AHMEDABAD,Sikkim,Vi,postpaid,1499.0,14,27/05/2025,07/09/2026,1,n,upkaar14@example.com,
CUST01828,Ekiya Parmar,38.0,,Ahmedabad,Karnataka,BSNL,POSTPAID,699.0,71,2020-09-20,20260711,0,n,purohitkrish@example.net,male
CUST01829,Daksha Nanda,29.0,,AHMEDABAD,,Airtel,Postpaid,1999.0,41,09-03-2023,20260720,1,NO,udantmistry@example.com,male
CUST01830,Wahab Kanda,38.0,4666920729,Bangalore,Goa,Vi,Postpaid,999.0,23,30 Aug 2024,2026-07-21,0,0,aarush91@example.com,MALE
CUST01831,vasudha kara,29.0,00385698028,nagpur,,Jio,Prepaid,399.0,39,20230508,07/12/2026,1,n,tganesh@example.com,male
CUST01832,Chatresh Sunder,49.0,+912606082382,LUCKNOW,,Airtel,Postpaid,1999.0,38,06/07/2023,20260717,1,0,isaac59@example.org,Male
CUST01833,Harsh Banik,50.0,91-69035-83223,surat,Punjab,BSNL,postpaid,1199.0,41,03/09/2023,28 May 2026,3,Y,eta72@example.net,
CUST01834,Idika Srinivasan,26.0,+91 46619 99710,PATNA,Telangana,Vi,PRE PAID,999.0,70,2020-10-20,17/07/2026,0,NO,bachittarkrishna@example.com,female
CUST01835,Rajata Srinivas,19.0,+91 48997 44225,NAGPUR,Karnataka,Airtel,Prepaid,499.0,34,05 Oct 2023,08-07-2026,1,n,chavvivohra@example.org,
CUST01836,Harish Kala,53.0,+91 77366 75859,CHENNAI,Andhra Pradesh,Vi,POSTPAID,699.0,29,03-03-2024,09/07/2026,0,0,gdeshpande@example.org,female
CUST01837,Aarush Chand,36.0,7619278120,CHENNAI,Bihar,BSNL,PRE PAID,99.0,76,23 Apr 2020,02/06/2026,4,N,chaayahayre@example.org,Male
CUST01838,triveni salvi,64.0,00117555677,indore,Telangana,Vi,POSTPAID,499.0,55,20220113,10-07-2026,0,0,kapoortanveer@example.org,
CUST01839,GAURIKA BHATIA,28.0,+91 92300 83341,lucknow,Chhattisgarh,BSNL,PREPAID,599.0,16,20250328,,0,NO,amara61@example.com,Female
CUST01840,Geetika Loyal,63.0,+91 04888 19875,MUM,Karnataka,Airtel,Prepaid,499.0,25,01/07/2024,07/20/2026,0,0,saanvi05@example.org,Male
CUST01841,Anika Roy,47.0,+91 30381 69194,patna,Manipur,BSNL,Pre-paid,999.0,27,02 May 2024,04-07-2026,5,Y,ukeer@example.net,male
CUST01842,Bahadurjit Chand,29.0,+91 73018 08725,lucknow,Tamil Nadu,Airtel,Prepaid,,70,20201020,30/06/2026,4,Y,fvarty@example.org,female
CUST01843,ARADHANA CHADA,25.0,3416638267,bangalore,Manipur,Vi,Pre-paid,719.0,22,2024-09-29,10 Jul 2026,0,NO,arin28@example.com,MALE
CUST01844,Krishna Gala,57.0,,mumbai,Punjab,Jio,Post-paid,1499.0,39,08 May 2023,07/16/2026,1,n,sara39@example.com,Female
CUST01845,ABHIMANYU BHAGAT,20.0,+917831826374,PUNE,Assam,Vi,PREPAID,999.0,31,03-01-2024,02 Jun 2026,2,Y,,Female
CUST01846,Vedant Natt,36.0,,CHENNAI,Odisha,Jio,PREPAID,399.0,61,,08 Jul 2026,1,n,zgrover@example.net,male
CUST01847,veer bassi,53.0,+919308787909,Bangalore,Himachal Pradesh,BSNL,PREPAID,299.0,16,28/03/2025,12/07/2026,0,NO,zarnasehgal@example.com,
CUST01848,Zaitra Agarwal,24.0,+91 35628 44372,New Delhi,Tripura,BSNL,POST PAID,499.0,62,2021-06-17,12-06-2026,3,Y,chaitanyaratta@example.com,Male
CUST01849,Rudra Doctor,57.0,+91 66783 03172,mumbai,Karnataka,Vi,PRE PAID,199.0,32,04-12-2023,07/02/2026,3,N,chandresh55@example.org,
CUST01850,Mason Goel,24.0,91-51920-84965,INDORE,Odisha,Airtel,POST PAID,499.0,39,05/08/2023,20260710,1,0,pdar@example.org,Female
CUST01851,Chatura Devan,56.0,91-22575-02259,NAGPUR,Mizoram,Airtel,Postpaid,399.0,13,06/26/2025,16-07-2026,0,,baljiwan13@example.net,female
CUST01852,Sanya Hayer,46.0,+919677839075,patna,Karnataka,Airtel,POSTPAID,399.0,32,12/04/2023,16-07-2026,0,n,,M
CUST01853,Manan Rajagopalan,31.0,4544029195,ahmedabad,,BSNL,prepaid,199.0,18,27-01-2025,20260710,0,0,vverma@example.net,Male
CUST01854,Kamya Pillai,23.0,+91 48636 93805,indore,Karnataka,Jio,PREPAID,599.0,42,07-02-2023,20260628,3,NO,garapallavi@example.org,FEMALE
CUST01855,Ekansh Mannan,38.0,+91 14796 12650,KOLKATA,Uttar Pradesh,Airtel,prepaid,199.0,57,11/14/2021,20260708,0,N,guhavrishti@example.org,
CUST01856,AMAIRA PERI,54.0,,patna,Andhra Pradesh,BSNL,prepaid,839.0,54,02/12/2022,07/12/2026,1,n,,M
CUST01857,Nandini Modi,32.0,7541156527,Jaipur,Assam,Vi,postpaid,799.0,71,20/09/2020,09 Jul 2026,1,0,handasaanvi@example.org,F
CUST01858,DALAJA VERMA,38.0,91-31646-06649,Jaipur,Nagaland,Vi,prepaid,719.0,17,26/02/2025,12/07/2026,0,N,yadavakshay@example.com,Female
CUST01859,Nimrat Sharma,28.0,2066653479,Chennai,,Vi,PREPAID,,75,2020-05-23,,1,,,Male
CUST01860,Harini Mani,63.0,01627765029,Nagpur,Chhattisgarh,BSNL,POSTPAID,499.0,53,14 Mar 2022,21/07/2026,1,n,brijeshparsa@example.net,FEMALE
CUST01861,Raghav Bose,56.0,3380107017,kolkata,Jharkhand,BSNL,PREPAID,999.0,10,24 Sep 2025,15-07-2026,1,N,vaishnaviswamy@example.com,FEMALE
CUST01862,Gagan Varma,32.0,07621741037,Nagpur,Andhra Pradesh,Airtel,Post-paid,799.0,59,09/15/2021,28 Jun 2026,3,Y,yashasvi63@example.org,
CUST01863,Ekantika Bail,57.0,,BLR,Karnataka,BSNL,prepaid,199.0,25,01 Jul 2024,15-07-2026,0,NO,lnazareth@example.org,female
CUST01864,Yug Patil,39.0,+919445991452,Lucknow,Assam,Jio,Postpaid,499.0,1,2026-06-21,2026-07-15,1,n,sandhuteerth@example.com,MALE
CUST01865,Xavier Virk,56.0,91-21008-48654,mumbai,Kerala,Jio,postpaid,699.0,9,24 Oct 2025,20/07/2026,0,N,zsawhney@example.net,M
CUST01866,Kamya Kant,27.0,,Nagpur,Jharkhand,Vi,POST PAID,499.0,37,20230707,21 Jul 2026,1,0,xkulkarni@example.com,female
CUST01867,Karan Krish,18.0,91-76273-25538,DELHI,Arunachal Pradesh,Vi,postpaid,699.0,82,20191026,07/06/2026,5,Y,rdugal@example.net,female
CUST01868,jagdish tripathi,44.0,+91 75038 09541,mumbai,Telangana,Jio,POSTPAID,799.0,39,2023-05-08,2026-07-07,0,NO,sanayabala@example.com,M
CUST01869,Oscar Nagi,,9600876848,hyderabad,Andhra Pradesh,Jio,postpaid,399.0,28,04/02/2024,21 Jul 2026,0,,banerjeewarjas@example.com,female
CUST01870,RUDRA DE,56.0,+915267494222,KOLKATA,Assam,Vi,POST PAID,699.0,40,08/04/2023,2026-07-14,1,n,warinderchacko@example.net,
CUST01871,Geetika Kaur,57.0,91-24049-38636,Amdavad,Nagaland,Vi,Pre-paid,99.0,24,31/07/2024,10/07/2026,0,n,goswamichandresh@example.org,FEMALE
CUST01872,Gagan Kakar,45.0,,Ahmedabad,Nagaland,Jio,Post-paid,1499.0,8,23 Nov 2025,13-07-2026,1,,lbalakrishnan@example.org,male
CUST01873,Jalsa Butala,23.0,+91 55510 74981,SURAT,Telangana,Jio,PRE PAID,839.0,53,2022-03-14,20 Jul 2026,0,0,zbajwa@example.org,F
CUST01874,Fiyaz Sharaf,59.0,6242060511,AHMEDABAD,Mizoram,BSNL,PREPAID,999.0,17,26/02/2025,21 Jul 2026,0,NO,harishlalla@example.net,F
CUST01875,Ekalinga Dhar,62.0,+913257592123,Lucknow,Rajasthan,BSNL,POST PAID,399.0,11,20250825,07/11/2026,0,NO,hnarasimhan@example.org,Female
CUST01876,Upkaar Goel,22.0,+916701987835,PATNA,Sikkim,BSNL,prepaid,149.0,18,27 Jan 2025,2026-07-11,1,0,balasubramaniandarpan@example.org,male
CUST01877,dhruv bhatnagar,39.0,00764718629,Patna,Manipur,Airtel,POSTPAID,1999.0,74,22-06-2020,30/06/2026,3,Y,ckhurana@example.net,male
CUST01878,Amara Sastry,39.0,+91 02227 76021,Jaipur,Gujarat,BSNL,Pre-paid,99.0,18,27/01/2025,14/07/2026,1,n,edwinbachittar@example.net,male
CUST01879,SUHANI BHALLA,18.0,+918306344371,hyderabad,Goa,Vi,Post-paid,399.0,16,28-03-2025,14/07/2026,1,NO,chaitalymall@example.net,Female
CUST01880,Bhavna Dube,65.0,3225350227,kolkata,Nagaland,Vi,,719.0,73,22 Jul 2020,2026-06-17,5,,meghana22@example.org,FEMALE
CUST01881,Ekta Mutti,23.0,91-20040-23420,Patna,Uttar Pradesh,Vi,PRE PAID,719.0,68,19-12-2020,10/07/2026,1,n,daksh78@example.com,M
CUST01882,Zilmil Lad,54.0,+91 36586 94919,indore,Karnataka,Jio,prepaid,499.0,13,26/06/2025,15-07-2026,0,,njha@example.com,female
CUST01883,Ansh Kar,27.0,91-18886-16663,nagpur,Rajasthan,Jio,POST PAID,1499.0,21,2024-10-29,20260718,1,n,indrajitpillai@example.net,
CUST01884,Neel Pillay,61.0,0654765126,,Nagaland,BSNL,postpaid,399.0,59,09/15/2021,11/07/2026,1,,jairaj37@example.net,Female
CUST01885,Vasudha Chaudhuri,39.0,08223094760,JAIPUR,Mizoram,Vi,Pre-paid,599.0,47,20220910,2026-05-31,3,Y,naveenchoudhry@example.com,
CUST01886,Meera Nadig,31.0,02529149373,SURAT,Haryana,Jio,Prepaid,399.0,39,08/05/2023,20260612,5,0,,MALE
CUST01887,Pooja Dayal,18.0,8116944182,NAGPUR,Jharkhand,BSNL,POSTPAID,999.0,34,20231005,2026-07-14,1,,manbirverma@example.com,
CUST01888,Avni Sankaran,55.0,09851174261,Surat,Haryana,Vi,Post-paid,1199.0,3,2026-04-22,20/07/2026,0,,vasatika11@example.org,female
CUST01889,reva bhatia,54.0,+91 00492 46012,BHOPAL,Telangana,BSNL,,839.0,4,20260323,21/06/2026,4,n,balakrishnanbalhaar@example.net,Female
CUST01890,Chanakya Deshmukh,26.0,91-57903-54064,,Tripura,Airtel,Postpaid,499.0,66,17 Feb 2021,09 Jun 2026,5,N,qasim72@example.com,FEMALE
CUST01891,MAHIKA BADAMI,33.0,91-60593-70627,Poona,Tamil Nadu,BSNL,Pre-paid,839.0,37,07/07/2023,2026-07-17,0,NO,randhawadarpan@example.com,
CUST01892,Ekanta Dave,37.0,+91 00964 61469,indore,Nagaland,Airtel,POST PAID,1999.0,42,02/07/2023,2026-06-09,3,,warora@example.net,MALE
CUST01893,Yadavi Sodhi,39.0,91-93036-19993,jaipur,Maharashtra,BSNL,Postpaid,1999.0,59,20210915,2026-07-16,0,NO,dakshmistry@example.org,FEMALE
CUST01894,Chameli Chand,53.0,8807461204,patna,Punjab,Jio,Post-paid,1499.0,25,20240701,14/07/2026,0,NO,guneet81@example.com,
CUST01895,balhaar aggarwal,36.0,02103799820,SURAT,West Bengal,Jio,PRE PAID,199.0,80,12/25/2019,2026-07-09,0,NO,nbrar@example.net,Female
CUST01896,Ojas Sodhi,61.0,9201337045,kolkata,Sikkim,Jio,POST PAID,1999.0,64,20210418,20260716,0,N,bahrijanya@example.com,F
CUST01897,Yagnesh Palla,33.0,91-26831-38003,PATNA,West Bengal,Jio,Prepaid,199.0,78,20200223,18/07/2026,1,,yamini20@example.org,MALE
CUST01898,Yug Dhawan,60.0,,New Delhi,Uttar Pradesh,Airtel,POST PAID,1999.0,37,2023-07-07,07/20/2026,1,n,chadhema@example.org,female
CUST01899,Yachana Walia,64.0,+917478301944,Nagpur,Nagaland,Jio,PRE PAID,149.0,6,22-01-2026,21-07-2026,0,N,fariskapoor@example.org,male
CUST01900,jalsa basak,31.0,+918310915719,Bengaluru,Odisha,Vi,Postpaid,1999.0,12,26 Jul 2025,13/07/2026,1,0,smangat@example.org,Female
CUST01901,meera deo,42.0,+91 68441 87768,HYDERABAD,Gujarat,Airtel,Pre-paid,399.0,20,11/28/2024,04 Jul 2026,4,0,atwalgayathri@example.org,Male
CUST01902,Vivaan Kala,37.0,+910825923065,Nagpur,Punjab,Vi,PRE PAID,999.0,22,2024-09-29,09/07/2026,0,N,banikzansi@example.org,
CUST01903,wakeeta gokhale,20.0,91-95170-42047,Jaipur,Bihar,Airtel,Pre-paid,999.0,40,08-04-2023,07/21/2026,1,n,manantoor@example.com,Male
CUST01904,Chakradhar Sachdeva,22.0,91-77002-33582,bhopal,Nagaland,Vi,POSTPAID,799.0,15,20250427,24-06-2026,4,N,majumdarchaitaly@example.com,M
CUST01905,GAURI SACHDEVA,32.0,,patna,Haryana,Jio,prepaid,599.0,65,20210319,17/07/2026,0,0,,M
CUST01906,Alexander Suresh,45.0,,chennai,Sikkim,Vi,Pre-paid,149.0,71,2020-09-20,16 Jul 2026,1,NO,chaayapurohit@example.org,
CUST01907,HENRY DUTTA,,91-38479-27951,Poona,Arunachal Pradesh,Vi,postpaid,1199.0,52,13/04/2022,21 Jul 2026,0,NO,,MALE
CUST01908,HARSHIL BHANDARI,46.0,+91 60108 31734,,Goa,Airtel,Prepaid,399.0,15,27/04/2025,07/06/2026,3,Y,miteshchaudry@example.org,FEMALE
CUST01909,Zansi Dash,28.0,+910002593758,BHOPAL,Goa,Jio,POSTPAID,1999.0,14,27 May 2025,20260719,1,N,manenitara@example.com,
CUST01910,Rushil Venkataraman,58.0,,LUCKNOW,Odisha,Vi,Post-paid,1999.0,83,20190926,13-07-2026,1,NO,gloyal@example.com,Male
CUST01911,Kashish Anand,34.0,03304349481,Amdavad,Chhattisgarh,Jio,POST PAID,699.0,80,25/12/2019,13/06/2026,2,n,anushacherian@example.net,male
CUST01912,harrison chakraborty,25.0,0755978621,Surat,Tripura,Jio,prepaid,99.0,78,23/02/2020,05-07-2026,2,N,inaya04@example.com,male
CUST01913,Joshua Sibal,53.0,6137195880,Patna,Meghalaya,Vi,Postpaid,399.0,46,10/10/2022,19-07-2026,0,,khoslaikshita@example.org,
CUST01914,Udarsh Amble,26.0,04943274026,hyderabad,Jharkhand,BSNL,POST PAID,1999.0,28,2024-04-02,20260623,3,Y,tailorzinal@example.net,F
CUST01915,Sathvik Arya,34.0,+91 88273 74909,mumbai,Nagaland,Vi,Pre-paid,399.0,83,20190926,2026-07-10,0,n,rajanaarush@example.net,Male
CUST01916,Tamanna Kuruvilla,30.0,,Hyderabad,Gujarat,BSNL,PREPAID,149.0,20,11/28/2024,20260715,0,NO,bhandariridhi@example.net,
CUST01917,Ekta Ranganathan,58.0,,MUMBAI,Odisha,Vi,Post-paid,699.0,73,20200722,25/05/2026,3,0,yashodhara67@example.org,M
CUST01918,Garima Chad,41.0,+913712146307,Ahmedabad,Tripura,Jio,postpaid,1999.0,30,02-02-2024,09 Jul 2026,0,0,yagnesh01@example.com,MALE
CUST01919,Jackson Chaudhry,36.0,91-66735-21608,chennai,,Jio,PRE PAID,99.0,9,2025-10-24,20260614,4,0,dganesh@example.net,male
CUST01920,Nandini Chana,38.0,,patna,Tamil Nadu,Vi,Postpaid,799.0,61,07/17/2021,12/07/2026,1,0,aryawaida@example.com,Male
CUST01921,Madhavi Rai,35.0,3769791627,New Delhi,Sikkim,BSNL,postpaid,999.0,45,2022-11-09,17/07/2026,1,0,,FEMALE
CUST01922,Gautam Gola,58.0,,lucknow,Mizoram,Jio,,839.0,28,04/02/2024,20-07-2026,1,,tmadan@example.net,F
CUST01923,Dalbir Kannan,,,Patna,Jharkhand,Vi,Pre-paid,999.0,82,20191026,2026-07-17,1,0,bassimatthew@example.org,Male
CUST01924,Watika Zachariah,32.0,02736007550,Lucknow,Madhya Pradesh,BSNL,postpaid,1499.0,30,02 Feb 2024,14 Jul 2026,1,0,upkaarbiswas@example.net,F
CUST01925,Ronith Nayar,55.0,08618256166,Delhi,Mizoram,Vi,POST PAID,699.0,20,28 Nov 2024,,5,0,frederick36@example.com,Male
CUST01926,Neha Tella,53.0,91-62657-04388,Surat,Kerala,Vi,Postpaid,1499.0,50,20220612,2026-05-23,5,Y,brinda88@example.com,F
CUST01927,Nihal Swaminathan,28.0,91-59840-70547,Bengaluru,Karnataka,Airtel,Postpaid,1499.0,59,09/15/2021,12/07/2026,1,0,annesamaksh@example.net,MALE
CUST01928,Bimala Behl,64.0,91-01797-76600,Amdavad,,BSNL,Postpaid,499.0,15,27/04/2025,15/07/2026,0,0,ochadha@example.org,female
CUST01929,Eesha Ahluwalia,58.0,91-20254-09411,KOLKATA,Mizoram,Jio,prepaid,999.0,4,2026-03-23,07/19/2026,1,n,varmaalka@example.com,
CUST01930,Chasmum Badami,41.0,07203143061,Madras,Haryana,Vi,POST PAID,1199.0,78,23 Feb 2020,29-05-2026,3,,jkhalsa@example.com,M
CUST01931,FORUM CHAKRABORTY,24.0,+91 64689 06887,pune,Tripura,Jio,PREPAID,719.0,29,20240303,06/20/2026,4,0,brindamallick@example.com,M
CUST01932,Janani Krishnamurthy,29.0,+919703977338,Kolkata,Nagaland,BSNL,PREPAID,149.0,43,08/01/2023,20260713,1,NO,umang14@example.com,male
CUST01933,CHAKRADEV DAR,62.0,8658623348,SURAT,Bihar,Airtel,Postpaid,999.0,2,2026-05-22,18-07-2026,0,N,anaykurian@example.org,male
CUST01934,Ishita Buch,22.0,91-31243-21979,pune,Tamil Nadu,Vi,Post-paid,799.0,63,2021-05-18,20260616,2,n,chatterjeepratyush@example.net,M
CUST01935,GOPAL BADAMI,54.0,07541326301,Mumbai,Gujarat,BSNL,POST PAID,999.0,67,18/01/2021,08 Jun 2026,3,n,yauvani02@example.org,Male
CUST01936,Hardik Gopal,44.0,91-72943-06287,bangalore,Goa,Jio,Prepaid,719.0,27,02 May 2024,20260525,4,N,vmohan@example.org,
CUST01937,Theodore Dada,59.0,,Nagpur,Uttarakhand,Vi,POSTPAID,1499.0,70,20 Oct 2020,10-07-2026,0,N,kiaansehgal@example.net,Male
CUST01938,Odika Ramanathan,43.0,+91 85971 34112,Patna,Tamil Nadu,Airtel,,999.0,5,21-02-2026,18/07/2026,0,0,yastijayaraman@example.org,female
CUST01939,kritika sachdev,50.0,04885980690,Surat,West Bengal,Vi,PRE PAID,999.0,58,15 Oct 2021,10-07-2026,1,n,raaginivarma@example.com,
CUST01940,dalaja mane,61.0,1989902077,Bhopal,Rajasthan,Vi,POST PAID,1499.0,1,2026-06-21,12 Jun 2026,2,n,nadkarnitripti@example.net,Female
CUST01941,Gunbir Loke,27.0,+91 79132 53325,pune,Assam,BSNL,POSTPAID,1199.0,8,23/11/2025,05/06/2026,3,Y,rnaik@example.net,Male
CUST01942,Januja Mander,44.0,0168107137,SURAT,Himachal Pradesh,Airtel,,399.0,42,,20260717,1,N,wazirsem@example.com,F
CUST01943,KAMALA MITRA,58.0,04044012178,nagpur,Nagaland,BSNL,Postpaid,1999.0,2,22/05/2026,05-06-2026,3,Y,chanchal23@example.org,M
CUST01944,Hemangini Dua,42.0,+91 98363 32094,,West Bengal,Airtel,PRE PAID,299.0,33,04 Nov 2023,20260626,5,0,wjohal@example.org,
CUST01945,Hredhaan Dhingra,48.0,,AHMEDABAD,Mizoram,Airtel,prepaid,599.0,39,08 May 2023,04/06/2026,5,N,hnayar@example.com,male
CUST01946,Quincy Kant,27.0,02492921332,Surat,Andhra Pradesh,BSNL,PREPAID,599.0,74,20200622,2026-07-10,1,0,pantcharita@example.com,Male
CUST01947,Falan Shan,42.0,+91 69134 38125,Patna,Gujarat,Vi,Post-paid,399.0,48,11-08-2022,2026-07-10,1,,sahnipooja@example.net,male
CUST01948,Samar Khurana,43.0,6430072476,Mumbai,Manipur,Jio,postpaid,499.0,35,05/09/2023,07/10/2026,1,n,aanne@example.com,Female
CUST01949,Xavier Om,29.0,,AHMEDABAD,Bihar,BSNL,POSTPAID,1499.0,49,12/07/2022,2026-07-12,0,0,bavabhavini@example.com,
CUST01950,Alka Lata,47.0,+91 10408 67325,AHMEDABAD,Punjab,Vi,postpaid,499.0,65,19/03/2021,2026-07-10,0,0,nishachand@example.org,MALE
CUST01951,Chanchal Sarkar,26.0,7864770169,Calcutta,Meghalaya,Jio,Postpaid,1499.0,81,25/11/2019,2026-07-20,0,N,lopa12@example.com,Female
CUST01952,Samaksh Dasgupta,41.0,,SURAT,Uttar Pradesh,Jio,PRE PAID,839.0,61,2021-07-17,2026-07-15,0,NO,,female
CUST01953,Manan Hans,54.0,91-43981-58832,indore,Uttarakhand,Airtel,PREPAID,599.0,52,13 Apr 2022,07/21/2026,1,,fkunda@example.org,M
CUST01954,Sudiksha Raj,24.0,07815483611,Bangalore,Andhra Pradesh,Airtel,Prepaid,999.0,33,20231104,15-07-2026,1,0,daskalpit@example.org,Female
CUST01955,Widisha Nazareth,39.0,+91 61155 68160,HYDERABAD,Himachal Pradesh,Vi,POSTPAID,399.0,30,02/02/2024,20260526,3,0,yashawinijhaveri@example.org,FEMALE
CUST01956,Wishi Jain,,7972730199,PATNA,Andhra Pradesh,BSNL,PRE PAID,399.0,13,26/06/2025,14-07-2026,0,N,rachana03@example.net,MALE
CUST01957,joshua mammen,43.0,+91 41457 95573,Kolkata,West Bengal,Jio,Post-paid,1499.0,71,20 Sep 2020,20260708,1,NO,raksha07@example.org,F
CUST01958,Ubika Subramanian,56.0,6949739768,KOLKATA,Haryana,Airtel,Post-paid,399.0,25,2024-07-01,2026-05-27,3,0,gargkrisha@example.com,FEMALE
CUST01959,David Andra,38.0,+913440602109,KOLKATA,Tripura,Vi,Prepaid,999.0,5,02/21/2026,11/07/2026,1,n,balazaid@example.net,FEMALE
CUST01960,FITAN RAU,44.0,2436981200,indore,Maharashtra,Jio,PRE PAID,199.0,23,2024-08-30,07/18/2026,1,NO,dhaliwalrishi@example.net,male
CUST01961,Chandani Andra,40.0,,NAGPUR,Uttarakhand,Airtel,postpaid,699.0,10,24/09/2025,13-07-2026,0,,ahujaijaya@example.net,FEMALE
CUST01962,Wriddhish Bhatnagar,64.0,,Nagpur,Sikkim,Vi,postpaid,699.0,80,,20260628,2,Y,harita38@example.com,FEMALE
CUST01963,Wahab Ratta,19.0,+918179621167,Bhopal,West Bengal,Airtel,prepaid,99.0,64,18/04/2021,07/10/2026,1,0,miteshmajumdar@example.net,
CUST01964,Niharika Behl,28.0,,mumbai,,BSNL,PRE PAID,499.0,54,12 Feb 2022,07/11/2026,0,NO,mekhala71@example.org,male
CUST01965,Warjas Dasgupta,65.0,4344417566,Jaipur,Tamil Nadu,Vi,PRE PAID,99.0,51,13/05/2022,09/07/2026,0,n,geetikatoor@example.com,Male
CUST01966,Arunima Nazareth,39.0,,Lucknow,Tamil Nadu,Airtel,POST PAID,1999.0,15,2025-04-27,20-07-2026,0,NO,omajatripathi@example.org,
CUST01967,Priya Walia,23.0,5905273118,DELHI,Sikkim,BSNL,Post-paid,499.0,24,31-07-2024,18 Jul 2026,0,n,dyaljanaki@example.org,female
CUST01968,Theodore Chaudhuri,29.0,04924440661,NAGPUR,Nagaland,Jio,,399.0,67,18 Jan 2021,06/30/2026,4,,praneelnarang@example.org,male
CUST01969,Aradhana Bajaj,55.0,03211724560,Bhopal,Arunachal Pradesh,Airtel,POSTPAID,799.0,71,09/20/2020,07/13/2026,0,n,nisha80@example.org,M
CUST01970,Nitara Bhandari,21.0,05703659592,jaipur,,Airtel,Postpaid,1199.0,26,20240601,03/06/2026,4,NO,bainsaarnav@example.net,male
CUST01971,Pavani Sathe,42.0,91-67270-22410,nagpur,Haryana,Airtel,POSTPAID,1999.0,9,,01/07/2026,3,NO,,F
CUST01972,Nikita Dhingra,33.0,+91 18923 07313,HYDERABAD,Andhra Pradesh,Airtel,PRE PAID,299.0,74,22 Jun 2020,07/08/2026,1,N,,M
CUST01973,ISAIAH AHLUWALIA,65.0,+91 79642 77097,hyderabad,Madhya Pradesh,Jio,Prepaid,719.0,65,19 Mar 2021,13/07/2026,0,,mbadal@example.org,female
CUST01974,Chavvi Doshi,62.0,91-95442-33440,bhopal,Arunachal Pradesh,Airtel,POST PAID,499.0,29,2024-03-03,,1,n,jchaudhari@example.org,Male
CUST01975,Rajeshri Sampath,39.0,9646087254,surat,Tripura,BSNL,prepaid,99.0,13,26 Jun 2025,07/11/2026,1,n,jatin57@example.net,
CUST01976,Nitara Sahota,25.0,91-21989-74469,Chennai,Uttar Pradesh,Jio,POSTPAID,999.0,17,20250226,20260720,0,N,,male
CUST01977,Zayan Koshy,36.0,,lucknow,Uttar Pradesh,Airtel,prepaid,99.0,64,18-04-2021,07/07/2026,1,n,pallavidugar@example.org,Female
CUST01978,Ekantika Sankar,54.0,+912435951333,MUMBAI,Gujarat,Vi,postpaid,799.0,63,18/05/2021,07/21/2026,1,n,siddharth59@example.org,female
CUST01979,Ishani Virk,28.0,4397188842,Kolkata,Odisha,BSNL,,719.0,79,24-01-2020,09-07-2026,0,0,naksh49@example.org,Male
CUST01980,Kalpit Radhakrishnan,,91-68994-25328,jaipur,Uttarakhand,Airtel,POSTPAID,999.0,27,2024-05-02,20260707,1,n,ibuch@example.org,
CUST01981,atharv natt,19.0,+916572386160,AHMEDABAD,Madhya Pradesh,Airtel,PREPAID,299.0,84,20190827,07/10/2026,0,N,balakrishnanabhiram@example.net,M
CUST01982,dhriti kulkarni,59.0,7350318849,nagpur,Bihar,Vi,Postpaid,399.0,70,20-10-2020,16/07/2026,0,,narularushil@example.net,Female
CUST01983,Anita Bera,24.0,91-82891-30510,PUNE,Nagaland,Airtel,POSTPAID,799.0,24,2024-07-31,20260708,0,0,bassilekha@example.com,M
CUST01984,Bishakha Bal,63.0,+91 68854 34645,Nagpur,Uttar Pradesh,BSNL,postpaid,799.0,18,01/27/2025,18/07/2026,0,,takinaya@example.org,M
CUST01985,Azad Goel,41.0,+910128194001,Madras,Uttarakhand,Vi,Prepaid,149.0,59,15 Sep 2021,07/15/2026,0,NO,lekhamurty@example.net,male
CUST01986,HAMSINI BALASUBRAMANIAN,20.0,03737514353,delhi,Goa,BSNL,Post-paid,1499.0,45,20221109,20260711,0,0,ysami@example.net,MALE
CUST01987,Vihaan Das,59.0,+91 19358 15141,pune,Kerala,Airtel,prepaid,719.0,79,24 Jan 2020,07/07/2026,0,,ghosewakeeta@example.com,M
CUST01988,Hredhaan Pathak,47.0,,jaipur,Telangana,BSNL,POST PAID,,73,20200722,2026-07-17,1,0,praneelkumer@example.org,Male
CUST01989,Mitali Karan,32.0,2082419857,LUCKNOW,Tamil Nadu,Jio,Postpaid,499.0,3,22/04/2026,30/06/2026,5,Y,agrawalshravya@example.net,FEMALE
CUST01990,Advik Choudhry,55.0,05258535599,Chennai,Bihar,BSNL,POSTPAID,799.0,13,2025-06-26,20 Jul 2026,1,0,rpalan@example.org,male
CUST01991,Zarna Mohanty,65.0,,Chennai,Manipur,Vi,prepaid,599.0,72,2020-08-21,15/07/2026,1,N,rkale@example.net,
CUST01992,Arin Ben,20.0,91-47680-98568,hyderabad,Punjab,Vi,POSTPAID,399.0,45,09-11-2022,07/07/2026,0,,advikadalia@example.net,female
CUST01993,Triveni Ganesh,33.0,+91 34021 10454,Hyderabad,Andhra Pradesh,Airtel,postpaid,999.0,16,28/03/2025,20260530,4,Y,nhalder@example.com,M
CUST01994,Sai More,38.0,91-39045-54362,Lucknow,Bihar,BSNL,Postpaid,799.0,56,2021-12-14,20 Jul 2026,1,0,ymagar@example.org,M
CUST01995,Jeremiah Kara,24.0,91-68706-66884,Madras,Andhra Pradesh,BSNL,Post-paid,399.0,25,01/07/2024,14 Jul 2026,1,,,Male
CUST01996,Benjamin Agarwal,35.0,+91 98984 73843,ahmedabad,Haryana,Vi,Pre-paid,99.0,78,23 Feb 2020,,2,Y,kaurora@example.org,female
CUST01997,Rushil Dewan,20.0,+91 19268 60173,indore,West Bengal,Vi,prepaid,399.0,67,2021-01-18,2026-07-19,0,N,veer49@example.com,FEMALE
CUST01998,Zarna Bhalla,48.0,00411080026,BHOPAL,Meghalaya,Airtel,postpaid,699.0,39,08 May 2023,07/15/2026,0,n,mitalidika@example.org,female
CUST01999,Triya Devan,29.0,+91 65633 73434,BLR,Mizoram,Vi,POST PAID,499.0,28,2024-04-02,09/07/2026,0,N,vdhar@example.org,M
CUST02000,Upkaar Aurora,60.0,+91 78744 11284,patna,Tripura,Jio,Pre-paid,719.0,58,10/15/2021,20260721,1,0,ishwarrai@example.org,male
CUST02001,Azaan Srinivasan,55.0,+91 89912 63827,mumbai,Himachal Pradesh,BSNL,postpaid,499.0,72,2020-08-21,06/06/2026,2,0,bakhshi28@example.net,Female
CUST02002,Nirja Chaudhary,52.0,2704973444,Madras,Arunachal Pradesh,BSNL,prepaid,299.0,6,22 Jan 2026,13-07-2026,0,n,dewangopal@example.org,Female
CUST02003,WYATT SINGHAL,55.0,+918812368866,NCR,Tripura,Airtel,Prepaid,499.0,10,24-09-2025,26/06/2026,2,,lchad@example.net,female
CUST02004,Hemal Mannan,48.0,+911013247073,NAGPUR,Rajasthan,Jio,PREPAID,399.0,42,02/07/2023,09-07-2026,1,n,vigdominic@example.net,male
CUST02005,Timothy Kumer,34.0,7657815916,bhopal,Madhya Pradesh,Airtel,POSTPAID,799.0,57,14 Nov 2021,18/07/2026,0,N,,Female
CUST02006,Thomas Sha,62.0,+915319651644,Pune,Uttar Pradesh,Airtel,prepaid,149.0,62,,14/07/2026,0,NO,tmane@example.net,M
CUST02007,Suhani Bhat,57.0,8965913118,Surat,Assam,Jio,POST PAID,1999.0,3,22-04-2026,15-07-2026,0,,manan97@example.com,F
CUST02008,Amol Agate,52.0,6820385285,pune,Manipur,Airtel,POSTPAID,1199.0,55,13-01-2022,2026-07-21,1,0,anyadeo@example.org,M
CUST02009,Eiravati Korpal,21.0,,PUNE,Manipur,Airtel,postpaid,,14,27/05/2025,24-05-2026,5,,aashi99@example.com,MALE
CUST02010,Naveen Iyengar,20.0,+91 84512 24023,jaipur,Tamil Nadu,BSNL,PRE PAID,999.0,76,2020-04-23,2026-07-20,0,,rayaan95@example.org,FEMALE
CUST02011,Lavanya Yadav,28.0,09537621098,Poona,Kerala,Vi,Pre-paid,999.0,1,2026-06-21,07/10/2026,0,0,logan70@example.org,male
CUST02012,Shivansh Suri,62.0,+918830682948,patna,Telangana,Vi,PREPAID,719.0,74,06/22/2020,05 Jul 2026,3,NO,khatrieta@example.com,FEMALE
CUST02013,Yashoda Dhillon,,+91 88823 97970,nagpur,Himachal Pradesh,Airtel,PREPAID,299.0,55,20220113,12/07/2026,0,N,anjalidutt@example.net,male
CUST02014,AMOL MALHOTRA,31.0,+917400925427,Madras,Nagaland,Airtel,PRE PAID,999.0,17,2025-02-26,09-07-2026,0,N,kapurgirish@example.org,FEMALE
CUST02015,Gaurav Tata,26.0,05986858197,NCR,Tripura,Jio,postpaid,1199.0,6,22 Jan 2026,17/07/2026,1,N,umohanty@example.org,
CUST02016,Aadi Karnik,65.0,7426588406,Pune,Mizoram,Jio,postpaid,399.0,43,01/08/2023,2026-07-17,1,N,randhawalekha@example.com,male
CUST02017,Jason Ravi,57.0,91-26216-84720,Nagpur,Andhra Pradesh,Airtel,PREPAID,599.0,13,2025-06-26,11/06/2026,3,N,chasmum54@example.com,Female
CUST02018,Omaja Rastogi,43.0,+91 72472 73188,BENGALURU,,Vi,POSTPAID,1199.0,1,2026-06-21,08-07-2026,1,n,vkorpal@example.com,female
CUST02019,Chaman Thaman,24.0,+917813664929,AHMEDABAD,Mizoram,Airtel,PRE PAID,719.0,56,14-12-2021,2026-05-23,3,N,rsrinivas@example.net,Female
CUST02020,Rudra Jain,38.0,01640048952,Nagpur,Sikkim,Jio,postpaid,1999.0,39,20230508,05/25/2026,4,,bhattichasmum@example.org,MALE
CUST02021,Adya Shah,49.0,09979497567,CHENNAI,Mizoram,Airtel,Post-paid,399.0,65,03/19/2021,19 Jul 2026,0,0,manthan76@example.org,Female
CUST02022,Vedant Narasimhan,45.0,+914532442146,Hyderabad,,BSNL,PRE PAID,399.0,75,23 May 2020,2026-07-18,0,n,caleb79@example.net,
CUST02023,varsha parmar,32.0,91-53979-00578,delhi,Jharkhand,BSNL,PRE PAID,149.0,47,10 Sep 2022,20260715,0,n,charita48@example.com,Female
CUST02024,Ekbal Krishnan,37.0,,Kolkata,Assam,Vi,POST PAID,799.0,15,20250427,17/07/2026,0,NO,baradqushi@example.org,F
CUST02025,Yagnesh Sachdev,23.0,+91 70328 03253,Lucknow,Uttar Pradesh,Airtel,postpaid,1499.0,56,20211214,07/07/2026,0,0,gillnandini@example.com,F
CUST02026,UCCHAL KANDA,36.0,+916872611737,Surat,Assam,Vi,Postpaid,999.0,10,24-09-2025,13/07/2026,0,N,arin98@example.com,MALE
CUST02027,Ojas Badal,22.0,91-24346-66291,PATNA,Telangana,Jio,Postpaid,799.0,12,26-07-2025,19-07-2026,0,NO,,MALE
CUST02028,Vedhika Deshpande,34.0,+915393600748,Bombay,West Bengal,Vi,Prepaid,149.0,54,20220212,07/21/2026,1,,siya99@example.org,male
CUST02029,Wyatt Das,38.0,3868612358,NCR,,Vi,postpaid,,15,2025-04-27,14 Jul 2026,1,0,,Male
CUST02030,YAHVI MAHARAJ,31.0,06286338975,lucknow,,Vi,POSTPAID,799.0,50,20220612,20260715,1,NO,waliupma@example.org,Female
CUST02031,Harini Bhatti,40.0,05960402874,lucknow,Chhattisgarh,Jio,POSTPAID,699.0,57,14/11/2021,07/10/2026,0,,jhalakmaharaj@example.org,Male
CUST02032,Aarna Ahluwalia,33.0,91-39606-26382,LUCKNOW,Haryana,Vi,Prepaid,199.0,37,20230707,20260616,2,,laksh37@example.com,male
CUST02033,Kashish Lall,42.0,02799481296,kolkata,Sikkim,Vi,postpaid,399.0,54,12/02/2022,2026-07-11,0,,bahlgeetika@example.org,female
CUST02034,Viraj Keer,48.0,,Lucknow,Maharashtra,Airtel,Prepaid,999.0,80,12/25/2019,20260708,0,0,bassimax@example.net,
CUST02035,Ishani Cherian,23.0,8995121744,bhopal,Jharkhand,Vi,,199.0,34,2023-10-05,20/07/2026,0,n,diya50@example.com,FEMALE
CUST02036,Hemal Khanna,50.0,,mumbai,Meghalaya,BSNL,Post-paid,699.0,6,22-01-2026,2026-06-07,2,NO,ymannan@example.org,
CUST02037,Ekani Lanka,27.0,07025984585,lucknow,Uttarakhand,Jio,POSTPAID,1199.0,30,02 Feb 2024,07/09/2026,1,n,adyatiwari@example.net,F
CUST02038,ANVI DHALIWAL,58.0,03230017195,BENGALURU,Punjab,BSNL,Postpaid,799.0,31,20240103,07/11/2026,0,0,sarnaira@example.net,Male
CUST02039,Girish Golla,21.0,,NCR,Kerala,BSNL,POSTPAID,1999.0,82,26 Oct 2019,2026-07-13,1,NO,triveni22@example.net,F
CUST02040,Peter Dugar,35.0,+91 00341 05882,jaipur,,Vi,Postpaid,1199.0,70,20 Oct 2020,20260604,5,Y,samaksh59@example.org,FEMALE
CUST02041,Kevin Choudhury,22.0,05346115552,Hyderabad,Mizoram,Airtel,Post-paid,1999.0,3,22/04/2026,19-06-2026,4,Y,daniel75@example.org,F
CUST02042,Azad Bansal,25.0,,CHENNAI,Uttar Pradesh,Jio,,499.0,77,03/24/2020,07/02/2026,5,n,,
CUST02043,IRA KHURANA,24.0,+91 32840 14407,Patna,Assam,BSNL,PRE PAID,599.0,2,22/05/2026,2026-06-15,2,n,gopal57@example.com,Male
CUST02044,Rajeshri Oza,22.0,4148126892,bhopal,Mizoram,BSNL,Postpaid,1199.0,14,05/27/2025,16/07/2026,0,NO,agastyasubramaniam@example.net,MALE
CUST02045,Manan Dara,35.0,+91 93195 79965,Indore,Madhya Pradesh,BSNL,Postpaid,1499.0,4,23-03-2026,20260712,1,n,bakshiamaira@example.com,male
CUST02046,Zayyan Mohan,65.0,+91 30771 46502,lucknow,,Airtel,PREPAID,839.0,60,08/16/2021,14 Jul 2026,1,n,khalsaeesha@example.com,M
CUST02047,VINAYA BALAN,,91-44445-32567,Jaipur,Nagaland,Airtel,,299.0,83,26-09-2019,2026-07-21,0,N,,male
CUST02048,devansh brahmbhatt,45.0,,Kolkata,Karnataka,BSNL,Pre-paid,839.0,46,10/10/2022,19-07-2026,0,0,isaacraghavan@example.com,MALE
CUST02049,Chandran Bahri,63.0,+919903777311,Indore,Assam,Airtel,prepaid,999.0,36,08/06/2023,18-06-2026,2,0,janujakashyap@example.net,Female
CUST02050,Jacob Ravi,49.0,+916723979881,Madras,Meghalaya,Vi,POSTPAID,1199.0,15,20250427,20260711,1,,shroffqushi@example.net,female
CUST02051,Lakshit Raja,48.0,+91 25496 60702,PATNA,Mizoram,BSNL,Post-paid,999.0,6,2026-01-22,2026-06-22,5,0,bsem@example.com,F
CUST02052,Gunbir Morar,54.0,+91 42685 44606,pune,Punjab,Jio,POST PAID,1499.0,78,23/02/2020,2026-07-15,0,0,sethjyoti@example.net,Female
CUST02053,Mason Nair,40.0,+915044624044,CHENNAI,Chhattisgarh,Vi,PREPAID,199.0,39,20230508,29-05-2026,4,n,yashasvi55@example.com,FEMALE
CUST02054,Jatin Bakshi,26.0,+91 06605 80856,Mumbai,Tamil Nadu,Airtel,,299.0,29,20240303,21 Jul 2026,1,0,egola@example.org,
CUST02055,DAKSH COMAR,53.0,07722696673,MUM,Arunachal Pradesh,Jio,POST PAID,699.0,36,2023-08-06,14-07-2026,1,NO,pooja42@example.net,M
CUST02056,MADHAV MAMMEN,49.0,+919212719526,jaipur,Haryana,Vi,Post-paid,499.0,35,09/05/2023,20260710,1,n,ksrivastava@example.org,FEMALE
CUST02057,Ucchal Nori,26.0,+918196348130,bangalore,Andhra Pradesh,Airtel,Prepaid,399.0,56,14-12-2021,07/07/2026,1,n,lbedi@example.org,female
CUST02058,Anya Sama,35.0,+916101061958,CHENNAI,Andhra Pradesh,Airtel,PRE PAID,839.0,44,20221209,20-07-2026,1,0,pkhanna@example.org,MALE
CUST02059,Tripti Lad,21.0,,PUNE,Uttarakhand,Vi,PRE PAID,99.0,46,10/10/2022,13-07-2026,0,,ishitaoak@example.net,Male
CUST02060,ARJUN GALA,,,DELHI,Telangana,Airtel,,999.0,84,27-08-2019,2026-06-23,5,Y,jeremiahnayak@example.com,male
CUST02061,Aarnav Nadkarni,55.0,,Calcutta,Uttar Pradesh,Airtel,prepaid,199.0,62,20210617,16/07/2026,1,N,widisha91@example.org,female
CUST02062,Owen Krish,45.0,+913333056131,Bhopal,Maharashtra,Vi,,299.0,12,26/07/2025,07/10/2026,0,NO,mitrabhavika@example.com,M
CUST02063,yatan mital,51.0,91-98308-79933,Jaipur,Uttarakhand,Airtel,PREPAID,499.0,28,02 Apr 2024,20260719,0,N,patrickmutti@example.com,MALE
CUST02064,Anita Walia,35.0,05862835880,BHOPAL,Arunachal Pradesh,Jio,Pre-paid,839.0,3,22 Apr 2026,2026-05-31,5,,viraj85@example.com,
CUST02065,Urvi Acharya,51.0,+91 64840 92702,Ahmedabad,West Bengal,Jio,prepaid,399.0,36,06/08/2023,20260717,0,NO,baghyawatipuri@example.org,
CUST02066,Panini Chokshi,24.0,91-96586-68140,mumbai,Assam,Vi,prepaid,599.0,60,16-08-2021,07/13/2026,0,0,balveershere@example.net,Female
CUST02067,vasana konda,48.0,,surat,Andhra Pradesh,BSNL,PREPAID,299.0,25,20240701,2026-07-11,1,N,,M
CUST02068,Yug Doshi,,,pune,Tripura,Airtel,Pre-paid,,33,04 Nov 2023,19-07-2026,0,n,sampathmadhav@example.com,MALE
CUST02069,Yash Buch,45.0,6900897303,nagpur,Maharashtra,Airtel,,399.0,64,04/18/2021,07/10/2026,1,0,sathvik74@example.net,male
CUST02070,Pallavi Brahmbhatt,25.0,+91 33343 17274,CHENNAI,Mizoram,Vi,PREPAID,999.0,1,21/06/2026,2026-07-14,0,n,advikkapadia@example.net,MALE
CUST02071,Darsh Mangat,31.0,91-07857-78846,Patna,Uttar Pradesh,Airtel,prepaid,499.0,16,2025-03-28,07/08/2026,1,NO,omutti@example.net,
CUST02072,Harsh Dey,46.0,,Bengaluru,Odisha,Jio,POSTPAID,799.0,52,20220413,21/07/2026,0,,omvirk@example.org,Female
CUST02073,Qasim Atwal,43.0,03547374571,HYDERABAD,West Bengal,Vi,prepaid,299.0,56,14 Dec 2021,2026-07-10,0,,aishanisetty@example.com,
CUST02074,Falan Mannan,28.0,,mumbai,Haryana,Airtel,POST PAID,799.0,17,26/02/2025,08/06/2026,2,N,rbains@example.org,female
CUST02075,Pranit Sethi,64.0,+91 40042 10997,LUCKNOW,Karnataka,BSNL,prepaid,199.0,32,2023-12-04,07/14/2026,1,n,praneelsarin@example.org,MALE
CUST02076,anika cherian,63.0,+917989097892,surat,Rajasthan,Jio,POST PAID,699.0,75,20200523,2026-07-13,0,0,naikmanan@example.net,F
CUST02077,Advika Majumdar,34.0,07445632250,patna,Manipur,BSNL,Pre-paid,399.0,17,20250226,24 Jun 2026,2,NO,charvi96@example.org,M
CUST02078,Urvi Sidhu,27.0,+913714243880,Indore,Nagaland,Vi,Post-paid,1999.0,34,05-10-2023,21 Jul 2026,0,NO,rayaan09@example.com,male
CUST02079,Ishaan Parmar,24.0,2072159805,Bhopal,Punjab,BSNL,Prepaid,599.0,78,2020-02-23,20260718,1,NO,boramanan@example.net,F
CUST02080,Damyanti Borah,27.0,+913855507932,Chennai,Himachal Pradesh,BSNL,,99.0,69,19-11-2020,20260602,4,Y,lalaalka@example.com,Female
CUST02081,Ati Arya,44.0,06415118222,Mumbai,Bihar,Airtel,Postpaid,1199.0,1,2026-06-21,09/07/2026,1,N,waida06@example.com,Female
CUST02082,Upkaar Borde,50.0,+91 42735 02214,Patna,Gujarat,Airtel,PREPAID,999.0,28,02 Apr 2024,11 Jul 2026,0,,sureshekta@example.com,Male
CUST02083,FINN BALA,36.0,+91 35194 19979,Delhi,Odisha,Vi,Prepaid,,79,20200124,2026-07-17,0,,leela75@example.com,male
CUST02084,faraj sodhi,37.0,,Indore,Arunachal Pradesh,Airtel,Prepaid,719.0,56,14/12/2021,20-07-2026,1,N,chandowen@example.net,Female
CUST02085,Naksh Khanna,57.0,91-67127-94401,Lucknow,Bihar,Jio,POST PAID,699.0,48,11/08/2022,20260527,4,Y,hitesh54@example.org,FEMALE
CUST02086,Gagan Soman,54.0,0228540402,Indore,Sikkim,BSNL,Pre-paid,99.0,26,01-06-2024,2026-07-15,1,,chatterjeelakshmi@example.net,MALE
CUST02087,IJAYA BUMB,39.0,,NAGPUR,Odisha,Jio,PRE PAID,839.0,44,12/09/2022,2026-07-20,0,0,chakradhar85@example.com,
CUST02088,Vansha Ray,19.0,,New Delhi,Kerala,Jio,POSTPAID,999.0,29,2024-03-03,07/16/2026,0,NO,vedant01@example.net,
CUST02089,Benjamin Ratta,41.0,,Bombay,Tripura,Vi,PREPAID,99.0,33,04-11-2023,09 Jul 2026,1,0,,
CUST02090,Bimala Halder,50.0,,Madras,,Airtel,prepaid,999.0,58,20211015,07 Jul 2026,1,n,achada@example.org,male
CUST02091,REVA RAY,64.0,9251211894,Amdavad,Manipur,Vi,POSTPAID,1499.0,9,10/24/2025,01-06-2026,3,N,yadavirege@example.org,MALE
CUST02092,Luke Mander,20.0,06407556941,bhopal,Uttar Pradesh,Airtel,Pre-paid,399.0,7,23/12/2025,08/07/2026,0,NO,battaamruta@example.com,MALE
CUST02093,Chasmum Murty,41.0,06576406336,indore,West Bengal,Vi,PREPAID,719.0,61,07/17/2021,07/20/2026,1,N,daliaadweta@example.net,MALE
CUST02094,Bishakha Borah,56.0,08515628379,lucknow,Rajasthan,Jio,prepaid,999.0,36,06/08/2023,07/07/2026,0,NO,tripti32@example.org,M
CUST02095,Unnati Mittal,,+915816549806,NCR,Haryana,BSNL,Pre-paid,599.0,69,11/19/2020,09 Jul 2026,0,n,rohangera@example.org,female
CUST02096,Jagrati Dugal,28.0,+912866227192,bhopal,Haryana,BSNL,Post-paid,1499.0,40,04/08/2023,21/07/2026,0,0,oeshi41@example.org,M
CUST02097,Imaran Tara,44.0,91-47665-71640,Poona,Nagaland,BSNL,,719.0,21,29/10/2024,09 Jul 2026,0,NO,yashawinidhawan@example.com,female
CUST02098,Zilmil Bose,29.0,+91 48109 95781,Nagpur,Manipur,Jio,POSTPAID,999.0,35,,20260720,1,0,jackray@example.org,MALE
CUST02099,GIRINDRA MAJUMDAR,52.0,06069624989,indore,Rajasthan,BSNL,POSTPAID,1199.0,2,2026-05-22,21 Jun 2026,2,n,kmangat@example.org,female
CUST02100,JAGRATI DUTTA,42.0,91-61306-35485,JAIPUR,Tripura,Jio,POSTPAID,399.0,72,2020-08-21,21 Jul 2026,1,n,meghana87@example.org,
CUST02101,Karan Sandal,64.0,+91 24938 71389,Jaipur,Tripura,Vi,,719.0,84,27-08-2019,08-07-2026,1,n,jagat06@example.org,
CUST02102,Logan Chandra,62.0,+917824566363,patna,Bihar,Vi,PRE PAID,299.0,57,11/14/2021,07/20/2026,1,NO,chakradharsawhney@example.com,F
CUST02103,Rohan Bora,,+91 01503 43162,Amdavad,Uttar Pradesh,Jio,prepaid,839.0,26,01/06/2024,15/07/2026,0,0,mde@example.com,FEMALE
CUST02104,Vedant Dora,42.0,8972870245,delhi,Tripura,Airtel,prepaid,719.0,42,2023-02-07,2026-07-19,0,NO,mekhalakaur@example.net,M
CUST02105,Pavani D’Alia,55.0,4571615633,Ahmedabad,Telangana,Airtel,PREPAID,,74,2020-06-22,20260531,5,n,mvenkataraman@example.com,F
CUST02106,Abdul Soni,52.0,91-90350-34206,BLR,Odisha,Airtel,prepaid,599.0,30,02-02-2024,15 Jul 2026,1,0,fiyazdash@example.com,F
CUST02107,Bhavika Lal,33.0,7858733466,surat,Sikkim,BSNL,Pre-paid,839.0,68,2020-12-19,20260712,0,N,mgarg@example.net,FEMALE
CUST02108,Jagrati Sabharwal,51.0,+91 25704 45542,Bombay,Chhattisgarh,BSNL,PRE PAID,399.0,64,18-04-2021,2026-07-08,1,NO,ramachandranvarenya@example.com,Female
CUST02109,Aahana Bhalla,25.0,+91 60807 53939,bhopal,Madhya Pradesh,Vi,Pre-paid,719.0,37,2023-07-07,20260712,1,,jagdishmutti@example.net,FEMALE
CUST02110,Nathaniel Baral,50.0,+91 05363 47167,Mumbai,Assam,BSNL,Pre-paid,399.0,43,08 Jan 2023,20260708,1,NO,calebbath@example.net,male
CUST02111,Krish Madan,53.0,+91 59218 93105,HYDERABAD,Uttarakhand,Jio,POST PAID,699.0,75,23-05-2020,2026-07-19,1,,bhattnaveen@example.org,male
CUST02112,Nidra Chakrabarti,60.0,91-05663-26246,Bhopal,Haryana,BSNL,prepaid,719.0,42,20230207,30 Jun 2026,5,0,finnsampath@example.com,female
CUST02113,Krish Nadkarni,32.0,1124586154,BHOPAL,Rajasthan,Vi,PRE PAID,839.0,62,17-06-2021,2026-07-15,1,NO,kashish78@example.org,female
CUST02114,Saanvi Tailor,,9602339804,,Sikkim,Jio,Postpaid,1999.0,21,29/10/2024,19/07/2026,0,,aayush26@example.com,FEMALE
CUST02115,Raksha Bains,46.0,91-85114-77716,Patna,Bihar,Airtel,POST PAID,1499.0,14,27 May 2025,31/05/2026,5,,jjoshi@example.net,FEMALE
CUST02116,Yamini Din,61.0,02608358897,JAIPUR,Karnataka,Airtel,postpaid,499.0,12,26 Jul 2025,13 Jul 2026,0,n,dkrish@example.org,M
CUST02117,Falak Singh,51.0,91-88145-39241,Hyd,Meghalaya,Vi,Postpaid,699.0,79,20200124,2026-07-15,1,n,chaudrylakshit@example.com,male
CUST02118,Garima Narang,54.0,1578644829,Hyderabad,Gujarat,Airtel,POSTPAID,399.0,19,20241228,07/19/2026,1,NO,,F
CUST02119,ikshita kuruvilla,60.0,+91 25624 43762,Lucknow,Arunachal Pradesh,BSNL,PREPAID,399.0,21,29-10-2024,07/09/2026,1,NO,dalaja65@example.com,MALE
CUST02120,Neha Chawla,41.0,05753882578,INDORE,Manipur,Airtel,POSTPAID,1999.0,25,2024-07-01,20260714,0,N,ndalal@example.org,
CUST02121,Peter Sandhu,50.0,5891862393,kolkata,Rajasthan,Airtel,Post-paid,1999.0,9,2025-10-24,07/13/2026,0,,chatura64@example.org,Male
CUST02122,aachal chaudhry,59.0,6859003708,Indore,Chhattisgarh,Airtel,prepaid,99.0,7,2025-12-23,07/14/2026,0,,vohraadvaith@example.org,Male
CUST02123,Charita Dora,27.0,91-05629-26692,CHENNAI,Nagaland,Jio,POSTPAID,1499.0,58,15/10/2021,21-06-2026,2,n,azaan14@example.org,FEMALE
CUST02124,Anya Kothari,55.0,91-88535-91358,PUNE,Chhattisgarh,Airtel,,999.0,19,28 Dec 2024,19 Jul 2026,0,N,joshiumang@example.com,male
CUST02125,Chakradhar Dhawan,53.0,+913927541387,kolkata,Arunachal Pradesh,BSNL,prepaid,149.0,69,,20260718,0,0,qmuni@example.org,female
CUST02126,GANGA PATLA,28.0,+91 49914 10717,KOLKATA,Tamil Nadu,Jio,Pre-paid,149.0,38,07/06/2023,2026-07-15,0,0,,female
CUST02127,Chaitaly Narasimhan,62.0,91-53724-44971,Indore,Madhya Pradesh,Vi,POST PAID,999.0,64,20210418,13/06/2026,3,0,zshanker@example.net,Male
CUST02128,Yachana Pall,21.0,7089538970,PATNA,Nagaland,Airtel,PREPAID,149.0,75,23-05-2020,07/16/2026,1,NO,mahikabahri@example.net,
CUST02129,EESHA NAGI,39.0,09931804479,Indore,Haryana,BSNL,,719.0,29,2024-03-03,19-07-2026,1,0,ishamani@example.com,MALE
CUST02130,ansh varughese,60.0,+91 09171 95372,Indore,Gujarat,Jio,,599.0,43,08 Jan 2023,07/19/2026,1,N,paninisastry@example.net,female
CUST02131,Wriddhish Dani,33.0,+91 98288 36700,surat,Odisha,Airtel,PREPAID,499.0,16,03/28/2025,17/07/2026,1,N,dbhatia@example.org,FEMALE
CUST02132,Kalpit Karnik,40.0,+918616584130,NAGPUR,Uttarakhand,BSNL,Postpaid,1999.0,13,06/26/2025,11/07/2026,0,N,,MALE
CUST02133,Reva Contractor,60.0,,Amdavad,Arunachal Pradesh,Jio,PRE PAID,149.0,54,2022-02-12,17/07/2026,0,N,rushilbanerjee@example.org,MALE
CUST02134,Xiti Bhargava,32.0,8123053252,Kolkata,,BSNL,,199.0,60,16/08/2021,11/07/2026,0,n,idikakota@example.net,FEMALE
CUST02135,Indali Ganesh,24.0,+91 07452 05009,Chennai,Nagaland,Airtel,,199.0,81,25 Nov 2019,,4,0,fchokshi@example.com,F
CUST02136,ANJALI SAMPATH,28.0,+917508267039,NCR,Andhra Pradesh,Vi,PRE PAID,,3,2026-04-22,26/06/2026,4,Y,jkrishnamurthy@example.com,F
CUST02137,Zansi Sastry,25.0,,Lucknow,Uttarakhand,Airtel,PRE PAID,499.0,36,06-08-2023,06/29/2026,4,Y,bandiinaya@example.net,male
CUST02138,avni lata,54.0,+91 78356 36405,patna,Arunachal Pradesh,Airtel,POSTPAID,699.0,46,10/10/2022,07/11/2026,0,n,maanav27@example.com,FEMALE
CUST02139,AMRUTA KARI,63.0,+91 04203 07353,bhopal,Nagaland,Vi,POST PAID,1499.0,61,07/17/2021,2026-07-15,0,0,mekhalashroff@example.org,
CUST02140,Kalpit Sridhar,21.0,4814443944,Poona,Andhra Pradesh,BSNL,Prepaid,99.0,78,23-02-2020,20260603,4,Y,isood@example.com,Female
CUST02141,Christopher Mital,57.0,+917771358996,jaipur,,Jio,PREPAID,999.0,36,20230806,20 Jul 2026,1,n,ptank@example.com,
CUST02142,Akshay Dugal,21.0,,AHMEDABAD,Haryana,Jio,POSTPAID,799.0,74,2020-06-22,03 Jul 2026,5,NO,,Male
CUST02143,Fariq Sarraf,25.0,+91 24161 77237,BHOPAL,Goa,Vi,Postpaid,1999.0,21,29-10-2024,27/05/2026,4,Y,ronith28@example.org,F
CUST02144,William Narasimhan,,03137447156,Surat,Madhya Pradesh,Vi,Pre-paid,839.0,16,20250328,2026-07-17,1,N,labanlad@example.org,
CUST02145,Yatan Grewal,24.0,02620767957,JAIPUR,Maharashtra,Jio,,839.0,56,14 Dec 2021,07/03/2026,2,Y,wyattyadav@example.org,M
CUST02146,Chanchal Dash,60.0,91-51108-17831,indore,Arunachal Pradesh,BSNL,PREPAID,719.0,77,20200324,06/15/2026,5,,jnatt@example.com,F
CUST02147,Amol Pathak,44.0,+91 71255 07584,Amdavad,Haryana,Vi,Post-paid,499.0,65,03/19/2021,2026-07-13,0,0,xavier02@example.com,Female
CUST02148,Rayaan Hayre,21.0,+917175663579,Hyd,Chhattisgarh,Vi,POST PAID,999.0,27,02 May 2024,2026-06-03,4,n,,Female
CUST02149,Vanya Tandon,55.0,,Jaipur,Maharashtra,Vi,POST PAID,799.0,38,06/07/2023,20/07/2026,0,NO,munibalvan@example.net,
CUST02150,Aahana Chaudhari,42.0,02710684666,patna,Odisha,Jio,postpaid,1199.0,34,20231005,29 Jun 2026,4,N,,M
CUST02151,raagini keer,28.0,,Madras,Bihar,Vi,POSTPAID,1999.0,75,23/05/2020,06/17/2026,4,N,bachittardesai@example.org,Female
CUST02152,chanakya cherian,23.0,01350336689,INDORE,Sikkim,Jio,Prepaid,199.0,65,03/19/2021,15-07-2026,1,NO,jasonpradhan@example.org,Male
CUST02153,Sai Dua,34.0,+917604128177,HYDERABAD,Meghalaya,BSNL,POST PAID,1199.0,15,27-04-2025,16/07/2026,1,,ylad@example.org,
CUST02154,Max Sami,41.0,+91 47120 07316,Chennai,Kerala,Jio,Post-paid,999.0,23,30/08/2024,20260707,0,n,ikakar@example.org,FEMALE
CUST02155,Upma Vyas,39.0,00588419482,PUNE,Jharkhand,Vi,POSTPAID,699.0,26,2024-06-01,20260712,0,,hchaudry@example.net,FEMALE
CUST02156,upma babu,62.0,91-70721-85082,MUMBAI,Bihar,BSNL,Prepaid,599.0,14,05/27/2025,13 Jul 2026,1,0,udyati91@example.org,M
CUST02157,Charita Mani,36.0,+913578141277,Indore,Nagaland,BSNL,,199.0,45,09 Nov 2022,21/07/2026,0,N,gaurangwalia@example.net,Female
CUST02158,Sneha Srinivasan,59.0,91-07432-62843,Bhopal,Karnataka,Airtel,Pre-paid,299.0,20,28/11/2024,07/20/2026,0,,geetika11@example.org,male
CUST02159,Ekaja Gade,33.0,,HYDERABAD,Arunachal Pradesh,Vi,PREPAID,199.0,62,17-06-2021,19-07-2026,1,n,yatanpandey@example.org,F
CUST02160,Krishna Mahajan,36.0,02412963597,Bhopal,Tamil Nadu,Jio,POST PAID,499.0,4,23 Mar 2026,07/13/2026,0,,fperi@example.org,
CUST02161,Mohammed Iyengar,35.0,91-94444-29737,MUMBAI,Tamil Nadu,Jio,Prepaid,299.0,79,24-01-2020,14/07/2026,1,N,finn57@example.net,female
CUST02162,Gayathri Keer,42.0,1264569675,Kolkata,Madhya Pradesh,Jio,POSTPAID,1199.0,64,18-04-2021,2026-05-29,3,N,bbava@example.org,Female
CUST02163,LOPA RAMAN,31.0,91-84103-41137,PATNA,Chhattisgarh,Jio,,499.0,30,2024-02-02,07/09/2026,1,n,lbava@example.org,
CUST02164,Nakul Mani,19.0,06488639987,BENGALURU,Tripura,BSNL,PREPAID,599.0,6,22-01-2026,2026-07-11,1,0,,M
CUST02165,Elijah Varkey,26.0,,Bengaluru,Nagaland,Jio,postpaid,799.0,68,19/12/2020,07/08/2026,0,NO,neel10@example.com,F
CUST02166,Indrajit Sandhu,42.0,4659239659,BHOPAL,Haryana,BSNL,PRE PAID,,49,2022-07-12,2026-07-09,0,N,htandon@example.org,Male
CUST02167,lakshmi bhattacharyya,62.0,,Poona,Haryana,Airtel,Prepaid,839.0,68,,20260713,1,NO,naveendara@example.com,
CUST02168,Jonathan Morar,49.0,08938212101,Patna,,Jio,Pre-paid,149.0,54,12 Feb 2022,09 Jul 2026,0,N,anika64@example.net,FEMALE
CUST02169,Wridesh Lanka,45.0,,SURAT,Uttar Pradesh,Vi,Prepaid,199.0,82,26-10-2019,12/07/2026,1,0,aarnav90@example.org,F
CUST02170,Lopa Balay,47.0,,hyderabad,Gujarat,Jio,Postpaid,1199.0,83,,06/12/2026,3,Y,,
CUST02171,Rachita Baria,51.0,+91 39170 13898,Ahmedabad,,Jio,POST PAID,1999.0,4,23 Mar 2026,20260626,3,n,jainbalvan@example.net,Female
CUST02172,Zinal Chanda,26.0,4101442305,surat,Tripura,BSNL,Post-paid,799.0,18,,2026-07-08,0,NO,qsetty@example.org,Male
CUST02173,Utkarsh Sarna,52.0,9390316964,KOLKATA,Manipur,BSNL,PREPAID,299.0,34,10/05/2023,20260720,0,,tandonvihaan@example.net,male
CUST02174,Abdul Parekh,61.0,8597664692,nagpur,Bihar,Airtel,POSTPAID,499.0,81,11/25/2019,07/07/2026,1,0,luckylad@example.net,MALE
CUST02175,Megha Kalla,60.0,91-20013-76835,LUCKNOW,Bihar,Jio,POST PAID,999.0,43,20230108,2026-07-14,1,NO,gulativedhika@example.com,MALE
CUST02176,Radha Sengupta,47.0,+913002030433,nagpur,Haryana,Jio,POSTPAID,699.0,41,09/03/2023,05-06-2026,2,0,krishmital@example.com,Male
CUST02177,Imaran Jha,21.0,1985448066,CHENNAI,West Bengal,Airtel,Post-paid,1199.0,73,20200722,20260721,1,NO,yaminibutala@example.com,MALE
CUST02178,Chatura Gaba,,+91 21415 23877,KOLKATA,Karnataka,BSNL,PREPAID,,45,09-11-2022,2026-06-11,4,n,oviyanagi@example.net,Female
CUST02179,Rohan Jayaraman,37.0,+913360620376,Indore,Jharkhand,BSNL,POSTPAID,799.0,52,13/04/2022,07/13/2026,0,NO,ektamore@example.net,
CUST02180,yashica chander,42.0,+91 00559 31994,Bombay,Assam,Airtel,prepaid,999.0,56,20211214,2026-07-15,0,0,paiteerth@example.com,M
CUST02181,Umang Nazareth,24.0,4508906603,Bangalore,Tripura,Jio,POST PAID,699.0,54,02/12/2022,2026-06-16,4,0,kalpit15@example.net,Female
CUST02182,Chakrika Apte,65.0,4445816494,Delhi,Meghalaya,Jio,Prepaid,599.0,32,2023-12-04,16 Jun 2026,3,n,lajita61@example.net,MALE
CUST02183,ANIRUDH AGARWAL,59.0,9060812570,Ahmedabad,Odisha,Airtel,POST PAID,1999.0,81,25/11/2019,12 Jul 2026,1,,madanjagdish@example.org,FEMALE
CUST02184,MANTHAN EDWIN,19.0,+910219797647,,Punjab,BSNL,POST PAID,1499.0,7,,07/12/2026,1,n,,male
CUST02185,aashi agrawal,26.0,00261422847,PUNE,Bihar,Jio,POST PAID,1499.0,43,01/08/2023,2026-07-16,0,NO,ksodhi@example.net,
CUST02186,Ekavir Bala,46.0,91-29171-41121,MUM,,Vi,postpaid,799.0,49,12 Jul 2022,11 Jul 2026,0,N,randhawagopal@example.net,MALE
CUST02187,YAHVI AURORA,50.0,91-82952-19385,Surat,Himachal Pradesh,BSNL,PRE PAID,299.0,81,25-11-2019,22/06/2026,4,0,,female
CUST02188,Turvi Badal,61.0,+91 88312 06053,bhopal,Sikkim,BSNL,postpaid,1999.0,75,23 May 2020,20260708,0,n,,Male
CUST02189,Girik Dugal,34.0,91-87642-73009,Bhopal,Bihar,BSNL,PREPAID,839.0,67,2021-01-18,07/20/2026,0,0,william15@example.com,
CUST02190,JANAKI SARAN,44.0,0732819750,CHENNAI,Mizoram,Jio,PRE PAID,99.0,35,2023-09-05,12-06-2026,3,N,mbakshi@example.net,female
CUST02191,Shaurya Jayaraman,49.0,01727753995,Poona,Mizoram,Vi,Post-paid,999.0,30,02/02/2024,2026-07-07,0,N,hansbaljiwan@example.com,Male
CUST02192,Niharika Bawa,35.0,2946897616,Surat,Chhattisgarh,Vi,prepaid,199.0,74,2020-06-22,18 Jul 2026,0,N,arjun43@example.com,FEMALE
CUST02193,Bhavya Mangat,39.0,9034138651,CHENNAI,Maharashtra,BSNL,Postpaid,1199.0,52,04/13/2022,07 Jul 2026,1,N,kariwarhi@example.net,M
CUST02194,sneha mistry,56.0,91-12998-24861,Pune,Gujarat,Vi,Prepaid,299.0,79,2020-01-24,20260629,4,Y,,F
CUST02195,Harrison Pathak,38.0,+914681966230,Bangalore,Maharashtra,Vi,Prepaid,999.0,44,20221209,06-06-2026,4,0,maanas20@example.org,M
CUST02196,Jagvi Agarwal,32.0,06826144645,jaipur,Telangana,Vi,Prepaid,839.0,9,24/10/2025,07/10/2026,0,0,pallavrishti@example.com,FEMALE
CUST02197,Keya Palan,57.0,+916539794474,Hyderabad,Maharashtra,BSNL,,719.0,41,03/09/2023,07/17/2026,0,NO,zdevi@example.net,male
CUST02198,Zansi Bumb,27.0,91-23089-12294,PATNA,Sikkim,BSNL,,499.0,21,2024-10-29,20260708,0,,mahika85@example.org,male
CUST02199,Ansh Chaudhary,64.0,+911928324951,Delhi,Maharashtra,Jio,Post-paid,399.0,76,04/23/2020,31/05/2026,4,Y,golemason@example.com,F
CUST02200,Eshana Lala,48.0,91-67930-72178,Delhi,Uttar Pradesh,Jio,Postpaid,1999.0,39,20230508,07/09/2026,1,0,megha23@example.net,male
CUST02201,Jairaj Nanda,41.0,07311135492,BHOPAL,Arunachal Pradesh,Vi,postpaid,1999.0,23,30-08-2024,17/07/2026,1,0,sabharwalrobert@example.org,Male
CUST02202,Hitesh Ghose,27.0,0460846740,Patna,Himachal Pradesh,Vi,PRE PAID,149.0,50,20220612,06/04/2026,3,Y,qtara@example.org,FEMALE
CUST02203,Yatan Murthy,40.0,+912750736132,delhi,Arunachal Pradesh,Airtel,Post-paid,999.0,70,20/10/2020,16/07/2026,0,0,acharyasathvik@example.com,F
CUST02204,KAVYA DAS,56.0,7197969781,Surat,Odisha,Airtel,Post-paid,499.0,14,05/27/2025,06/06/2026,3,0,rattanvedhika@example.com,female
CUST02205,Kiaan Varughese,26.0,+915197096273,lucknow,Karnataka,Airtel,postpaid,1999.0,7,23 Dec 2025,26/06/2026,2,NO,hanseta@example.com,
CUST02206,Rishi Pradhan,26.0,8737014498,PUNE,Mizoram,BSNL,,399.0,65,19 Mar 2021,17/06/2026,4,N,madhav91@example.net,FEMALE
CUST02207,Nidra Lata,55.0,+918642151126,Jaipur,Meghalaya,Jio,PREPAID,999.0,46,10/10/2022,18-07-2026,0,,vbhattacharyya@example.com,female
CUST02208,Faraj Magar,60.0,7730142352,chennai,Uttar Pradesh,BSNL,PREPAID,719.0,55,20220113,20260626,5,n,ysethi@example.com,FEMALE
CUST02209,Megha Mangal,32.0,00666029729,pune,Himachal Pradesh,Vi,postpaid,999.0,62,,2026-07-21,1,0,kavya98@example.net,
CUST02210,Kamya Mall,31.0,91-26237-50543,Bombay,Bihar,Airtel,POSTPAID,1499.0,8,23-11-2025,20260708,1,N,gopal80@example.net,male
CUST02211,Alka Dugar,40.0,+910230710564,BHOPAL,,BSNL,Pre-paid,299.0,67,18 Jan 2021,08 Jul 2026,1,,chakradev68@example.net,Male
CUST02212,Warinder Dhaliwal,44.0,9639214819,hyderabad,Chhattisgarh,BSNL,prepaid,149.0,35,05-09-2023,07/08/2026,1,N,gayathri67@example.net,female
CUST02213,Vinaya Verma,39.0,06799266243,,Meghalaya,BSNL,PREPAID,99.0,7,20251223,10-07-2026,0,NO,kaurtamanna@example.net,M
CUST02214,Harini Virk,32.0,6875741228,jaipur,Mizoram,Vi,postpaid,1499.0,84,2019-08-27,10 Jun 2026,3,N,girish27@example.com,F
CUST02215,Liam Swamy,38.0,+91 57142 70931,Chennai,Punjab,Vi,,839.0,5,20260221,10-06-2026,3,,tanaychandran@example.org,female
CUST02216,fariq reddy,53.0,+916609028854,Chennai,Rajasthan,Vi,,199.0,16,2025-03-28,15/07/2026,1,NO,manderronith@example.org,F
CUST02217,ansh datta,21.0,+915288764688,BHOPAL,,Vi,postpaid,699.0,33,04/11/2023,07-07-2026,1,N,hamsini19@example.com,F
CUST02218,Yashvi Mann,24.0,2314488636,NAGPUR,,Vi,POST PAID,999.0,50,12 Jun 2022,08 Jul 2026,0,0,qoommen@example.com,FEMALE
CUST02219,Tara Basak,30.0,91-29081-16096,Calcutta,Madhya Pradesh,BSNL,prepaid,719.0,45,20221109,03/07/2026,4,,horanathan@example.net,female
CUST02220,Akshay Bandi,57.0,09860077571,indore,West Bengal,Airtel,prepaid,299.0,1,21/06/2026,11-07-2026,0,N,varmaati@example.net,male
CUST02221,Wyatt Sangha,60.0,+919519809599,patna,Chhattisgarh,Airtel,Postpaid,1199.0,37,07/07/2023,09/07/2026,1,,etabhatia@example.com,female
CUST02222,indira kurian,,2467769688,NAGPUR,,Airtel,prepaid,149.0,30,02 Feb 2024,2026-07-18,0,,,Male
CUST02223,Vanya Mani,,91-34349-17100,PATNA,Arunachal Pradesh,BSNL,postpaid,699.0,22,2024-09-29,13 Jul 2026,1,n,madhavimemon@example.net,Female
CUST02224,Siddharth Sarin,39.0,+919286369341,patna,Odisha,Vi,Post-paid,1999.0,32,12/04/2023,2026-07-16,0,0,sjha@example.com,male
CUST02225,Anya Sastry,53.0,,Madras,Karnataka,Airtel,PREPAID,399.0,45,09-11-2022,11/06/2026,5,Y,maharajtanveer@example.com,FEMALE
CUST02226,Vidhi Sachar,55.0,2693609970,Madras,Kerala,BSNL,PRE PAID,199.0,38,2023-06-07,,1,NO,hemangini43@example.net,
CUST02227,Vamakshi Parsa,46.0,3770964225,Poona,Karnataka,Jio,postpaid,999.0,43,,22/06/2026,2,0,,F
CUST02228,Krishna Tank,35.0,4642255922,Hyderabad,Haryana,Jio,Postpaid,499.0,25,,2026-07-08,1,N,wriddhish27@example.org,male
CUST02229,Advaith Bail,51.0,+91 29166 04009,SURAT,Goa,Jio,Post-paid,1999.0,78,2020-02-23,2026-07-18,0,,krishavyas@example.com,F
CUST02230,Ijaya Agarwal,59.0,91-22264-92327,jaipur,Arunachal Pradesh,BSNL,postpaid,999.0,37,07/07/2023,21/07/2026,0,n,duttawakeeta@example.org,MALE
CUST02231,Thomas Sane,28.0,07164843514,surat,Madhya Pradesh,Vi,Post-paid,799.0,24,31-07-2024,16-06-2026,3,0,unni09@example.com,female
CUST02232,Logan Sahota,40.0,91-85391-11308,Jaipur,Gujarat,Airtel,POSTPAID,399.0,82,10/26/2019,20260619,5,n,pratyushsamra@example.net,MALE
CUST02233,Radha Joshi,51.0,+913312652810,BENGALURU,Chhattisgarh,Airtel,POST PAID,1999.0,74,22 Jun 2020,2026-05-24,2,NO,kalejeet@example.org,
CUST02234,Ansh Tripathi,59.0,3936223393,hyderabad,Rajasthan,Vi,PRE PAID,839.0,32,04-12-2023,21-07-2026,1,0,fchakrabarti@example.org,Male
CUST02235,Jatin Yadav,60.0,91-07726-92523,Mumbai,Manipur,Vi,Post-paid,1199.0,67,18/01/2021,2026-06-23,3,Y,dhriti93@example.net,F
CUST02236,Thomas Chatterjee,50.0,91-93178-58787,bangalore,Goa,Airtel,prepaid,399.0,71,09/20/2020,06/13/2026,3,Y,qwason@example.org,M
CUST02237,Rajeshri Bajaj,20.0,91-71999-46501,Surat,Bihar,BSNL,Pre-paid,299.0,81,25/11/2019,08-07-2026,1,0,saksham18@example.org,FEMALE
CUST02238,Michael Palla,37.0,+914877745994,PATNA,Punjab,Jio,Pre-paid,99.0,40,08 Apr 2023,15 Jul 2026,0,,tanmayi51@example.org,
CUST02239,Bishakha Sastry,22.0,91-55253-91255,patna,,Jio,PREPAID,99.0,22,29 Sep 2024,07/15/2026,1,n,reyanshanne@example.org,FEMALE
CUST02240,Gopal Dass,25.0,05836303928,BHOPAL,Madhya Pradesh,Airtel,Post-paid,1999.0,23,20240830,14-07-2026,0,NO,devika68@example.com,
CUST02241,Balendra Karpe,45.0,,JAIPUR,West Bengal,Jio,prepaid,199.0,51,2022-05-13,11-07-2026,0,0,balanlajita@example.org,MALE
CUST02242,Dev Lal,42.0,+910781277949,AHMEDABAD,Mizoram,Airtel,prepaid,399.0,58,15 Oct 2021,09/07/2026,1,NO,chaman19@example.com,F
CUST02243,Riya Rajagopalan,44.0,+913338316729,Pune,Haryana,BSNL,Prepaid,399.0,5,20260221,2026-07-17,0,,csharma@example.org,male
CUST02244,manthan walia,18.0,,New Delhi,West Bengal,Airtel,POSTPAID,399.0,26,06/01/2024,16/07/2026,1,NO,ibhakta@example.net,F
CUST02245,Warhi Yogi,49.0,+91 81233 16030,BHOPAL,Tamil Nadu,Vi,Postpaid,999.0,19,12/28/2024,20260715,0,NO,,F
CUST02246,Ishanvi Chokshi,22.0,07812893323,hyderabad,Telangana,Jio,,499.0,13,20250626,20260703,2,N,radhakrishnanfaqid@example.net,FEMALE
CUST02247,Ayushman Misra,46.0,,Jaipur,Meghalaya,BSNL,Prepaid,149.0,23,,2026-07-19,1,0,ssubramanian@example.net,F
CUST02248,Shivansh Padmanabhan,22.0,91-44516-19465,MUMBAI,,Vi,Postpaid,1199.0,42,02/07/2023,19 Jul 2026,0,N,nvora@example.org,Male
CUST02249,Pranav Anand,31.0,+912517013588,SURAT,Haryana,Jio,prepaid,599.0,32,04-12-2023,14-07-2026,0,,vkashyap@example.net,Female
CUST02250,Anvi Ghosh,37.0,1121261090,BHOPAL,Andhra Pradesh,BSNL,,299.0,16,03/28/2025,06/30/2026,5,Y,aggarwalabeer@example.com,FEMALE
CUST02251,Wridesh Shah,62.0,8355749085,ahmedabad,Uttarakhand,Jio,Pre-paid,999.0,37,07-07-2023,20-07-2026,1,NO,ishaan45@example.org,MALE
CUST02252,Tara Bansal,58.0,91-89960-99326,hyderabad,Assam,Jio,PRE PAID,399.0,20,28-11-2024,12-07-2026,1,NO,,female
CUST02253,Wakeeta Wason,36.0,91-15258-99967,BLR,Maharashtra,BSNL,PREPAID,839.0,27,02/05/2024,2026-07-02,5,Y,chackosamarth@example.com,
CUST02254,Osha Wali,61.0,+91 73469 86758,KOLKATA,Nagaland,Airtel,postpaid,799.0,59,15/09/2021,17/07/2026,0,N,samarthchauhan@example.com,FEMALE
CUST02255,Anika Dugar,64.0,91-36889-08964,mumbai,Jharkhand,Vi,Postpaid,1999.0,61,2021-07-17,07/09/2026,0,N,ybawa@example.com,F
CUST02256,Vrishti Barman,64.0,07366206272,bangalore,Telangana,Vi,POSTPAID,499.0,10,09/24/2025,11-07-2026,0,,,F
CUST02257,Yashasvi Prasad,41.0,07576811200,PUNE,Nagaland,Jio,,199.0,76,2020-04-23,16-07-2026,0,0,,male
CUST02258,Ekalinga Subramanian,57.0,,Madras,Bihar,BSNL,PREPAID,719.0,21,2024-10-29,07/14/2026,1,,bkale@example.com,F
CUST02259,Pahal Mahajan,64.0,91-43457-12840,NAGPUR,Madhya Pradesh,BSNL,PREPAID,999.0,67,18 Jan 2021,2026-07-13,0,,randhawaganga@example.com,F
CUST02260,Faris Bail,57.0,,LUCKNOW,Maharashtra,Airtel,Prepaid,719.0,71,20200920,22/06/2026,3,Y,oviyamerchant@example.org,Female
CUST02261,aayush chopra,51.0,05951556746,Calcutta,Odisha,Vi,Prepaid,199.0,71,09/20/2020,08-07-2026,1,,ydada@example.org,male
CUST02262,Matthew Jayaraman,57.0,+91 29447 63377,INDORE,Nagaland,Airtel,POST PAID,,38,06/07/2023,2026-07-11,0,n,nirja61@example.net,M
CUST02263,Andrew Thaman,39.0,7310802713,Madras,Gujarat,BSNL,Postpaid,999.0,2,22 May 2026,12 Jul 2026,0,0,,Male
CUST02264,Yatin Lall,53.0,00709419572,Bengaluru,Maharashtra,Airtel,PRE PAID,299.0,15,20250427,13-07-2026,1,,gopal06@example.com,Female
CUST02265,ISAAC SASTRY,32.0,+91 49230 81079,Nagpur,Mizoram,Airtel,Post-paid,399.0,81,25 Nov 2019,07/16/2026,0,n,chaudrybhavika@example.net,Male
CUST02266,Libni Thakur,54.0,8027152273,Poona,Rajasthan,Vi,Post-paid,799.0,42,07 Feb 2023,2026-07-12,1,NO,damyanti01@example.org,FEMALE
CUST02267,YASHAWINI SOLANKI,40.0,+915035783542,Delhi,Gujarat,Airtel,Postpaid,799.0,25,20240701,20 Jul 2026,1,,ranaraghav@example.com,F
CUST02268,Ganga Karpe,39.0,+917911074655,HYDERABAD,Madhya Pradesh,Vi,Postpaid,,3,2026-04-22,,1,,hbhagat@example.org,MALE
CUST02269,Ishani Ramachandran,18.0,08485013672,indore,,Jio,POST PAID,699.0,25,2024-07-01,20260628,2,NO,upkaarbiswas@example.com,FEMALE
CUST02270,Shivani Ratti,19.0,1209765835,Kolkata,Gujarat,Airtel,Pre-paid,299.0,73,22/07/2020,,4,Y,xitiram@example.com,Male
CUST02271,Gunbir Mammen,25.0,,Ahmedabad,Telangana,Jio,POST PAID,799.0,33,11/04/2023,20260620,2,NO,,MALE
CUST02272,Akshay Ram,56.0,+91 04765 95440,JAIPUR,Madhya Pradesh,Airtel,prepaid,99.0,23,08/30/2024,31 May 2026,2,,otata@example.net,male
CUST02273,Nandini Wable,28.0,8738432215,Bhopal,Meghalaya,Airtel,prepaid,399.0,67,20210118,12 Jul 2026,1,N,xiti44@example.org,female
CUST02274,Gautami Patla,40.0,,bangalore,Odisha,Airtel,PRE PAID,399.0,44,12/09/2022,07-07-2026,0,NO,pranav79@example.com,Female
CUST02275,Yug Bose,65.0,,Bangalore,Sikkim,Jio,Post-paid,699.0,1,21/06/2026,2026-07-19,0,N,,
CUST02276,Faris Parmer,30.0,+913863773642,HYDERABAD,Odisha,Airtel,,999.0,50,06/12/2022,10/07/2026,1,0,odhillon@example.com,M
CUST02277,Anita Mohan,21.0,+918691918098,bhopal,Meghalaya,Jio,postpaid,499.0,51,13-05-2022,07/10/2026,1,NO,anikananda@example.net,M
CUST02278,maanav amble,56.0,+91 70389 31364,Hyderabad,Andhra Pradesh,Airtel,Pre-paid,299.0,23,08/30/2024,12 Jun 2026,3,n,ckarnik@example.net,Female
CUST02279,Yashawini Pandya,34.0,07038171747,NCR,Kerala,Airtel,PREPAID,149.0,5,21 Feb 2026,16/07/2026,1,N,vincent56@example.net,Female
CUST02280,Upma Bala,62.0,07266931858,Madras,Andhra Pradesh,Jio,POSTPAID,699.0,51,13-05-2022,23-05-2026,4,0,narangmichael@example.org,Female
CUST02281,Joshua Garg,34.0,09263444830,Lucknow,Manipur,BSNL,postpaid,699.0,37,07 Jul 2023,2026-06-23,4,,,Female
CUST02282,Gaurangi Ramanathan,49.0,05710717806,surat,Punjab,BSNL,Postpaid,1499.0,22,29/09/2024,16-07-2026,1,0,swaminathanandrew@example.net,male
CUST02283,Hemani Saraf,47.0,91-13434-47762,indore,Assam,Airtel,PRE PAID,99.0,20,11/28/2024,07/15/2026,1,0,xyadav@example.com,M
CUST02284,LEELA BAHL,57.0,,bhopal,Uttarakhand,Vi,Postpaid,1999.0,80,20191225,20260715,1,n,gautambalan@example.com,Male
CUST02285,Kabir Khurana,64.0,07862631413,Hyderabad,West Bengal,Vi,PRE PAID,719.0,56,14-12-2021,2026-07-12,0,NO,dparmar@example.com,F
CUST02286,Christopher Palan,59.0,91-76115-58497,NCR,Assam,BSNL,PREPAID,,64,2021-04-18,10/06/2026,4,Y,,male
CUST02287,Amol Thaker,42.0,,mumbai,Maharashtra,BSNL,POSTPAID,1999.0,53,03/14/2022,10/07/2026,0,,majumdarhritik@example.com,Female
CUST02288,Diya Bahl,54.0,00272099352,Chennai,Andhra Pradesh,Vi,POST PAID,999.0,11,25-08-2025,20260720,0,0,balaykai@example.com,M
CUST02289,YOSHITA SINHA,53.0,+913411638610,Mumbai,Madhya Pradesh,BSNL,POSTPAID,1999.0,46,20221010,06/30/2026,3,,csuresh@example.net,M
CUST02290,Tara Shere,52.0,1944746905,MUM,Kerala,BSNL,Postpaid,1499.0,5,21 Feb 2026,01-06-2026,4,Y,wahabmurthy@example.net,
CUST02291,ojas baral,53.0,1892786985,PATNA,Odisha,Jio,POST PAID,799.0,68,20201219,20260612,3,N,zayyan91@example.com,female
CUST02292,Ishita Arya,62.0,04878648010,Pune,Rajasthan,Vi,PRE PAID,599.0,77,20200324,07/19/2026,0,0,charvi16@example.net,F
CUST02293,Qarin Prasad,48.0,,NAGPUR,Uttar Pradesh,Jio,Pre-paid,99.0,19,,07/18/2026,1,,,Male
CUST02294,Chakrika Barad,21.0,,Calcutta,West Bengal,Airtel,,999.0,61,17-07-2021,20260611,2,Y,meghanasur@example.net,M
CUST02295,Jhalak Chatterjee,25.0,,DELHI,Arunachal Pradesh,Jio,postpaid,499.0,16,,26 Jun 2026,2,NO,lhayer@example.com,female
CUST02296,Warda Dugal,55.0,91-66390-74266,Hyd,Uttarakhand,Jio,POST PAID,699.0,32,2023-12-04,,1,NO,uchandra@example.org,FEMALE
CUST02297,Neha Mody,55.0,+918189454975,mumbai,Telangana,Airtel,POST PAID,799.0,80,12/25/2019,2026-07-02,5,NO,sarinmanthan@example.org,MALE
CUST02298,Triveni Kannan,19.0,,Ahmedabad,Bihar,Jio,Prepaid,199.0,19,28 Dec 2024,09/07/2026,0,0,gunbir12@example.net,MALE
CUST02299,Alka Chana,37.0,00300679913,KOLKATA,Karnataka,Airtel,PREPAID,199.0,16,03/28/2025,2026-07-20,1,,ladlimander@example.org,FEMALE
CUST02300,Rohan Lad,63.0,,Bhopal,Manipur,BSNL,Postpaid,1499.0,18,27/01/2025,2026-07-18,1,N,madhavidani@example.com,
CUST02301,Faras Kale,65.0,04205668073,Lucknow,Gujarat,Airtel,prepaid,999.0,51,13/05/2022,20260707,0,0,rrajagopalan@example.org,M
CUST02302,Charan Nayak,18.0,1995009872,kolkata,Chhattisgarh,Airtel,Prepaid,599.0,25,07/01/2024,05/07/2026,4,N,bansaljairaj@example.org,female
CUST02303,Vamakshi Bal,34.0,4258919959,lucknow,Tripura,Vi,prepaid,149.0,34,10/05/2023,14-07-2026,0,NO,dalbir20@example.org,F
CUST02304,Siya Raval,57.0,+917263528828,INDORE,Andhra Pradesh,Airtel,Postpaid,699.0,27,02/05/2024,20260711,1,,,Male
CUST02305,Ojas Solanki,62.0,+91 87825 34670,KOLKATA,Sikkim,Airtel,PRE PAID,199.0,2,05/22/2026,2026-07-12,0,n,lavanyaom@example.com,Male
CUST02306,Damini Chad,26.0,+91 33844 46117,,Rajasthan,Airtel,postpaid,699.0,56,20211214,2026-07-07,1,,zarna62@example.com,F
CUST02307,Harish Kamdar,25.0,1831321816,Ahmedabad,Odisha,Vi,PRE PAID,399.0,79,2020-01-24,,0,n,,FEMALE
CUST02308,Vasatika Shenoy,65.0,+910640058445,,Haryana,Airtel,POST PAID,1499.0,60,16/08/2021,07/07/2026,1,N,royyoshita@example.net,
CUST02309,Bhavani Purohit,33.0,91-59574-85913,DELHI,Gujarat,BSNL,PRE PAID,399.0,56,14-12-2021,12/07/2026,1,NO,balhaarbava@example.org,Female
CUST02310,Geetika Choudhury,57.0,02924768072,jaipur,Sikkim,BSNL,Pre-paid,599.0,15,27/04/2025,20260715,1,n,wpatla@example.net,Female
CUST02311,Gabriel Kapoor,35.0,+91 72724 55769,PUNE,Bihar,BSNL,POSTPAID,499.0,20,28/11/2024,20260609,2,,jloke@example.net,Female
CUST02312,Vaishnavi Lal,54.0,+917194459596,lucknow,,Airtel,POST PAID,999.0,9,24-10-2025,14 Jul 2026,0,n,misrayashasvi@example.org,Male
CUST02313,Madhav Wable,29.0,+91 76973 05721,patna,Sikkim,Vi,Postpaid,1199.0,4,03/23/2026,07/18/2026,1,NO,babumanthan@example.com,male
CUST02314,David Savant,49.0,+916887302962,lucknow,Chhattisgarh,Vi,,199.0,45,09-11-2022,22 May 2026,2,N,chadbalendra@example.net,Male
CUST02315,ekanta kumer,54.0,+91 87254 07748,INDORE,Sikkim,BSNL,PREPAID,199.0,11,08/25/2025,13/07/2026,0,0,ochaudry@example.com,male
CUST02316,Varsha Sarma,28.0,91-89437-88724,CHENNAI,Haryana,Airtel,PREPAID,719.0,18,27-01-2025,20260720,1,0,utkarshshankar@example.net,M
CUST02317,Omisha Bhalla,53.0,07534073284,bhopal,Meghalaya,Jio,POST PAID,1499.0,14,27/05/2025,14 Jul 2026,0,n,,FEMALE
CUST02318,Yashodhara Sabharwal,47.0,09336783588,delhi,Gujarat,Jio,PREPAID,839.0,19,20241228,2026-06-19,2,Y,sethgunbir@example.org,Male
CUST02319,Champak Gill,60.0,91-33566-38828,Indore,Uttarakhand,Airtel,Pre-paid,999.0,13,26 Jun 2025,07/10/2026,1,0,wramachandran@example.com,Female
CUST02320,Ekaja Venkatesh,52.0,00463632015,MUMBAI,Bihar,Jio,POSTPAID,1199.0,75,2020-05-23,20260714,1,N,fbaral@example.com,MALE
CUST02321,Libni Rattan,64.0,+911185802023,surat,Kerala,Jio,Postpaid,999.0,14,20250527,08 Jul 2026,1,,vanya47@example.net,F
CUST02322,Zaid Bandi,48.0,+91 09806 57273,Bengaluru,Uttarakhand,Jio,postpaid,499.0,8,11/23/2025,20260708,1,NO,zchhabra@example.net,female
CUST02323,kavya prabhu,56.0,+91 52177 29622,Hyd,Chhattisgarh,Vi,,599.0,29,03/03/2024,16-06-2026,5,n,rohanganesh@example.net,F
CUST02324,Manbir Grewal,63.0,+91 40018 47669,SURAT,Chhattisgarh,Jio,postpaid,1999.0,18,,21/07/2026,1,0,nimrat71@example.org,M
CUST02325,Elijah Mann,37.0,+911803881437,Jaipur,Andhra Pradesh,BSNL,postpaid,1199.0,49,2022-07-12,20260707,0,n,,M
CUST02326,Mohammed Balan,28.0,+91 78066 77481,NAGPUR,Odisha,Vi,POSTPAID,1999.0,8,23/11/2025,07/12/2026,1,n,falak36@example.org,male
CUST02327,Dev Sha,64.0,,Bengaluru,Telangana,Jio,Post-paid,1499.0,28,20240402,2026-05-30,2,n,gautammisra@example.net,FEMALE
CUST02328,Barkha Boase,51.0,91-60499-12936,Bombay,Punjab,BSNL,POSTPAID,1499.0,9,24 Oct 2025,14 Jul 2026,0,0,,F
CUST02329,Laksh Cheema,42.0,+91 19653 76703,Madras,Goa,BSNL,POST PAID,399.0,20,28/11/2024,15/07/2026,1,NO,zsinghal@example.com,FEMALE
CUST02330,Laksh Vala,20.0,+91 46715 11888,SURAT,Karnataka,Airtel,Post-paid,799.0,44,09/12/2022,27 May 2026,3,Y,mohini72@example.net,Female
CUST02331,Fiyaz Dayal,64.0,,Poona,Maharashtra,Vi,prepaid,719.0,25,07/01/2024,16/07/2026,1,0,upadhriti02@example.com,M
CUST02332,Azad Kapoor,31.0,+911193517087,DELHI,Karnataka,Vi,PRE PAID,599.0,84,2019-08-27,20260712,1,0,balendra45@example.org,MALE
CUST02333,Radha Karnik,63.0,91-55427-24475,NCR,Maharashtra,Vi,PRE PAID,399.0,21,20241029,20260630,5,n,,male
CUST02334,Chanakya Seshadri,61.0,08650660116,patna,Andhra Pradesh,Jio,Pre-paid,719.0,26,2024-06-01,08-07-2026,0,n,lkanda@example.org,F
CUST02335,Neha Ratti,58.0,91-60084-38006,INDORE,Uttarakhand,Airtel,Prepaid,599.0,54,12/02/2022,20260716,1,0,ktaneja@example.com,M
CUST02336,Faras Raman,57.0,+916516800472,lucknow,Rajasthan,BSNL,Post-paid,499.0,22,29 Sep 2024,09 Jul 2026,1,NO,harinakshi75@example.org,F
CUST02337,GABRIEL CHAKRABARTI,24.0,91-78900-52994,Amdavad,Haryana,Jio,prepaid,99.0,2,22/05/2026,16-07-2026,1,n,rajusamaksh@example.org,Female
CUST02338,Fariq Hari,33.0,03613227690,,Kerala,Jio,Pre-paid,299.0,39,05/08/2023,19/07/2026,1,,,
CUST02339,Yashodhara Dara,31.0,+913433578437,Delhi,Gujarat,Airtel,PRE PAID,839.0,57,14/11/2021,06/01/2026,5,0,aarna12@example.com,Female
CUST02340,Girindra Vyas,41.0,91-16378-45736,pune,Karnataka,BSNL,Prepaid,,42,20230207,07/16/2026,0,NO,gaurang38@example.org,M
CUST02341,Ekalinga Kumar,19.0,91-94009-75110,BLR,Punjab,Jio,postpaid,699.0,24,31 Jul 2024,07/12/2026,0,0,bawajoshua@example.com,
CUST02342,NEELIMA PANT,20.0,09284422138,LUCKNOW,Rajasthan,BSNL,Postpaid,1199.0,36,06/08/2023,2026-07-11,0,0,tanejayatin@example.com,male
CUST02343,Vritti Bedi,59.0,2075200255,NAGPUR,Kerala,Vi,PRE PAID,99.0,49,,28/06/2026,3,,daksh44@example.com,F
CUST02344,Aachal Dada,26.0,91-63009-76325,HYDERABAD,Chhattisgarh,BSNL,PRE PAID,399.0,37,07-07-2023,2026-06-21,2,Y,ykhanna@example.net,F
CUST02345,Brijesh Barad,,91-39887-84295,Hyd,Mizoram,Airtel,Pre-paid,719.0,30,02-02-2024,15/07/2026,1,N,krishnamistry@example.org,male
CUST02346,yauvani dubey,36.0,+91 64851 55964,MUMBAI,Haryana,BSNL,Postpaid,399.0,29,2024-03-03,2026-06-02,4,Y,zachariahwaida@example.org,female
CUST02347,Faraj Lal,44.0,91-06813-56362,nagpur,Uttarakhand,Vi,Pre-paid,299.0,22,29-09-2024,2026-07-16,1,N,vrindanarula@example.com,FEMALE
CUST02348,Prisha Narayan,62.0,7927059944,Surat,Uttar Pradesh,Jio,postpaid,1199.0,30,20240202,08-07-2026,0,0,shankerrishi@example.org,M
CUST02349,Elijah Garde,58.0,91-71106-48023,pune,Kerala,Vi,POST PAID,499.0,1,20260621,2026-07-15,0,NO,,
CUST02350,Ansh Peri,34.0,+911242296069,Jaipur,Manipur,Vi,Prepaid,399.0,68,20201219,12 Jul 2026,1,0,waidaoza@example.com,Male
CUST02351,Hemal Dhawan,64.0,05948637878,nagpur,Tripura,BSNL,Pre-paid,719.0,56,2021-12-14,19 Jul 2026,0,,rajanyashica@example.org,Male
CUST02352,Meera Basu,46.0,2681361593,hyderabad,,BSNL,,599.0,3,20260422,20260606,5,Y,madanpranav@example.net,M
CUST02353,Yoshita Baria,64.0,91-23141-42158,ahmedabad,Maharashtra,Vi,postpaid,1499.0,79,20200124,19-06-2026,2,NO,radhikagandhi@example.com,Female
CUST02354,Noah Dixit,20.0,91-03415-94928,jaipur,Maharashtra,Vi,Prepaid,99.0,8,23/11/2025,07/10/2026,1,,,FEMALE
CUST02355,Sanaya Ganesh,,,Surat,Madhya Pradesh,Vi,,719.0,77,03/24/2020,19-07-2026,0,0,sulevincent@example.org,female
CUST02356,Banjeet Rao,19.0,+91 09431 52119,bhopal,Uttar Pradesh,Airtel,POST PAID,399.0,80,25-12-2019,06/06/2026,2,N,nbanerjee@example.net,F
CUST02357,Forum Shah,38.0,+91 60628 53674,Calcutta,Assam,Jio,POSTPAID,1499.0,55,01/13/2022,2026-07-11,1,n,opau@example.net,Female
CUST02358,Ucchal Murthy,61.0,+910645478399,patna,Rajasthan,Jio,Post-paid,999.0,45,09/11/2022,29/06/2026,3,Y,jacob90@example.net,FEMALE
CUST02359,Lucky Datta,45.0,+910930577614,lucknow,Gujarat,BSNL,Prepaid,839.0,10,24-09-2025,07/21/2026,0,,sraghavan@example.net,FEMALE
CUST02360,Samesh Loyal,52.0,91-58235-52637,Hyd,Madhya Pradesh,Vi,PREPAID,719.0,14,2025-05-27,17 Jul 2026,1,N,kibeyoshita@example.com,M
CUST02361,Nikita Bora,,,HYDERABAD,Madhya Pradesh,Airtel,Pre-paid,99.0,7,23/12/2025,2026-07-20,0,n,,Male
CUST02362,Lekha Natarajan,19.0,08947939836,MUMBAI,Uttar Pradesh,Airtel,,399.0,15,2025-04-27,2026-07-13,0,N,libniwadhwa@example.com,Female
CUST02363,Patrick Subramanian,38.0,,JAIPUR,Assam,Jio,PREPAID,839.0,27,05/02/2024,07/19/2026,0,NO,upadhritirout@example.net,FEMALE
CUST02364,zinal om,20.0,06329568986,jaipur,Telangana,Airtel,POST PAID,399.0,25,07/01/2024,20260717,0,,,F
CUST02365,Bina Wali,18.0,03150058353,LUCKNOW,Himachal Pradesh,Vi,POST PAID,399.0,2,22-05-2026,02-07-2026,4,n,narangrohan@example.org,F
CUST02366,Logan Karan,54.0,91-16953-52469,NAGPUR,Gujarat,Vi,postpaid,1999.0,28,02 Apr 2024,2026-07-20,0,NO,ramakrishnanzansi@example.com,M
CUST02367,Balhaar Ghose,37.0,91-57434-25951,New Delhi,Gujarat,Vi,PRE PAID,999.0,72,20200821,20260710,1,NO,yashasvibhakta@example.com,
CUST02368,ALKA MORAR,,+917359013257,,Kerala,Airtel,prepaid,199.0,56,14-12-2021,13/07/2026,1,NO,omkaar61@example.net,Female
CUST02369,Anya Sarkar,32.0,91-42608-55026,indore,Tamil Nadu,Jio,PRE PAID,999.0,44,20221209,13/07/2026,1,n,jhalak26@example.net,female
CUST02370,DEVIKA SHERE,45.0,+919889373630,chennai,Kerala,Vi,Postpaid,499.0,53,14/03/2022,20260719,0,0,palanjagat@example.org,F
CUST02371,Dipta Mukherjee,36.0,09002558782,DELHI,Arunachal Pradesh,Vi,POSTPAID,1999.0,70,,2026-07-08,0,n,samrayatin@example.org,FEMALE
CUST02372,Chatresh Warrior,18.0,,Indore,Madhya Pradesh,Vi,PREPAID,99.0,39,08 May 2023,2026-07-16,0,NO,,F
CUST02373,Dhriti Samra,19.0,6152501917,BHOPAL,Maharashtra,BSNL,Post-paid,999.0,42,,07/20/2026,0,NO,balanyashvi@example.com,M
CUST02374,Vihaan Wadhwa,39.0,7489092393,Mumbai,Manipur,Jio,postpaid,1199.0,18,20250127,2026-07-07,0,N,frederick00@example.com,M
CUST02375,Avi Ratti,53.0,,NAGPUR,Bihar,BSNL,POSTPAID,1499.0,79,20200124,19-07-2026,1,NO,faras47@example.org,F
CUST02376,Ishwar Choudhury,32.0,+910274393919,PUNE,Uttar Pradesh,Airtel,postpaid,1999.0,28,2024-04-02,2026-06-20,2,n,ishanvikurian@example.net,female
CUST02377,Ranveer Chacko,56.0,91-30206-82205,INDORE,Nagaland,BSNL,Prepaid,499.0,79,24 Jan 2020,11-07-2026,1,N,tbora@example.com,FEMALE
CUST02378,Simon Dass,51.0,,PATNA,Punjab,Jio,Postpaid,699.0,29,20240303,20-07-2026,0,NO,keeraradhana@example.net,FEMALE
CUST02379,Umang Madan,49.0,02169195759,Indore,Meghalaya,Airtel,POSTPAID,399.0,61,17 Jul 2021,15-06-2026,5,Y,bhavsarjack@example.net,FEMALE
CUST02380,Zaitra Naidu,60.0,+918700749890,jaipur,Manipur,Jio,PREPAID,99.0,39,08/05/2023,13-07-2026,1,0,fsawhney@example.net,FEMALE
CUST02381,Oscar Soman,19.0,91-54788-91559,AHMEDABAD,Nagaland,Jio,postpaid,1499.0,15,20250427,28-05-2026,3,n,uppalhitesh@example.net,
CUST02382,Yashodhara Chana,,91-45232-32914,Mumbai,Tripura,Vi,POSTPAID,699.0,19,28 Dec 2024,06 Jul 2026,3,0,dnarula@example.org,M
CUST02383,Nimrat Babu,35.0,,patna,Assam,Airtel,POSTPAID,999.0,66,2021-02-17,20260721,0,NO,chamelibhatia@example.net,MALE
CUST02384,Yashasvi Sibal,63.0,91-18030-38794,AHMEDABAD,Meghalaya,Jio,postpaid,,31,01/03/2024,2026-07-19,1,NO,sakshamkarpe@example.org,MALE
CUST02385,Panini Tank,56.0,9177019827,LUCKNOW,Chhattisgarh,Jio,PREPAID,999.0,24,07/31/2024,20260720,0,NO,daksh66@example.net,MALE
CUST02386,Teerth Shan,42.0,91-43759-82481,Poona,Nagaland,Jio,PREPAID,719.0,11,,10/07/2026,1,n,geetika19@example.net,female
CUST02387,Anya Dugal,24.0,4913104652,kolkata,Mizoram,Vi,postpaid,1999.0,41,09-03-2023,2026-07-16,0,0,xiti69@example.com,M
CUST02388,Nicholas Thaker,32.0,91-00951-13912,Madras,Kerala,BSNL,Pre-paid,149.0,41,09/03/2023,2026-05-30,4,,,
CUST02389,Panini Varughese,28.0,+915703409718,indore,Telangana,Vi,postpaid,699.0,24,31/07/2024,06/01/2026,4,N,abha84@example.net,male
CUST02390,Karan Patla,28.0,8468519261,JAIPUR,Nagaland,BSNL,prepaid,149.0,25,07/01/2024,13/07/2026,1,NO,niharikaandra@example.net,male
CUST02391,abha ramanathan,24.0,07040478737,BLR,,Airtel,Prepaid,999.0,29,20240303,,0,N,,Female
CUST02392,Dalaja Sarna,22.0,,lucknow,Karnataka,Airtel,POSTPAID,499.0,81,25 Nov 2019,20260718,0,0,qnarayan@example.org,
CUST02393,Oeshi Kapoor,36.0,91-38684-51265,surat,Tripura,Vi,Post-paid,699.0,35,05/09/2023,21-07-2026,1,,parmernathaniel@example.org,female
CUST02394,Raghav Chakrabarti,24.0,,BHOPAL,Tamil Nadu,Airtel,Post-paid,799.0,60,20210816,20 Jul 2026,0,NO,robertnarain@example.net,
CUST02395,Bhavya Barman,51.0,91-00525-13627,bangalore,Uttar Pradesh,Jio,Post-paid,699.0,39,2023-05-08,2026-07-19,0,n,vbansal@example.net,male
CUST02396,UDYATI SUNDARAM,64.0,+912757332006,Nagpur,Uttar Pradesh,Vi,POST PAID,1499.0,20,28 Nov 2024,27/05/2026,4,NO,hemani04@example.com,FEMALE
CUST02397,Kai Agate,61.0,+91 63838 46074,Indore,West Bengal,Airtel,POST PAID,799.0,22,29-09-2024,2026-06-14,3,Y,williamchopra@example.org,MALE
CUST02398,Kritika Nath,38.0,4658993335,Indore,Odisha,Vi,Pre-paid,499.0,61,17/07/2021,20-07-2026,0,n,mekhaladivan@example.org,male
CUST02399,IRA NANDA,26.0,7140046408,MUM,Punjab,BSNL,Post-paid,699.0,60,16 Aug 2021,20260714,0,,forumkaran@example.net,male
CUST02400,Gautam Verma,51.0,,patna,Jharkhand,Jio,postpaid,1499.0,15,27/04/2025,20260719,0,N,jsrinivas@example.com,
CUST02401,ABHA SEN,42.0,91-05337-01936,HYDERABAD,Jharkhand,BSNL,PREPAID,999.0,54,12/02/2022,07/20/2026,1,0,krishna27@example.net,MALE
CUST02402,Vritti Tank,38.0,91-40476-08307,nagpur,Mizoram,Vi,Pre-paid,499.0,40,08 Apr 2023,30-05-2026,2,NO,,FEMALE
CUST02403,Balendra Dhingra,32.0,91-88695-46800,Indore,Himachal Pradesh,Vi,POST PAID,999.0,49,12-07-2022,20260709,0,n,omishabera@example.net,female
CUST02404,Nicholas Sant,27.0,+91 34370 37526,nagpur,Rajasthan,BSNL,Post-paid,1999.0,18,2025-01-27,08 Jul 2026,0,NO,qadim05@example.org,male
CUST02405,Vanya Patla,35.0,+91 17225 12574,Pune,Tamil Nadu,Jio,Prepaid,719.0,17,2025-02-26,07/07/2026,0,0,chandani39@example.org,F
CUST02406,Caleb Deshpande,58.0,0078949350,Surat,Telangana,Vi,Pre-paid,399.0,45,09 Nov 2022,06/11/2026,2,,bhavani08@example.org,F
CUST02407,pooja nagar,28.0,91-17328-15954,Chennai,Arunachal Pradesh,BSNL,Post-paid,1999.0,44,,,0,N,prisha52@example.com,M
CUST02408,Ria Yadav,32.0,00634051300,HYDERABAD,Himachal Pradesh,BSNL,PRE PAID,149.0,71,20 Sep 2020,20/07/2026,0,,rajeshrigopal@example.net,F
CUST02409,AVNI MURTY,47.0,,Pune,Uttar Pradesh,Airtel,POSTPAID,699.0,54,12/02/2022,07/12/2026,1,,falan54@example.net,MALE
CUST02410,Udyati Tella,40.0,+919797808784,patna,Kerala,Jio,Post-paid,499.0,64,20210418,16 Jul 2026,0,NO,idika04@example.net,Female
CUST02411,VEDIKA BALI,21.0,+91 52104 81146,Pune,Punjab,Vi,PRE PAID,999.0,77,24 Mar 2020,09/07/2026,1,NO,biswasnaksh@example.net,Female
CUST02412,Ubika Rajagopalan,,,Jaipur,Tamil Nadu,Jio,POSTPAID,699.0,37,20230707,16/06/2026,3,,vanya91@example.com,FEMALE
CUST02413,Indali Sengupta,50.0,1482199120,Indore,Kerala,Jio,postpaid,499.0,15,27-04-2025,2026-07-13,0,0,issacrachita@example.com,MALE
CUST02414,Bishakha Barman,42.0,91-11343-15329,Indore,Tamil Nadu,Vi,Postpaid,1199.0,11,25 Aug 2025,21/07/2026,1,0,eiravatinigam@example.com,MALE
CUST02415,Ethan Handa,54.0,+915277308724,Madras,Maharashtra,BSNL,POST PAID,1499.0,22,20240929,19-06-2026,5,Y,grastogi@example.net,male
CUST02416,Charles Suri,48.0,5329123655,mumbai,Tamil Nadu,Vi,postpaid,1499.0,81,,14-07-2026,1,n,baniklohit@example.net,Female
CUST02417,Adya Thakkar,42.0,+91 45663 09066,patna,Uttarakhand,Vi,,299.0,2,2026-05-22,06/26/2026,3,,yjoshi@example.net,male
CUST02418,bahadurjit kamdar,26.0,3492844550,hyderabad,Haryana,Vi,Postpaid,1199.0,9,24/10/2025,2026-07-14,0,NO,vsem@example.com,FEMALE
CUST02419,Chatura Saha,21.0,+91 64964 42216,lucknow,Mizoram,Vi,POST PAID,399.0,4,23 Mar 2026,07/06/2026,4,,kannanomkaar@example.net,FEMALE
CUST02420,Chakrika Sen,60.0,+911526057948,bhopal,Meghalaya,Vi,PRE PAID,499.0,65,,07-07-2026,0,n,deepa57@example.net,FEMALE
CUST02421,Osha Swaminathan,27.0,3287078961,Calcutta,Mizoram,Jio,,499.0,34,20231005,20260714,1,,chaudhariaradhana@example.net,female
CUST02422,Zashil Ramakrishnan,23.0,+91 54269 88320,NAGPUR,Punjab,BSNL,POSTPAID,699.0,30,02-02-2024,20260627,3,Y,sai40@example.com,M
CUST02423,Daniel Padmanabhan,,3948477146,Nagpur,Mizoram,Airtel,POST PAID,999.0,67,18/01/2021,20260715,1,NO,kdate@example.com,F
CUST02424,Harita Saran,35.0,+911881576515,Jaipur,Tripura,Jio,Pre-paid,399.0,63,18 May 2021,2026-06-24,2,n,nagarajanreyansh@example.org,F
CUST02425,Vyanjana Ganesh,58.0,,kolkata,Rajasthan,BSNL,Pre-paid,299.0,53,20220314,20-07-2026,0,,pallnakul@example.com,M
CUST02426,Bhavini Viswanathan,57.0,,Mumbai,Odisha,Vi,Postpaid,399.0,18,27/01/2025,08-07-2026,0,n,cchad@example.org,FEMALE
CUST02427,Faras Sarma,63.0,1216382459,Nagpur,Nagaland,Vi,Postpaid,1499.0,27,02/05/2024,16 Jul 2026,1,N,zaidshroff@example.com,Female
CUST02428,Patrick Madan,18.0,91-15071-08165,LUCKNOW,Gujarat,Airtel,POST PAID,1499.0,77,20200324,09-07-2026,1,,ewagle@example.org,Female
CUST02429,Victor Lal,58.0,0152800648,Surat,Tamil Nadu,Airtel,prepaid,199.0,79,24 Jan 2020,20260711,1,NO,cbal@example.com,MALE
CUST02430,Luke Sachdeva,54.0,+918012669930,nagpur,Tamil Nadu,Vi,Post-paid,699.0,78,23/02/2020,07 Jul 2026,1,NO,hdevan@example.net,Male
CUST02431,Baghyawati Lall,56.0,+91 82729 72136,NAGPUR,,Airtel,Pre-paid,299.0,66,17/02/2021,13/06/2026,2,0,,female
CUST02432,Pahal Balakrishnan,48.0,9713777938,bhopal,,Airtel,Pre-paid,399.0,24,31/07/2024,17 Jul 2026,0,NO,sarthak31@example.com,MALE
CUST02433,jagrati singhal,27.0,9415354318,Indore,Karnataka,Vi,postpaid,1499.0,64,18/04/2021,2026-05-23,4,Y,jgrover@example.com,Male
CUST02434,Balendra Saxena,54.0,3416232528,nagpur,Assam,Jio,POSTPAID,699.0,23,30/08/2024,10/07/2026,1,N,zmall@example.net,M
CUST02435,Garima Kaur,58.0,+91 51299 86631,BHOPAL,,Jio,PRE PAID,999.0,16,2025-03-28,06/10/2026,4,N,nagarajanwaida@example.com,male
CUST02436,George Parikh,57.0,07753359409,Poona,Nagaland,Vi,Prepaid,719.0,3,20260422,10/07/2026,0,,manneorinder@example.com,Female
CUST02437,Niharika Bhatti,35.0,01278066448,BHOPAL,Tripura,Airtel,Post-paid,999.0,51,05/13/2022,18/07/2026,0,,saumyapalla@example.org,
CUST02438,Shaurya Pandya,21.0,03705545651,kolkata,Telangana,Airtel,postpaid,1999.0,19,28 Dec 2024,21-07-2026,0,N,yug17@example.org,male
CUST02439,CHANDRESH DATE,18.0,1905044281,delhi,Sikkim,Jio,PRE PAID,499.0,20,20241128,2026-07-20,1,N,,MALE
CUST02440,Arunima Rege,40.0,05824768258,nagpur,Meghalaya,Vi,Prepaid,149.0,46,2022-10-10,07/09/2026,0,0,,Male
CUST02441,Harish Savant,47.0,,Poona,Maharashtra,BSNL,Post-paid,1999.0,61,07/17/2021,15-07-2026,0,,hgarg@example.com,Male
CUST02442,Anika Majumdar,59.0,+917593727513,bangalore,Karnataka,BSNL,Pre-paid,999.0,22,,13/07/2026,1,,arjun34@example.net,male
CUST02443,Tarak Dash,24.0,3646285069,AHMEDABAD,Himachal Pradesh,Vi,POSTPAID,399.0,39,08-05-2023,2026-07-17,1,NO,mbalay@example.com,female
CUST02444,anita pandya,48.0,7123728735,nagpur,Andhra Pradesh,Jio,PRE PAID,499.0,61,17 Jul 2021,10/06/2026,2,Y,sbhandari@example.net,M
CUST02445,Praneel Babu,36.0,+91 89961 51600,Lucknow,Himachal Pradesh,Vi,Postpaid,499.0,61,17-07-2021,2026-07-14,1,N,,MALE
CUST02446,kamala atwal,62.0,+91 34152 74212,Surat,Arunachal Pradesh,Airtel,POSTPAID,1499.0,58,15 Oct 2021,22 May 2026,4,n,devikanarain@example.com,
CUST02447,Gaurav Taneja,45.0,+917458618942,AHMEDABAD,Haryana,Jio,postpaid,999.0,59,15/09/2021,2026-06-25,5,Y,ksaxena@example.org,
CUST02448,Yash Bali,36.0,+910302515716,BLR,Arunachal Pradesh,Jio,postpaid,1199.0,55,13 Jan 2022,,0,N,eiravatilala@example.com,male
CUST02449,Damyanti Taneja,22.0,03547658488,hyderabad,Andhra Pradesh,Vi,,719.0,5,02/21/2026,02/07/2026,3,NO,aishaniaurora@example.org,male
CUST02450,Gopal Suresh,25.0,04326417225,Indore,Madhya Pradesh,BSNL,POST PAID,1999.0,28,2024-04-02,24/05/2026,3,Y,wriddhish58@example.org,M
CUST02451,Krishna Raj,,+913948834039,lucknow,Jharkhand,Airtel,Pre-paid,99.0,14,2025-05-27,06/21/2026,2,Y,kabir90@example.net,FEMALE
CUST02452,Samuel Basak,43.0,9439742257,MUM,Tripura,Vi,PRE PAID,99.0,41,20230309,13-07-2026,0,N,tarachana@example.org,
CUST02453,Yashasvi Kade,58.0,+91 22672 35611,bangalore,Himachal Pradesh,Jio,PREPAID,149.0,22,09/29/2024,07/04/2026,2,NO,guneetanand@example.org,Male
CUST02454,Dipta Khurana,42.0,4883563471,Chennai,Himachal Pradesh,Vi,Post-paid,499.0,27,02 May 2024,07 Jul 2026,1,n,jbala@example.net,male
CUST02455,rayaan master,47.0,4210543513,Mumbai,Himachal Pradesh,Vi,postpaid,399.0,4,20260323,13 Jun 2026,5,N,lataekanta@example.com,Male
CUST02456,Zehaan Muni,57.0,+91 91928 92176,lucknow,Mizoram,Airtel,Prepaid,99.0,70,20-10-2020,13 Jul 2026,1,,vermadaksha@example.org,MALE
CUST02457,jagdish anne,18.0,,HYDERABAD,Madhya Pradesh,Airtel,POSTPAID,499.0,51,05/13/2022,,0,N,ubikachatterjee@example.net,MALE
CUST02458,Advika Ram,45.0,+919893835930,CHENNAI,Telangana,Vi,postpaid,999.0,53,2022-03-14,19/07/2026,1,N,vbarman@example.com,female
CUST02459,Maya Issac,47.0,+916731101766,New Delhi,Meghalaya,BSNL,PREPAID,399.0,10,2025-09-24,2026-07-10,0,NO,wgole@example.org,
CUST02460,balendra oak,30.0,5393174221,patna,Himachal Pradesh,BSNL,POST PAID,499.0,78,20200223,30 May 2026,3,Y,smistry@example.net,Female
CUST02461,Jasmit Parmar,42.0,+912481729713,Pune,Karnataka,Vi,POST PAID,1999.0,32,04 Dec 2023,13/07/2026,0,0,rbhatnagar@example.com,Male
CUST02462,Bhavya Pall,55.0,91-54705-43321,delhi,Jharkhand,Jio,prepaid,839.0,13,26/06/2025,20260710,0,,yashasvidewan@example.net,Female
CUST02463,Sarthak Lala,53.0,9408167233,NAGPUR,Kerala,Jio,PREPAID,719.0,8,23/11/2025,2026-07-11,0,N,falankrish@example.org,Female
CUST02464,Darsh Chakrabarti,18.0,+91 46174 55637,Hyderabad,Maharashtra,Vi,Pre-paid,719.0,55,2022-01-13,2026-07-12,1,N,,Female
CUST02465,Vamakshi Ranganathan,32.0,06181579776,Hyd,Goa,BSNL,PRE PAID,199.0,13,06/26/2025,20260707,0,0,,male
CUST02466,Manan Mammen,19.0,91-32900-11249,ahmedabad,Arunachal Pradesh,Vi,postpaid,799.0,21,29/10/2024,21/07/2026,0,NO,zkothari@example.org,female
CUST02467,Yutika Karnik,56.0,,delhi,Jharkhand,Airtel,,839.0,71,09/20/2020,,1,N,haritakeer@example.com,Male
CUST02468,Rushil Das,29.0,+919949897639,indore,,BSNL,Pre-paid,399.0,40,20230408,20260721,1,n,mkumar@example.org,M
CUST02469,Bhavani Varughese,25.0,6785304456,nagpur,Sikkim,Vi,PRE PAID,999.0,17,2025-02-26,20260709,1,NO,kondaabhiram@example.net,Female
CUST02470,Avni Rana,47.0,08162698520,bhopal,Kerala,Vi,PREPAID,299.0,27,02 May 2024,13/07/2026,1,N,vchaudhuri@example.com,F
CUST02471,aadhya dutt,51.0,+916197681389,Lucknow,Tripura,Vi,POSTPAID,1199.0,52,2022-04-13,18 Jul 2026,0,n,hamble@example.org,Female
CUST02472,URVI SAXENA,38.0,08258422086,Bhopal,Uttar Pradesh,Vi,Post-paid,399.0,83,09/26/2019,25-05-2026,3,Y,naveen47@example.net,Female
CUST02473,Xalak Mody,59.0,05779748408,Amdavad,Telangana,Airtel,Prepaid,599.0,81,25 Nov 2019,07/21/2026,1,NO,dkurian@example.org,M
CUST02474,Ati Dhaliwal,37.0,9786804288,Poona,Assam,BSNL,POST PAID,699.0,56,20211214,12-07-2026,1,0,ibuch@example.org,female
CUST02475,Divya Barad,52.0,02576555146,Hyd,Chhattisgarh,Vi,Prepaid,149.0,61,17 Jul 2021,19/07/2026,1,,adya48@example.com,
CUST02476,Lohit Sarma,42.0,+915483388067,LUCKNOW,Uttar Pradesh,Airtel,prepaid,499.0,83,26 Sep 2019,07/18/2026,0,n,bina84@example.net,female
CUST02477,Sneha Chad,,07586139347,SURAT,Goa,BSNL,postpaid,499.0,61,2021-07-17,2026-07-09,1,n,sooddayamai@example.com,female
CUST02478,Mekhala Narula,51.0,,surat,Haryana,Airtel,PRE PAID,99.0,55,20220113,05/06/2026,4,Y,guhachaitanya@example.org,FEMALE
CUST02479,Chaitanya Hegde,27.0,0606821797,mumbai,Assam,BSNL,Post-paid,799.0,4,23-03-2026,18-07-2026,0,N,bhatisaiah@example.com,M
CUST02480,Edhitha Nigam,18.0,2011990688,Kolkata,Jharkhand,Airtel,PRE PAID,99.0,69,19-11-2020,21/07/2026,0,,yvarma@example.net,MALE
CUST02481,Aradhana Agate,36.0,91-59220-21395,Chennai,Arunachal Pradesh,Vi,Post-paid,999.0,52,13/04/2022,11/07/2026,1,N,indali55@example.org,MALE
CUST02482,vivaan solanki,44.0,6214598484,PATNA,Madhya Pradesh,Jio,,99.0,61,17/07/2021,20260615,5,0,,female
CUST02483,pallavi chopra,23.0,5700401733,pune,Goa,BSNL,PREPAID,149.0,69,20201119,2026-07-17,0,n,luckygupta@example.org,
CUST02484,MITALI DUGAL,57.0,5942535253,Jaipur,Tripura,Vi,Prepaid,,43,08-01-2023,10 Jun 2026,2,Y,upasna60@example.net,female
CUST02485,Upadhriti Brahmbhatt,51.0,,SURAT,Meghalaya,Vi,Post-paid,399.0,1,2026-06-21,12 Jul 2026,1,,danieljani@example.org,
CUST02486,Omaja Bhalla,36.0,05449970755,surat,Chhattisgarh,Jio,POST PAID,499.0,39,20230508,2026-07-19,1,NO,mmander@example.com,FEMALE
CUST02487,Veer Sha,46.0,08768079810,Mumbai,West Bengal,BSNL,POSTPAID,799.0,40,08/04/2023,19 Jul 2026,1,0,binakant@example.net,
CUST02488,Siddharth Tandon,39.0,+91 84981 14575,PUNE,Jharkhand,Vi,PRE PAID,839.0,46,10 Oct 2022,,1,NO,,FEMALE
CUST02489,Pranit Lad,19.0,0300352751,Hyd,Assam,Airtel,Postpaid,1199.0,16,28 Mar 2025,20260607,2,0,raagini91@example.org,Female
CUST02490,Krishna Bumb,50.0,91-61727-01891,PUNE,Madhya Pradesh,Airtel,Prepaid,999.0,19,20241228,07/10/2026,1,n,,MALE
CUST02491,Unni Das,26.0,06248072743,pune,Maharashtra,Vi,Postpaid,1999.0,70,20 Oct 2020,20260712,0,N,nachiketjohal@example.com,male
CUST02492,Nilima Guha,18.0,+91 83450 37350,Nagpur,Sikkim,Vi,,99.0,18,27/01/2025,20260716,0,NO,gagan11@example.org,Male
CUST02493,Brijesh Dutt,63.0,+91 87002 13613,Poona,Nagaland,BSNL,Prepaid,149.0,48,08/11/2022,17-07-2026,0,,suleekavir@example.net,male
CUST02494,Wriddhish Anand,18.0,91-64420-70771,kolkata,Karnataka,Jio,PRE PAID,719.0,19,28/12/2024,11 Jul 2026,0,0,ybarad@example.net,
CUST02495,Meera Sampath,22.0,2625748946,KOLKATA,Andhra Pradesh,Airtel,,599.0,66,,20260708,0,n,,male
CUST02496,Laban Bakshi,22.0,04947504653,Madras,Bihar,Jio,Postpaid,999.0,44,09 Dec 2022,,1,N,jtak@example.net,Male
CUST02497,RAAGINI HARI,38.0,+91 68733 52018,PUNE,Jharkhand,Jio,PREPAID,719.0,73,22 Jul 2020,07/10/2026,1,,finn18@example.net,M
CUST02498,Osha Dyal,47.0,,Bangalore,Himachal Pradesh,BSNL,postpaid,1199.0,83,2019-09-26,,2,,shawarhi@example.com,Female
CUST02499,Reva Padmanabhan,29.0,2746001115,patna,Punjab,BSNL,POSTPAID,1999.0,55,2022-01-13,04 Jun 2026,2,Y,vamakshi20@example.com,female
CUST02500,Yasti Sachar,36.0,+916964846159,Kolkata,Goa,Jio,postpaid,799.0,78,02/23/2020,2026-07-13,0,NO,madhavdeshmukh@example.com,Female
CUST02501,Chaitanya Parsa,,,NAGPUR,Assam,Vi,PREPAID,149.0,25,01/07/2024,07/07/2026,0,NO,vedhikapandya@example.org,male
CUST02502,Dhriti Anand,48.0,+910893725956,MUMBAI,Odisha,BSNL,PRE PAID,499.0,23,08/30/2024,2026-07-18,1,n,kavya94@example.com,
CUST02503,Chatura Dass,62.0,91-10527-23754,patna,Kerala,Airtel,Pre-paid,719.0,22,2024-09-29,05/24/2026,3,Y,xshan@example.net,M
CUST02504,Kala Dara,35.0,+911665914445,Amdavad,Sikkim,BSNL,Postpaid,799.0,73,22 Jul 2020,20260707,0,,adya23@example.net,F
CUST02505,Ishwar Biswas,38.0,+91 82737 20416,INDORE,Himachal Pradesh,Jio,postpaid,999.0,63,18-05-2021,24-05-2026,4,N,sethnathan@example.org,M
CUST02506,Urishilla Vohra,26.0,91-30092-73385,MUM,Bihar,Airtel,Postpaid,1999.0,51,13/05/2022,06/03/2026,5,NO,charleskala@example.com,Male
CUST02507,Krisha Ravel,39.0,+916397869036,NCR,Tripura,Vi,Prepaid,149.0,63,18/05/2021,14 Jul 2026,1,NO,ijaya59@example.com,Female
CUST02508,RIA DORA,,+91 56441 58968,CHENNAI,Maharashtra,Airtel,POST PAID,1199.0,76,04/23/2020,20260714,0,N,vrindaprasad@example.com,Female
CUST02509,Kamya Loyal,58.0,+91 08361 62287,patna,Telangana,Airtel,PREPAID,299.0,70,20 Oct 2020,21/07/2026,0,N,,male
CUST02510,Saanvi Gill,24.0,,Jaipur,Punjab,BSNL,Pre-paid,149.0,13,26 Jun 2025,09/06/2026,3,n,saxenamaanas@example.net,FEMALE
CUST02511,yuvraj johal,28.0,,NAGPUR,Tamil Nadu,BSNL,,599.0,56,14-12-2021,20260705,2,Y,sarthakrege@example.net,Female
CUST02512,Anjali Varghese,29.0,,MUM,,Jio,prepaid,999.0,34,05-10-2023,08/07/2026,1,n,dhritisarraf@example.org,Male
CUST02513,Anita Singh,55.0,91-22068-67364,MUM,Arunachal Pradesh,Airtel,POSTPAID,399.0,79,24-01-2020,16/07/2026,0,0,yauvanisaha@example.com,M
CUST02514,Maanav Babu,49.0,+91 23436 66479,BHOPAL,Tamil Nadu,Airtel,prepaid,599.0,9,20251024,,1,N,rayaansamra@example.net,M
CUST02515,DALAJA PARMER,,91-07585-69396,Hyd,Maharashtra,Airtel,Postpaid,1199.0,14,27 May 2025,20260714,1,n,zchaudhry@example.com,FEMALE
CUST02516,Rachana Kashyap,20.0,+91 93770 61987,PATNA,,Jio,POSTPAID,999.0,84,2019-08-27,06/21/2026,5,Y,aadhyawalia@example.com,Female
CUST02517,Vasana Sarkar,35.0,07842717137,HYDERABAD,Bihar,Airtel,PRE PAID,499.0,43,20230108,09-07-2026,0,n,saxenawridesh@example.com,MALE
CUST02518,Raghav Biswas,62.0,0025188281,Hyderabad,Nagaland,BSNL,prepaid,719.0,11,25-08-2025,2026-07-07,0,,varmajasmit@example.org,Male
CUST02519,Amol Nagi,51.0,91-93709-97263,Bangalore,Assam,Airtel,Prepaid,999.0,29,2024-03-03,10/06/2026,2,,radhika26@example.org,female
CUST02520,Advay Palla,51.0,+91 06498 82476,Bengaluru,Goa,Jio,Prepaid,99.0,35,05/09/2023,28 Jun 2026,3,Y,pdar@example.org,M
CUST02521,Wakeeta Khatri,26.0,02972539837,bhopal,Telangana,Vi,postpaid,699.0,6,01/22/2026,27 May 2026,3,0,,
CUST02522,Saanvi Baral,27.0,08382790654,KOLKATA,Haryana,Vi,POST PAID,699.0,26,01/06/2024,15/07/2026,1,,triya90@example.net,MALE
CUST02523,Vivaan Acharya,63.0,,Patna,Maharashtra,BSNL,Pre-paid,499.0,24,20240731,04 Jul 2026,2,0,chandaubika@example.net,FEMALE
CUST02524,Yash Issac,57.0,0022026788,INDORE,Maharashtra,Airtel,Postpaid,499.0,32,2023-12-04,07/13/2026,1,0,,Male
CUST02525,AADHYA NAGI,20.0,91-01108-00928,Ahmedabad,Chhattisgarh,Airtel,PREPAID,839.0,30,02 Feb 2024,2026-07-07,0,N,liamoommen@example.net,male
CUST02526,Maya Dutta,26.0,05538709791,,Meghalaya,Jio,Postpaid,1199.0,55,2022-01-13,20260721,0,0,gillchristopher@example.org,Male
CUST02527,Chaitaly Sandhu,43.0,04246604729,NAGPUR,Odisha,BSNL,Prepaid,499.0,9,2025-10-24,,1,n,bahlwridesh@example.org,Female
CUST02528,Balendra Suri,20.0,,Indore,Jharkhand,Airtel,Prepaid,599.0,9,10/24/2025,12-07-2026,1,N,darpan56@example.org,
CUST02529,LILA SANDAL,35.0,+913990537999,INDORE,Mizoram,Jio,prepaid,199.0,33,20231104,11 Jul 2026,0,n,unnitank@example.com,F
CUST02530,Banjeet Kamdar,60.0,01739593295,jaipur,Meghalaya,BSNL,,,17,26-02-2025,06/29/2026,3,NO,tripti14@example.org,Male
CUST02531,Nidhi Subramaniam,24.0,+91 84476 07798,NCR,Uttarakhand,BSNL,,99.0,3,04/22/2026,08/07/2026,1,NO,saranfalan@example.org,
CUST02532,Chavvi Devi,64.0,,Nagpur,Manipur,Jio,postpaid,399.0,41,20230309,20260711,1,NO,mohammed72@example.com,female
CUST02533,JEREMIAH DIXIT,55.0,03145726542,NCR,Nagaland,Vi,Post-paid,,31,20240103,20260719,1,NO,balhaarhanda@example.net,MALE
CUST02534,Suhani Ganesh,28.0,+918615085511,PATNA,Kerala,Airtel,PRE PAID,99.0,55,13/01/2022,,0,0,bhavika12@example.net,female
CUST02535,Charvi Bandi,25.0,9427100366,Hyderabad,Gujarat,Airtel,Postpaid,1199.0,8,23 Nov 2025,2026-07-14,0,NO,johalzayyan@example.net,male
CUST02536,Dalaja Raman,54.0,5242750901,NAGPUR,Jharkhand,BSNL,Postpaid,1499.0,8,11/23/2025,08/07/2026,1,n,ishaan77@example.com,MALE
CUST02537,jeremiah baral,28.0,00968888311,BLR,Tripura,Airtel,,299.0,4,23 Mar 2026,17-06-2026,4,NO,balanriya@example.net,Male
CUST02538,Samarth Chokshi,44.0,03200390291,delhi,Telangana,BSNL,PRE PAID,599.0,7,23/12/2025,20260627,2,,venkataramansaumya@example.net,F
CUST02539,Tejas Dyal,27.0,+91 36025 67322,Bengaluru,Arunachal Pradesh,Airtel,Prepaid,999.0,43,08 Jan 2023,21-07-2026,0,NO,auroraudyati@example.net,male
CUST02540,Naveen Pillay,,+91 65693 00903,MUMBAI,Kerala,Vi,prepaid,599.0,30,02/02/2024,2026-07-11,1,,kakarnetra@example.org,Male
CUST02541,Indrajit Raju,37.0,+91 20513 95414,Jaipur,Himachal Pradesh,Jio,PREPAID,399.0,25,01/07/2024,17/07/2026,0,N,upadhriti03@example.net,MALE
CUST02542,Frederick Chhabra,30.0,+91 27690 55590,surat,Meghalaya,BSNL,Prepaid,299.0,23,30-08-2024,11 Jul 2026,1,,faqidwason@example.net,M
CUST02543,Maya Balay,63.0,+910122699519,patna,Sikkim,Vi,postpaid,699.0,77,,2026-06-06,5,NO,sarthak40@example.net,M
CUST02544,Vidhi Khalsa,,08013604947,Poona,Andhra Pradesh,BSNL,Postpaid,699.0,14,20250527,07/16/2026,0,NO,,
CUST02545,Mekhala Sood,37.0,+91 07217 69995,Mumbai,Bihar,Vi,POSTPAID,1499.0,59,2021-09-15,19 Jul 2026,1,NO,khatribenjamin@example.org,M
CUST02546,Teerth Palan,47.0,91-39735-10909,Poona,Tamil Nadu,Vi,PRE PAID,99.0,80,25/12/2019,21 Jul 2026,0,,battaaishani@example.net,F
CUST02547,Advik Babu,,,bhopal,West Bengal,BSNL,POSTPAID,799.0,80,25-12-2019,15 Jul 2026,1,NO,sarkaryatan@example.net,FEMALE
CUST02548,Vasatika Ganesh,63.0,,Surat,Assam,BSNL,,499.0,63,20210518,2026-07-09,0,0,usharma@example.org,F
CUST02549,Ekansh Sangha,34.0,07979389269,Chennai,Nagaland,Airtel,Prepaid,719.0,16,28 Mar 2025,20260616,4,Y,aseth@example.org,male
CUST02550,Adweta Bhakta,64.0,+911665189994,Surat,Madhya Pradesh,Airtel,,399.0,45,09 Nov 2022,07/21/2026,1,NO,kmohan@example.net,
CUST02551,Chandresh Wagle,57.0,+91 29155 15219,Surat,Tripura,Jio,Prepaid,599.0,24,31 Jul 2024,20260705,2,Y,usuri@example.org,MALE
CUST02552,JYOTI BORDE,43.0,+91 20727 99994,MUM,Goa,BSNL,POSTPAID,699.0,12,20250726,21 Jul 2026,1,n,panini48@example.net,Male
CUST02553,Inaya Brahmbhatt,44.0,+91 00229 57034,Poona,Andhra Pradesh,Jio,postpaid,799.0,74,06/22/2020,10 Jul 2026,1,0,jasmit01@example.org,
CUST02554,chaman munshi,51.0,91-34777-41546,Amdavad,Tamil Nadu,BSNL,postpaid,799.0,77,2020-03-24,10 Jul 2026,0,,,Male
CUST02555,mitesh tella,39.0,+91 72056 52271,Lucknow,Maharashtra,Vi,,999.0,26,2024-06-01,19 Jul 2026,0,0,imutti@example.org,FEMALE
CUST02556,Vanya Parekh,33.0,91-38287-89917,Bombay,Gujarat,Jio,prepaid,839.0,67,18 Jan 2021,2026-07-13,0,0,diya38@example.org,Male
CUST02557,gauri grewal,36.0,+91 51638 88328,JAIPUR,Meghalaya,Airtel,POSTPAID,399.0,4,23-03-2026,30 May 2026,5,N,chaudhrykala@example.com,F
CUST02558,Samarth Sunder,59.0,91-91128-14714,NCR,Meghalaya,Airtel,PREPAID,599.0,53,14-03-2022,07-07-2026,0,,,Female
CUST02559,Yamini Khurana,26.0,+917186986830,CHENNAI,Telangana,BSNL,Postpaid,399.0,75,23-05-2020,07/06/2026,2,Y,spuri@example.com,FEMALE
CUST02560,Yatan Chopra,43.0,,surat,Rajasthan,Vi,Postpaid,1999.0,32,2023-12-04,,1,,isaacdhar@example.org,MALE
CUST02561,Rachita Shukla,61.0,1068973173,PUNE,Odisha,Airtel,Prepaid,839.0,24,20240731,2026-07-16,0,NO,victordhingra@example.com,female
CUST02562,TANVEER SASTRY,52.0,91-34811-05027,bhopal,Bihar,Vi,Post-paid,799.0,14,2025-05-27,26-06-2026,2,NO,karansandhu@example.org,male
CUST02563,Krishna Chaudhary,27.0,91-48228-08576,INDORE,Punjab,BSNL,Pre-paid,199.0,15,04/27/2025,18/07/2026,1,,harrisonlata@example.net,female
CUST02564,Zarna Kadakia,43.0,+91 70880 63572,INDORE,Gujarat,Jio,PRE PAID,839.0,40,08-04-2023,10/07/2026,1,n,chandranamble@example.com,Male
CUST02565,Daksh Walla,59.0,,Jaipur,Arunachal Pradesh,Airtel,,719.0,23,2024-08-30,18-06-2026,3,Y,jacobbasu@example.com,male
CUST02566,Falan Dubey,32.0,91-69802-25091,indore,Tamil Nadu,Jio,Post-paid,1999.0,31,2024-01-03,20260713,1,,priyamemon@example.org,F
CUST02567,CHAAYA BASAK,35.0,+910598992611,hyderabad,Himachal Pradesh,Vi,,99.0,61,07/17/2021,2026-07-16,0,N,zkulkarni@example.org,male
CUST02568,Ubika Dugar,56.0,+91 57545 23558,lucknow,Punjab,Jio,postpaid,399.0,38,07-06-2023,20-07-2026,0,0,,M
CUST02569,Widisha Sunder,36.0,02972548354,JAIPUR,Rajasthan,Airtel,postpaid,999.0,42,07-02-2023,28-05-2026,3,Y,virajraval@example.org,female
CUST02570,Qasim Vig,47.0,+91 28661 98285,Surat,Kerala,Airtel,Pre-paid,299.0,20,28-11-2024,21/07/2026,1,NO,okumar@example.org,F
CUST02571,Advik Deep,42.0,3988684966,MUM,Uttarakhand,Jio,Prepaid,149.0,3,22 Apr 2026,18-07-2026,0,N,scheema@example.org,F
CUST02572,Jagat Malhotra,21.0,,Bengaluru,Assam,Airtel,PREPAID,99.0,77,,2026-07-10,1,N,qarin10@example.org,Female
CUST02573,MEKHALA SETTY,53.0,+91 04044 64638,SURAT,Maharashtra,Jio,Prepaid,599.0,22,2024-09-29,20260709,0,n,kalayamini@example.com,FEMALE
CUST02574,AKSHAY SHROFF,35.0,,LUCKNOW,Tamil Nadu,Vi,Prepaid,719.0,82,20191026,,1,,devika91@example.org,female
CUST02575,Aarna Gulati,63.0,91-33039-37581,PATNA,,BSNL,PREPAID,399.0,62,2021-06-17,20260707,0,0,lohitdash@example.com,female
CUST02576,Urmi Bandi,42.0,8536106707,PATNA,Goa,Airtel,POSTPAID,499.0,69,19 Nov 2020,29/06/2026,2,Y,sanghaxavier@example.net,F
CUST02577,kalpit seshadri,40.0,08941686318,ahmedabad,Arunachal Pradesh,Jio,postpaid,1499.0,21,10/29/2024,16 Jul 2026,1,,ababu@example.com,M
CUST02578,Vasudha Bhatnagar,19.0,+91 52426 99696,KOLKATA,Uttarakhand,Airtel,Post-paid,1499.0,11,2025-08-25,07/15/2026,0,N,garimapadmanabhan@example.org,
CUST02579,siddharth jayaraman,54.0,+917038341031,Indore,Gujarat,BSNL,Pre-paid,399.0,2,2026-05-22,21/06/2026,5,0,,FEMALE
CUST02580,Tripti Chandran,36.0,,jaipur,West Bengal,Airtel,Postpaid,699.0,65,19/03/2021,16-07-2026,1,N,comarhiral@example.com,male
CUST02581,Zehaan Palla,62.0,5154960660,AHMEDABAD,Punjab,BSNL,Pre-paid,149.0,71,20-09-2020,06/29/2026,5,n,lmitter@example.net,
CUST02582,Abeer Kata,19.0,91-83269-73606,Chennai,Gujarat,Vi,POST PAID,1999.0,38,20230607,2026-07-11,1,0,ubhavsar@example.org,Male
CUST02583,Gaurav Dhawan,25.0,91-10651-51382,Amdavad,Arunachal Pradesh,Jio,PRE PAID,839.0,23,30-08-2024,10/07/2026,1,,vasana23@example.org,MALE
CUST02584,Kamya Gala,47.0,01388515869,Bhopal,Karnataka,Vi,PRE PAID,99.0,20,2024-11-28,17/07/2026,0,n,bhavsarzinal@example.org,F
CUST02585,Nakul Tripathi,18.0,+916187001365,Surat,Jharkhand,Airtel,POSTPAID,1499.0,64,04/18/2021,07/07/2026,1,n,nthaman@example.com,FEMALE
CUST02586,Aradhana Lal,38.0,5414301942,BENGALURU,Meghalaya,Vi,Post-paid,999.0,49,2022-07-12,2026-06-30,3,Y,,male
CUST02587,Kai Srinivasan,,07547691713,SURAT,Arunachal Pradesh,Airtel,,99.0,70,10/20/2020,20260718,0,N,butalaelijah@example.net,Male
CUST02588,Kritika Ghose,56.0,,JAIPUR,Nagaland,BSNL,Post-paid,699.0,11,25-08-2025,20260712,0,0,boraqabil@example.net,Male
CUST02589,ZEHAAN YADAV,29.0,,PATNA,Kerala,BSNL,Prepaid,599.0,80,25 Dec 2019,06/05/2026,5,N,maxoommen@example.net,female
CUST02590,Mohini Rege,58.0,+914329008895,Hyderabad,Telangana,Vi,,499.0,18,2025-01-27,07/09/2026,1,N,neelimabir@example.com,MALE
CUST02591,Eshana Sahni,38.0,08420941844,BENGALURU,Manipur,Jio,Prepaid,499.0,21,29/10/2024,20260621,5,Y,vnagarajan@example.net,FEMALE
CUST02592,Pooja Saxena,50.0,,BENGALURU,Meghalaya,Jio,POST PAID,799.0,12,2025-07-26,08-07-2026,0,N,mitali23@example.net,F
CUST02593,NEHA LANKA,26.0,7876597324,Bhopal,Odisha,Vi,Post-paid,1999.0,55,13-01-2022,,5,Y,kamyasheth@example.net,F
CUST02594,Vedhika Goda,39.0,7024552674,NCR,Assam,Vi,Prepaid,499.0,2,22/05/2026,08/07/2026,0,0,pranav89@example.net,
CUST02595,ekansh salvi,37.0,91-00045-34446,Madras,Kerala,Jio,POST PAID,799.0,10,09/24/2025,24/05/2026,5,Y,aditya29@example.com,Female
CUST02596,Diya Savant,42.0,+91 28255 99484,Madras,Meghalaya,BSNL,Post-paid,699.0,58,15-10-2021,07/17/2026,1,n,shivanshsarraf@example.org,male
CUST02597,ROBERT KALA,27.0,9169318244,,Rajasthan,Airtel,prepaid,839.0,1,20260621,20260711,1,N,qcherian@example.com,MALE
CUST02598,Ansh Walia,33.0,+91 96127 34857,NAGPUR,Punjab,Airtel,POST PAID,399.0,24,31-07-2024,11/07/2026,0,n,dbhalla@example.net,male
CUST02599,zilmil mangat,50.0,+914915022295,LUCKNOW,Maharashtra,Jio,postpaid,399.0,57,11/14/2021,07 Jul 2026,1,n,,MALE
CUST02600,Bishakha Parekh,41.0,,Nagpur,Himachal Pradesh,Vi,Post-paid,499.0,1,21-06-2026,20260721,1,0,banerjeeaishani@example.org,Female
CUST02601,Chasmum Borah,22.0,+91 15624 99372,hyderabad,Manipur,BSNL,,999.0,35,20230905,13-07-2026,1,0,faqidhans@example.net,F
CUST02602,Falan Sarkar,65.0,2984685857,Pune,Arunachal Pradesh,Vi,,599.0,18,01/27/2025,10 Jul 2026,1,n,basushivansh@example.org,Female
CUST02603,Ria Kar,50.0,+91 46529 18935,Nagpur,Tripura,Airtel,Prepaid,839.0,69,19 Nov 2020,2026-07-11,0,,fcontractor@example.net,male
CUST02604,YUVRAJ PRAKASH,63.0,,bhopal,Odisha,BSNL,PREPAID,199.0,4,20260323,17/07/2026,0,N,vasudhabutala@example.net,female
CUST02605,Ekaja Borde,45.0,08020110412,NAGPUR,Assam,Vi,PRE PAID,99.0,40,08-04-2023,07/10/2026,0,N,,Male
CUST02606,Madhav Divan,51.0,2702612592,KOLKATA,Madhya Pradesh,Jio,PREPAID,149.0,4,2026-03-23,20260602,4,Y,khannarayaan@example.net,M
CUST02607,Vidhi Dhingra,18.0,3518893457,indore,Kerala,Airtel,Pre-paid,839.0,7,12/23/2025,07/17/2026,1,NO,neelima93@example.com,F
CUST02608,Maya Kade,63.0,08829787682,delhi,Bihar,Airtel,postpaid,999.0,53,03/14/2022,15/07/2026,0,NO,devanamol@example.org,MALE
CUST02609,darsh tara,40.0,1683314214,Madras,Andhra Pradesh,BSNL,POST PAID,999.0,42,02/07/2023,09-07-2026,1,n,kuruvillamohammed@example.net,male
CUST02610,Sudiksha Malhotra,65.0,+919207904266,Bombay,Nagaland,BSNL,Pre-paid,149.0,38,20230607,09-07-2026,0,n,haritamemon@example.com,
CUST02611,Quincy Choudhary,28.0,,Kolkata,Punjab,Vi,Pre-paid,99.0,66,2021-02-17,,2,N,mkade@example.com,M
CUST02612,Ekaraj Chahal,28.0,+914929078340,Kolkata,Maharashtra,Airtel,,99.0,32,04/12/2023,2026-07-09,0,0,jai78@example.net,female
CUST02613,Udant Pai,57.0,05394118727,Lucknow,Karnataka,Airtel,PRE PAID,599.0,82,10/26/2019,2026-07-08,1,NO,wardaprabhu@example.com,Female
CUST02614,Nitara Ghose,61.0,07808855763,Bhopal,Uttarakhand,Airtel,Pre-paid,999.0,47,09/10/2022,20260711,1,n,tandonlipika@example.net,Female
CUST02615,NIHAL BHALLA,26.0,91-86037-79054,ahmedabad,Karnataka,Jio,PREPAID,399.0,7,,07/07/2026,1,n,patlalipika@example.org,Male
CUST02616,KAI MUNSHI,58.0,91-23548-36625,NCR,Andhra Pradesh,BSNL,POSTPAID,1999.0,20,28/11/2024,19 Jul 2026,1,n,vshan@example.net,M
CUST02617,Aadi Suri,24.0,91-10518-50797,Bangalore,Jharkhand,Vi,PREPAID,999.0,44,2022-12-09,19 Jul 2026,0,,swalia@example.org,
CUST02618,Vasana Pant,20.0,+910960337496,Lucknow,Madhya Pradesh,Airtel,POSTPAID,399.0,6,22 Jan 2026,06/01/2026,2,Y,ranveerdua@example.org,male
CUST02619,falan keer,33.0,+91 80446 00791,bhopal,Sikkim,BSNL,Postpaid,1499.0,78,20200223,11/07/2026,0,N,bariadarika@example.org,Female
CUST02620,balvan chad,37.0,+914301116705,Surat,Goa,Vi,PREPAID,999.0,74,22-06-2020,20260708,0,n,omanne@example.org,Male
CUST02621,Omisha Varma,26.0,+91 26424 91485,nagpur,West Bengal,BSNL,PRE PAID,299.0,48,20220811,14-07-2026,1,n,ramupasna@example.com,FEMALE
CUST02622,Qadim Kibe,50.0,91-15071-68923,Chennai,Himachal Pradesh,Airtel,PREPAID,599.0,11,08/25/2025,25/06/2026,5,NO,dhriti30@example.org,F
CUST02623,Kiaan Nagy,19.0,+917679918244,kolkata,Andhra Pradesh,Airtel,Postpaid,1199.0,43,08-01-2023,2026-07-21,0,n,,female
CUST02624,Akshay Balasubramanian,44.0,,HYDERABAD,Tamil Nadu,Airtel,,399.0,66,,2026-05-29,5,0,walitamanna@example.net,Male
CUST02625,Chaitaly Aggarwal,54.0,1746487820,NAGPUR,Telangana,BSNL,postpaid,499.0,20,2024-11-28,07/11/2026,1,,,MALE
CUST02626,Lakshmi Pillay,35.0,1674312182,Hyd,Sikkim,BSNL,Pre-paid,499.0,11,20250825,03/07/2026,3,NO,bahluwalia@example.org,FEMALE
CUST02627,DAYAMAI PILLAY,56.0,,indore,Goa,Airtel,POST PAID,999.0,55,13/01/2022,10/07/2026,1,0,,FEMALE
CUST02628,Nakul D’Alia,32.0,+91 28687 97325,JAIPUR,Nagaland,Jio,Post-paid,799.0,20,20241128,08 Jul 2026,0,n,semurishilla@example.com,female
CUST02629,Vivaan Vala,57.0,+91 17790 17154,JAIPUR,Maharashtra,Jio,postpaid,999.0,39,05/08/2023,04/06/2026,2,N,pooja08@example.net,M
CUST02630,Hardik Srinivas,38.0,+91 46521 57248,ahmedabad,Jharkhand,Jio,Post-paid,799.0,56,14-12-2021,10 Jul 2026,0,0,amblehiral@example.com,FEMALE
CUST02631,Ridhi Gera,62.0,02261247130,Surat,,Airtel,prepaid,99.0,57,14 Nov 2021,17 Jul 2026,1,0,jyotisahota@example.org,FEMALE
CUST02632,Chakradev Sha,23.0,91-40915-58167,NAGPUR,Maharashtra,BSNL,PRE PAID,999.0,56,2021-12-14,18-06-2026,2,N,aishaniwason@example.com,
CUST02633,PETER YADAV,55.0,08875257687,Madras,Assam,BSNL,Postpaid,699.0,31,01/03/2024,21 Jul 2026,0,0,bmandal@example.com,female
CUST02634,Jack Kade,62.0,08263494590,,Andhra Pradesh,Vi,Post-paid,499.0,17,20250226,20-07-2026,0,0,iyengarkashish@example.net,M
CUST02635,Janani Loyal,47.0,2690594713,Hyd,Karnataka,Airtel,Post-paid,999.0,9,24 Oct 2025,20260706,2,Y,umang63@example.com,
CUST02636,Leela Mukhopadhyay,58.0,4970751497,DELHI,Himachal Pradesh,BSNL,PREPAID,299.0,1,06/21/2026,2026-07-14,0,N,lsant@example.org,M
CUST02637,Jai Acharya,61.0,2824082872,PATNA,Andhra Pradesh,Jio,POSTPAID,1199.0,12,2025-07-26,06/19/2026,5,NO,,male
CUST02638,Matthew D’Alia,52.0,,Lucknow,Punjab,BSNL,PRE PAID,719.0,3,,21-07-2026,0,0,jasonsharma@example.net,female
CUST02639,Gabriel Ratti,46.0,+91 69321 52995,HYDERABAD,Andhra Pradesh,Jio,Pre-paid,299.0,28,02 Apr 2024,21-07-2026,1,,jonathanmohanty@example.com,F
CUST02640,Sara Dalal,41.0,+91 72463 30345,JAIPUR,Tamil Nadu,BSNL,PREPAID,999.0,35,05-09-2023,10 Jul 2026,0,,yauvani17@example.org,male
CUST02641,Girish Dhillon,55.0,91-13069-57071,Chennai,Uttarakhand,BSNL,POSTPAID,999.0,54,12 Feb 2022,11-07-2026,0,n,anamikadhaliwal@example.org,Male
CUST02642,Aishani Dubey,25.0,91-22131-72361,Nagpur,Tamil Nadu,Vi,POST PAID,1499.0,4,2026-03-23,18 Jul 2026,1,N,zehaanchandra@example.org,male
CUST02643,upma arya,47.0,03641402269,patna,Goa,BSNL,Prepaid,999.0,33,04 Nov 2023,20260718,0,n,bishakha16@example.net,F
CUST02644,Aashi Buch,24.0,,indore,Sikkim,Jio,,,68,12/19/2020,23 Jun 2026,4,Y,,Male
CUST02645,UPMA PINGLE,34.0,4568631468,Mumbai,Tamil Nadu,Airtel,POSTPAID,699.0,17,02/26/2025,15 Jul 2026,0,NO,prabhusamarth@example.com,Female
CUST02646,Yatin Arora,51.0,8078899070,lucknow,Telangana,Airtel,PRE PAID,149.0,69,19/11/2020,20/07/2026,0,n,uppalikshita@example.org,Male
CUST02647,Kashvi Apte,63.0,+91 19322 57177,Delhi,Tripura,Jio,PREPAID,499.0,16,03/28/2025,18/07/2026,1,,aryan34@example.net,Female
CUST02648,Jai Shukla,51.0,,Poona,Rajasthan,BSNL,,399.0,15,27 Apr 2025,13/07/2026,1,N,bhargavaamrita@example.com,Female
CUST02649,BISHAKHA SUBRAMANIAM,45.0,,Lucknow,Uttarakhand,BSNL,POSTPAID,399.0,69,19 Nov 2020,21 Jul 2026,0,n,vyasomisha@example.net,Female
CUST02650,Wazir Cheema,30.0,+91 62597 22370,Hyderabad,Haryana,Airtel,prepaid,499.0,36,06 Aug 2023,13-06-2026,5,Y,abarad@example.com,Female
CUST02651,Kalpit Kaur,49.0,91-62928-75045,,Andhra Pradesh,Airtel,Postpaid,1499.0,37,07/07/2023,11-07-2026,0,,misratheodore@example.org,female
CUST02652,Yahvi Sant,48.0,+91 10896 64172,INDORE,Chhattisgarh,Jio,prepaid,719.0,42,07 Feb 2023,12-07-2026,1,,kalabhavya@example.org,Female
CUST02653,Jonathan Iyer,25.0,,Lucknow,West Bengal,Vi,POSTPAID,999.0,26,06/01/2024,18/07/2026,1,NO,qushi11@example.net,
CUST02654,Urvashi More,18.0,+916619739964,lucknow,Rajasthan,BSNL,Pre-paid,149.0,41,09-03-2023,2026-07-15,1,n,mandalsiya@example.net,male
CUST02655,Nimrat Chad,44.0,8709126671,Lucknow,Manipur,Jio,Prepaid,99.0,1,2026-06-21,2026-06-13,5,Y,yash56@example.com,Male
CUST02656,EKAJA THAKUR,49.0,+91 36376 27420,SURAT,Assam,Airtel,POSTPAID,499.0,46,10/10/2022,2026-06-23,3,N,varenyadora@example.com,male
CUST02657,yatin thaman,58.0,+918487415203,hyderabad,Bihar,BSNL,postpaid,699.0,67,18 Jan 2021,,0,NO,ukhurana@example.com,FEMALE
CUST02658,Aryan Gade,31.0,04998564725,Hyd,Sikkim,Jio,Post-paid,799.0,66,20210217,07/09/2026,1,,,female
CUST02659,Abha Dani,55.0,03068312928,Lucknow,Himachal Pradesh,Jio,PREPAID,839.0,26,2024-06-01,2026-07-10,0,n,dewanvarenya@example.org,FEMALE
CUST02660,Bhavna Bakshi,,+917813299111,NCR,Rajasthan,Airtel,Postpaid,699.0,41,09 Mar 2023,09-07-2026,1,NO,,
CUST02661,Oliver Choudhry,52.0,+919208582455,Bangalore,Sikkim,Jio,Post-paid,1199.0,36,08/06/2023,07/07/2026,1,n,tataquincy@example.com,
CUST02662,Harshil Borde,59.0,91-84828-24104,Kolkata,Kerala,Vi,POSTPAID,699.0,10,20250924,07/10/2026,0,n,dsahni@example.org,F
CUST02663,Ikshita Khare,27.0,91-33074-23289,Jaipur,Uttarakhand,BSNL,PREPAID,719.0,45,09 Nov 2022,07/11/2026,1,n,lipikakanda@example.org,male
CUST02664,Bhavika Dhillon,65.0,2496382569,Mumbai,Andhra Pradesh,Jio,POST PAID,699.0,60,16-08-2021,2026-05-25,3,N,azad26@example.net,M
CUST02665,JEEVIKA GHOSH,65.0,+91 99114 43424,JAIPUR,Goa,Vi,prepaid,149.0,9,24-10-2025,07/21/2026,0,N,nchander@example.com,M
CUST02666,DAMINI AMBLE,23.0,09490401272,Ahmedabad,Nagaland,BSNL,Pre-paid,599.0,44,09 Dec 2022,07/15/2026,0,,elijahpathak@example.com,
CUST02667,Ekaraj Patla,46.0,91-77832-18673,,Tamil Nadu,Vi,Post-paid,999.0,45,09 Nov 2022,10/07/2026,1,0,ibahl@example.com,M
CUST02668,ZARNA NARASIMHAN,61.0,+912733502142,HYDERABAD,Tripura,Airtel,POST PAID,1199.0,51,13 May 2022,20260712,0,n,htalwar@example.net,Male
CUST02669,yashodhara sabharwal,46.0,91-23025-30072,Bangalore,Arunachal Pradesh,Jio,POST PAID,699.0,66,17-02-2021,18-06-2026,4,NO,hemangdeol@example.org,FEMALE
CUST02670,Sathvik Dixit,39.0,91-94493-09982,Bhopal,Arunachal Pradesh,BSNL,Postpaid,1199.0,8,20251123,09/07/2026,0,N,zshankar@example.org,Female
CUST02671,Abdul Srivastava,42.0,08078721138,CHENNAI,Jharkhand,Airtel,PREPAID,839.0,11,25/08/2025,20 Jul 2026,1,NO,udarsh86@example.net,M
CUST02672,LUCKY MISRA,64.0,91-73703-88577,BHOPAL,Gujarat,Jio,PREPAID,499.0,79,01/24/2020,2026-07-18,1,NO,krai@example.org,female
CUST02673,max raghavan,38.0,+912162296522,Lucknow,Manipur,BSNL,PRE PAID,99.0,57,14-11-2021,30/06/2026,5,N,radhamutti@example.org,male
CUST02674,Udant Balay,42.0,+91 36138 18487,DELHI,Himachal Pradesh,Jio,Pre-paid,149.0,77,24 Mar 2020,20260710,1,,yatwal@example.org,Female
CUST02675,SAMARTH EDWIN,56.0,,Surat,Odisha,Airtel,PRE PAID,599.0,58,15/10/2021,07/16/2026,1,NO,rrai@example.com,female
CUST02676,Hemang Bahl,63.0,8936574858,JAIPUR,Uttarakhand,Jio,Pre-paid,299.0,62,17-06-2021,07-06-2026,5,,hemal22@example.com,
CUST02677,Upasna Loke,54.0,1196862113,indore,Rajasthan,Jio,postpaid,999.0,25,01/07/2024,07/09/2026,1,NO,henryvirk@example.com,FEMALE
CUST02678,Tara Bajaj,61.0,+91 00103 80121,Surat,Meghalaya,Jio,,399.0,72,21/08/2020,01/07/2026,3,Y,isaacwason@example.org,Female
CUST02679,Vinaya Sagar,51.0,9068400515,Bhopal,Bihar,Jio,postpaid,999.0,63,2021-05-18,24 Jun 2026,3,NO,bansalneel@example.com,Male
CUST02680,Urmi Patel,39.0,,NAGPUR,Sikkim,Airtel,PRE PAID,299.0,25,01-07-2024,18-07-2026,1,NO,shaurya57@example.com,M
CUST02681,Meera Kaur,55.0,+91 64327 33299,CHENNAI,Uttar Pradesh,BSNL,Prepaid,399.0,45,2022-11-09,20/07/2026,1,0,samuelgola@example.com,FEMALE
CUST02682,Aarna Bansal,30.0,+91 72417 49097,Nagpur,Maharashtra,Vi,PRE PAID,719.0,28,20240402,20260709,1,N,rbala@example.net,Male
CUST02683,Quincy Prabhu,26.0,+910816588787,Mumbai,Himachal Pradesh,Vi,Post-paid,1999.0,29,03/03/2024,20/07/2026,1,0,ynarayanan@example.net,MALE
CUST02684,JOSHUA DUTTA,36.0,2892624753,BENGALURU,Odisha,BSNL,POST PAID,1499.0,6,,08 Jul 2026,1,n,indirakant@example.com,F
CUST02685,Udyati Banerjee,55.0,,nagpur,Andhra Pradesh,Vi,Postpaid,999.0,41,03/09/2023,20/07/2026,0,0,tanmayi67@example.com,
CUST02686,Chanchal Gole,48.0,+918876883849,KOLKATA,Goa,Vi,POSTPAID,999.0,83,09/26/2019,10/06/2026,4,,dnayar@example.com,male
CUST02687,Upma Iyer,34.0,+917880936766,jaipur,Haryana,BSNL,PREPAID,299.0,32,,2026-07-07,0,,golaavi@example.org,M
CUST02688,Kala Malhotra,,00903722472,Bangalore,Karnataka,Airtel,Prepaid,399.0,12,26 Jul 2025,20260720,1,NO,xbhatti@example.com,M
CUST02689,Shivani Dixit,39.0,05642260817,KOLKATA,Uttarakhand,Jio,PREPAID,99.0,26,01 Jun 2024,,3,n,,male
CUST02690,Ojasvi Nagi,41.0,01202725811,Ahmedabad,West Bengal,Airtel,POST PAID,499.0,46,10/10/2022,07/13/2026,1,,badamiyachana@example.net,F
CUST02691,Anika Golla,44.0,,CHENNAI,Meghalaya,Vi,PREPAID,499.0,12,26 Jul 2025,07/12/2026,1,n,yashica93@example.net,male
CUST02692,osha nair,42.0,+919277698431,Amdavad,West Bengal,Airtel,PREPAID,199.0,44,09 Dec 2022,07/10/2026,1,0,faqidsha@example.com,M
CUST02693,CHAMAN CHATTERJEE,25.0,91-53564-23164,SURAT,Manipur,Jio,POST PAID,1499.0,52,13-04-2022,20260712,1,0,,M
CUST02694,Aahana Grewal,20.0,+919268248375,surat,Punjab,Vi,POSTPAID,1499.0,73,2020-07-22,20260602,5,,psavant@example.com,female
CUST02695,Jagdish Barad,37.0,01145064533,,Karnataka,BSNL,POST PAID,399.0,29,03 Mar 2024,06-06-2026,4,n,,Female
CUST02696,amruta karnik,50.0,91-52282-48743,Jaipur,Tamil Nadu,BSNL,Postpaid,1499.0,34,20231005,07 Jul 2026,1,,cherianjeremiah@example.com,female
CUST02697,SANAYA GOPAL,,,Delhi,Himachal Pradesh,Vi,PREPAID,599.0,5,20260221,07 Jul 2026,1,N,karasamuel@example.org,M
CUST02698,Anya Kanda,61.0,00970492210,nagpur,Telangana,Vi,Postpaid,999.0,51,13 May 2022,20260529,2,NO,vamakshi61@example.net,Male
CUST02699,Rajeshri Boase,36.0,,kolkata,,BSNL,POST PAID,,8,23 Nov 2025,2026-07-18,1,,xmisra@example.net,
CUST02700,Timothy Nayak,42.0,91-24036-01278,HYDERABAD,,Airtel,POSTPAID,799.0,52,20220413,2026-07-17,0,n,borahmaanav@example.net,MALE
CUST02701,Zaid Bail,20.0,91-62916-96708,Madras,Gujarat,BSNL,POST PAID,1999.0,71,20-09-2020,,1,n,upadhritigoda@example.net,male
CUST02702,TURVI KUMER,59.0,06060326124,Bombay,Haryana,Airtel,Pre-paid,99.0,61,17-07-2021,15 Jul 2026,1,N,deshpandedamini@example.com,MALE
CUST02703,Ekalinga Iyer,57.0,,patna,,BSNL,Pre-paid,399.0,29,03/03/2024,,0,n,dhruv36@example.net,female
CUST02704,Yashodhara Desai,48.0,91-02874-89282,Bengaluru,Uttar Pradesh,Jio,PREPAID,149.0,76,04/23/2020,12 Jul 2026,1,NO,golaadvaith@example.org,F
CUST02705,Kevin Saini,37.0,+914684671947,bangalore,Karnataka,Airtel,Prepaid,499.0,56,14 Dec 2021,20260708,0,NO,dhritiborra@example.org,MALE
CUST02706,Tanay Kadakia,22.0,,DELHI,Himachal Pradesh,Jio,POSTPAID,399.0,35,20230905,12/07/2026,1,0,panini52@example.org,Female
CUST02707,Urmi Sekhon,20.0,00142755263,chennai,Punjab,Airtel,postpaid,399.0,49,,09/07/2026,1,NO,cde@example.net,Male
CUST02708,Chasmum Mukhopadhyay,55.0,91-50461-61713,HYDERABAD,Chhattisgarh,Vi,prepaid,719.0,43,2023-01-08,30-05-2026,5,,aditya78@example.net,M
CUST02709,Jackson Ganguly,34.0,6835161234,Pune,Uttar Pradesh,BSNL,Prepaid,149.0,56,14/12/2021,2026-06-25,2,,fbhavsar@example.org,female
CUST02710,Divya Butala,37.0,,JAIPUR,Himachal Pradesh,Jio,,299.0,72,21 Aug 2020,21 Jul 2026,0,,bahripahal@example.net,Male
CUST02711,Chakradev Salvi,30.0,91-65675-69654,Delhi,Uttarakhand,Airtel,prepaid,99.0,26,01/06/2024,19-07-2026,1,NO,,male
CUST02712,Jagat Saran,57.0,+91 85849 16584,Hyderabad,Telangana,Vi,postpaid,1999.0,49,07/12/2022,,5,,devika42@example.org,FEMALE
CUST02713,Avi Rai,,91-15422-18432,Chennai,Andhra Pradesh,Vi,POST PAID,799.0,2,22-05-2026,20260623,3,Y,zkarnik@example.com,M
CUST02714,Vritti Muni,49.0,05972804667,DELHI,Nagaland,BSNL,PRE PAID,399.0,84,2019-08-27,08 Jul 2026,0,NO,wyattsarin@example.org,
CUST02715,Aadi Bahl,50.0,05879806665,Amdavad,Assam,Jio,POST PAID,399.0,64,2021-04-18,07/10/2026,1,NO,xgour@example.org,MALE
CUST02716,Yagnesh Morar,40.0,6737292687,Bhopal,Bihar,Jio,Postpaid,999.0,4,23 Mar 2026,2026-07-21,0,N,qasimkakar@example.net,female
CUST02717,KAMYA KADAKIA,53.0,7578735944,Madras,Tripura,BSNL,Prepaid,199.0,3,22/04/2026,08-07-2026,1,,faras39@example.com,MALE
CUST02718,Omisha Kapadia,54.0,00176966671,BENGALURU,Bihar,BSNL,Prepaid,499.0,53,03/14/2022,22-06-2026,4,0,hbasak@example.org,female
CUST02719,Nilima Kala,19.0,03137265125,INDORE,Karnataka,BSNL,POST PAID,1499.0,60,16/08/2021,20260713,0,N,,F
CUST02720,Omkaar Walia,47.0,91-74920-50318,DELHI,Jharkhand,BSNL,Pre-paid,299.0,37,07/07/2023,20260715,1,0,gautamidewan@example.net,MALE
CUST02721,Yuvraj Nadkarni,63.0,+91 28392 78178,nagpur,Mizoram,BSNL,Post-paid,399.0,11,25 Aug 2025,,1,0,dbarad@example.net,M
CUST02722,Balendra Gour,42.0,07018110735,Hyd,Gujarat,Airtel,POST PAID,1999.0,22,29/09/2024,20260711,0,0,,female
CUST02723,Vasudha Baria,35.0,6797808684,patna,Haryana,Jio,,999.0,40,04/08/2023,14/07/2026,1,,wbatra@example.org,MALE
CUST02724,Wridesh Brar,21.0,8641189474,Bhopal,Telangana,BSNL,PRE PAID,999.0,66,17 Feb 2021,06/05/2026,5,Y,frado08@example.org,MALE
CUST02725,Ishita Kalita,22.0,+913127731528,indore,Goa,Jio,PREPAID,599.0,35,09/05/2023,20260714,0,0,pbora@example.net,F
CUST02726,YADAVI LATA,28.0,,nagpur,West Bengal,Airtel,POSTPAID,799.0,50,20220612,20260707,1,n,utrivedi@example.com,Male
CUST02727,barkha karnik,49.0,+91 39889 13997,indore,Chhattisgarh,Jio,Post-paid,799.0,38,07/06/2023,21/07/2026,1,0,mannvedant@example.com,Male
CUST02728,jonathan tella,58.0,+91 89733 56130,hyderabad,Gujarat,BSNL,Pre-paid,499.0,60,16/08/2021,13/06/2026,5,Y,,FEMALE
CUST02729,Yug Kohli,49.0,08483997413,Amdavad,Sikkim,Airtel,,719.0,66,17-02-2021,25 May 2026,3,Y,sandhuanthony@example.com,FEMALE
CUST02730,ZAYYAN DHILLON,32.0,03311297974,bhopal,Manipur,BSNL,,149.0,7,12/23/2025,20260605,2,N,chaitaly80@example.com,male
CUST02731,Yatan Grover,45.0,91-12378-68943,BLR,Sikkim,Jio,,599.0,63,18-05-2021,14-07-2026,0,N,hemangbalakrishnan@example.net,
CUST02732,Elijah Ray,51.0,01082968292,,Telangana,Jio,POST PAID,1199.0,81,25/11/2019,08-07-2026,0,0,yug62@example.com,female
CUST02733,gautam badami,27.0,+91 02381 40490,PUNE,Karnataka,Jio,Prepaid,199.0,44,09/12/2022,13-07-2026,1,,triveni69@example.com,MALE
CUST02734,Om Parmer,58.0,+91 57017 27853,INDORE,Rajasthan,BSNL,PRE PAID,399.0,31,20240103,20260718,1,n,mohanumang@example.org,Female
CUST02735,Onkar Sengupta,,,Bhopal,Uttar Pradesh,Vi,Post-paid,999.0,16,2025-03-28,2026-07-13,1,n,yastibhat@example.net,Female
CUST02736,Zayyan Srivastava,26.0,91-81352-83388,BLR,Odisha,Airtel,prepaid,499.0,23,20240830,14 Jun 2026,4,Y,vrishti88@example.org,FEMALE
CUST02737,Harinakshi Choudhry,,+910004683524,LUCKNOW,Arunachal Pradesh,Jio,Post-paid,699.0,7,20251223,08/07/2026,1,,ayushman30@example.net,female
CUST02738,Gaurika Aurora,43.0,+915152701274,Ahmedabad,Madhya Pradesh,Airtel,PRE PAID,149.0,75,05/23/2020,07/21/2026,0,,paugeetika@example.com,male
CUST02739,Gaurav Dash,27.0,+91 32588 07612,LUCKNOW,Tamil Nadu,Vi,Post-paid,,63,18/05/2021,07/12/2026,0,NO,knair@example.com,F
CUST02740,JACOB ISSAC,28.0,+919835874744,,Rajasthan,Jio,prepaid,,60,16-08-2021,01 Jul 2026,4,,bishakhachaudry@example.com,
CUST02741,Tristan Maharaj,58.0,91-52859-23446,Madras,Punjab,Vi,PREPAID,149.0,10,09/24/2025,2026-07-11,0,0,waida13@example.org,Male
CUST02742,Balendra Cheema,20.0,91-62378-55671,Surat,Tripura,BSNL,,149.0,29,03-03-2024,12/07/2026,0,N,soodoviya@example.org,Male
CUST02743,Advay Banik,51.0,8328646412,DELHI,Jharkhand,Airtel,prepaid,599.0,56,14/12/2021,09/06/2026,5,,karanomaja@example.net,Female
CUST02744,Mugdha Pant,33.0,+91 46817 55795,CHENNAI,Uttar Pradesh,BSNL,PREPAID,719.0,61,07/17/2021,2026-07-15,1,,abdul55@example.com,MALE
CUST02745,Victor Oommen,32.0,,surat,Himachal Pradesh,Airtel,postpaid,1199.0,62,17/06/2021,20260707,1,NO,jarya@example.net,Female
CUST02746,Banjeet Buch,30.0,91-95146-74702,surat,Mizoram,Jio,Pre-paid,499.0,44,09 Dec 2022,13-07-2026,0,0,zinalnarasimhan@example.com,male
CUST02747,Janaki Manne,56.0,91-83960-48318,Surat,Arunachal Pradesh,Jio,POST PAID,499.0,39,08-05-2023,07/10/2026,1,n,irastogi@example.com,
CUST02748,Charvi Lad,60.0,+912229783099,AHMEDABAD,Kerala,Jio,Postpaid,999.0,33,04/11/2023,20260522,2,,nagyishita@example.com,M
CUST02749,SANAYA MITAL,41.0,,nagpur,Nagaland,Vi,postpaid,699.0,29,,11/07/2026,1,0,leena22@example.org,FEMALE
CUST02750,Bachittar Narayanan,39.0,+916232179140,KOLKATA,Tripura,Vi,postpaid,1199.0,38,2023-06-07,30/06/2026,4,n,dominic26@example.com,FEMALE
CUST02751,Krishna Aurora,45.0,+91 72614 24483,indore,Tripura,BSNL,Pre-paid,99.0,18,27/01/2025,19 Jul 2026,1,n,patricksunder@example.org,Male
CUST02752,Harinakshi Saxena,26.0,02382389256,SURAT,Haryana,Vi,Post-paid,1499.0,36,06/08/2023,07/09/2026,1,N,pallasiddharth@example.com,Male
CUST02753,Krishna Kothari,41.0,01815808499,jaipur,Uttarakhand,Vi,Post-paid,699.0,83,26 Sep 2019,16-07-2026,1,NO,fthakkar@example.org,MALE
CUST02754,Yash Som,58.0,91-36143-26995,CHENNAI,West Bengal,Jio,POST PAID,499.0,24,31/07/2024,15 Jul 2026,0,NO,vbakshi@example.org,F
CUST02755,DAMYANTI BHATT,34.0,,Lucknow,Rajasthan,Airtel,POST PAID,699.0,22,29/09/2024,07/10/2026,1,0,sachibhat@example.com,male
CUST02756,Qadim Narasimhan,43.0,+917200102927,LUCKNOW,Tripura,Vi,POST PAID,1499.0,79,24-01-2020,20260708,0,N,aariniseshadri@example.com,M
CUST02757,Hritik Ghosh,23.0,+917396450676,ahmedabad,Uttarakhand,Airtel,POSTPAID,1499.0,35,09/05/2023,20260710,0,NO,bsubramanian@example.net,Female
CUST02758,Rushil Bhagat,30.0,02736741304,Lucknow,Tamil Nadu,Airtel,Pre-paid,999.0,4,23-03-2026,11/07/2026,0,,maanas89@example.org,Female
CUST02759,Harish Lanka,25.0,+91 06183 55496,LUCKNOW,Goa,Airtel,Pre-paid,149.0,63,,18 Jul 2026,1,n,dugarlakshit@example.com,Male
CUST02760,Barkha Chaudhuri,63.0,0278929214,bhopal,Manipur,Vi,PRE PAID,499.0,78,23 Feb 2020,21-07-2026,1,NO,dayamai97@example.com,M
CUST02761,Ishanvi Bava,38.0,+91 38788 85882,Chennai,Gujarat,Airtel,PRE PAID,399.0,66,17/02/2021,2026-07-20,1,n,vritti53@example.org,female
CUST02762,Darika Bajaj,22.0,3928298118,Indore,Telangana,Airtel,Prepaid,599.0,40,2023-04-08,14 Jun 2026,2,N,,Female
CUST02763,Maanav Kohli,49.0,8423814900,nagpur,West Bengal,Vi,Postpaid,799.0,6,22/01/2026,2026-07-15,1,0,dev69@example.net,M
CUST02764,Fitan Dar,34.0,+91 95222 49867,INDORE,Punjab,Jio,Prepaid,,27,02-05-2024,12/07/2026,1,n,tanmayidoshi@example.net,FEMALE
CUST02765,Lekha Sandhu,54.0,+91 29140 22680,Indore,Uttarakhand,Airtel,Post-paid,399.0,30,02-02-2024,2026-07-11,0,0,unnisandhu@example.org,MALE
CUST02766,Oeshi Lanka,19.0,91-11327-23566,PATNA,Kerala,Vi,POST PAID,399.0,37,20230707,14-07-2026,0,NO,ranbir89@example.org,MALE
CUST02767,Tanmayi Devi,47.0,9402071277,Kolkata,Sikkim,Jio,POSTPAID,499.0,7,12/23/2025,26/06/2026,2,Y,pbakshi@example.org,
CUST02768,Tristan Prabhakar,29.0,91-27673-30229,Bengaluru,Tamil Nadu,Jio,PRE PAID,199.0,57,20211114,2026-07-16,1,n,kalabimala@example.org,
CUST02769,Eshana Char,51.0,3252448531,Nagpur,Tripura,Jio,Postpaid,1499.0,15,27-04-2025,20260717,0,N,geetikasaini@example.net,FEMALE
CUST02770,Yashvi Acharya,40.0,+913961890783,surat,Goa,Jio,prepaid,149.0,2,22/05/2026,20260604,4,N,vedika51@example.org,FEMALE
CUST02771,Tanmayi Pau,39.0,,nagpur,Chhattisgarh,BSNL,prepaid,999.0,76,23/04/2020,08/07/2026,0,NO,darwriddhish@example.net,F
CUST02772,Nakul Nigam,58.0,1056733806,hyderabad,Nagaland,Jio,Post-paid,399.0,4,,21-07-2026,0,NO,dnagarajan@example.com,male
CUST02773,RIDHI SUR,33.0,5574044992,Chennai,Odisha,Jio,POST PAID,1499.0,47,2022-09-10,19 Jul 2026,1,0,wnigam@example.net,
CUST02774,Warjas Uppal,65.0,08800125390,Bombay,Goa,Airtel,POSTPAID,1499.0,67,18 Jan 2021,14/07/2026,0,,zachariahdominic@example.org,M
CUST02775,Warjas Naidu,37.0,5283153389,Indore,Haryana,Airtel,POSTPAID,999.0,17,26/02/2025,10-07-2026,0,0,bchar@example.net,female
CUST02776,Onkar Setty,29.0,,BHOPAL,Odisha,Vi,Postpaid,1999.0,54,02/12/2022,2026-07-10,1,NO,mayamandal@example.net,male
CUST02777,Dominic Iyer,56.0,04362017111,New Delhi,Gujarat,Jio,POST PAID,1999.0,38,20230607,07/14/2026,1,NO,,Female
CUST02778,Anjali Shukla,33.0,6369969178,NAGPUR,,BSNL,POSTPAID,499.0,26,01-06-2024,20260712,0,NO,katabenjamin@example.org,Male
CUST02779,Vaishnavi Saha,32.0,,Bengaluru,Kerala,BSNL,Prepaid,99.0,40,2023-04-08,20260627,3,Y,,male
CUST02780,Bimala Goel,60.0,04552180859,hyderabad,Gujarat,BSNL,POST PAID,1199.0,78,02/23/2020,11/07/2026,1,,krish34@example.com,female
CUST02781,Advaith Bandi,38.0,7619880242,indore,Uttar Pradesh,BSNL,PREPAID,839.0,4,23/03/2026,07/07/2026,0,,kotharikashvi@example.org,M
CUST02782,SUHANI AGRAWAL,41.0,4934737257,Indore,,Airtel,Postpaid,1199.0,38,20230607,20260524,5,NO,rushilpandey@example.net,M
CUST02783,Fitan Rao,39.0,+91 76229 78248,Jaipur,Uttar Pradesh,BSNL,prepaid,399.0,31,03-01-2024,06/15/2026,5,0,libniperi@example.org,Male
CUST02784,Kalpit Mander,20.0,91-71881-58582,MUMBAI,Bihar,Jio,Prepaid,999.0,77,24-03-2020,2026-07-11,1,NO,udarshsinghal@example.com,male
CUST02785,Wriddhish Kibe,54.0,91-12811-01801,Chennai,Karnataka,BSNL,Postpaid,,60,08/16/2021,11-07-2026,1,NO,aadipatil@example.org,male
CUST02786,UNNI SACHAR,36.0,7227643911,Bombay,West Bengal,Airtel,Postpaid,499.0,23,30-08-2024,09 Jul 2026,1,NO,qdeo@example.com,Male
CUST02787,Atharv Suresh,48.0,,bhopal,Punjab,Airtel,postpaid,1199.0,33,20231104,12 Jul 2026,0,,okapur@example.org,FEMALE
CUST02788,ZAYYAN BALA,64.0,,pune,Nagaland,BSNL,,,84,27/08/2019,17 Jul 2026,1,,anirudh34@example.org,male
CUST02789,Gagan Borah,37.0,9866645070,Surat,Uttar Pradesh,BSNL,PRE PAID,719.0,41,20230309,2026-07-08,1,0,,M
CUST02790,raagini sane,32.0,+91 85824 06858,LUCKNOW,Telangana,Airtel,,719.0,51,2022-05-13,08-07-2026,1,NO,xbhavsar@example.org,Male
CUST02791,CHANDRAN KUMER,48.0,7025383697,INDORE,Himachal Pradesh,BSNL,POSTPAID,999.0,24,20240731,07/07/2026,0,NO,jananimisra@example.com,M
CUST02792,Harita Saran,35.0,+919253460581,JAIPUR,West Bengal,Vi,Postpaid,699.0,65,03/19/2021,16-07-2026,0,0,alka98@example.com,Male
CUST02793,Ekbal Saraf,45.0,,Hyderabad,Andhra Pradesh,Airtel,Post-paid,1199.0,19,28/12/2024,20260718,1,,damini13@example.net,MALE
CUST02794,Dayamai Johal,41.0,+918303860655,Madras,Andhra Pradesh,Airtel,Postpaid,399.0,49,12-07-2022,07/07/2026,1,N,nbasak@example.org,Female
CUST02795,Indira Anand,25.0,+91 06302 58366,Nagpur,Goa,Vi,PREPAID,99.0,74,22/06/2020,20260707,0,n,vyasdevansh@example.net,male
CUST02796,Upadhriti Iyengar,47.0,09764433125,nagpur,Jharkhand,BSNL,Post-paid,,9,,07/07/2026,1,NO,nihalchandran@example.net,MALE
CUST02797,Raagini Natarajan,19.0,8537335020,BENGALURU,Bihar,Vi,,399.0,16,28 Mar 2025,07/20/2026,0,N,yachana90@example.org,male
CUST02798,Janaki Gade,48.0,8738129465,PUNE,Himachal Pradesh,BSNL,POSTPAID,1999.0,49,12 Jul 2022,31/05/2026,3,n,badalgirik@example.org,MALE
CUST02799,Tanay Thaker,23.0,8909013028,LUCKNOW,Punjab,Jio,Prepaid,999.0,47,2022-09-10,20260709,0,0,yatinramaswamy@example.org,FEMALE
CUST02800,Krishna Raval,56.0,03214752528,Nagpur,Jharkhand,Vi,Pre-paid,719.0,55,13/01/2022,2026-07-21,0,N,csabharwal@example.org,M
CUST02801,Divya Edwin,55.0,02642887970,SURAT,Rajasthan,Airtel,Postpaid,1199.0,57,11/14/2021,13 Jul 2026,0,n,,MALE
CUST02802,hritik bhardwaj,47.0,1952665330,jaipur,Goa,Airtel,Postpaid,499.0,70,20-10-2020,20260714,1,NO,wchaudry@example.com,MALE
CUST02803,Adya Dash,39.0,+91 16877 00184,jaipur,Mizoram,Vi,prepaid,199.0,34,20231005,08-07-2026,1,N,taradayita@example.org,MALE
CUST02804,Aishani Mital,29.0,91-38618-17314,Delhi,Mizoram,Vi,PREPAID,399.0,54,02/12/2022,16 Jul 2026,1,NO,nachiket12@example.net,F
CUST02805,wyatt chakrabarti,62.0,+912432405049,Bengaluru,Chhattisgarh,BSNL,POST PAID,799.0,13,2025-06-26,2026-07-18,1,NO,saminiharika@example.com,FEMALE
CUST02806,Leena Hans,38.0,,Lucknow,Arunachal Pradesh,Jio,POSTPAID,499.0,36,06/08/2023,07/17/2026,0,NO,isaac55@example.org,FEMALE
CUST02807,Mugdha Bakshi,49.0,07996323866,Calcutta,Bihar,Vi,Pre-paid,719.0,66,17/02/2021,11-07-2026,0,n,devika78@example.net,FEMALE
CUST02808,Gautam Rout,49.0,05810790247,KOLKATA,Goa,BSNL,,719.0,62,06/17/2021,07/15/2026,0,N,,F
CUST02809,Anya Jain,26.0,04799318457,hyderabad,Jharkhand,Vi,Post-paid,1199.0,47,10 Sep 2022,07/07/2026,0,n,jai42@example.net,MALE
CUST02810,Chaitaly Ganesh,26.0,06308253900,patna,Kerala,BSNL,Pre-paid,599.0,74,20200622,10-07-2026,1,,,Male
CUST02811,Falguni Ranganathan,43.0,+91 64627 88663,Bengaluru,,Vi,Prepaid,599.0,7,12/23/2025,20260715,1,N,bbhatti@example.org,M
CUST02812,Orinder Dyal,23.0,,Amdavad,Haryana,BSNL,POST PAID,1999.0,57,11/14/2021,20260713,0,N,champak98@example.net,Female
CUST02813,Ladli Mand,29.0,5808178697,LUCKNOW,Andhra Pradesh,Vi,POST PAID,799.0,35,05/09/2023,16-07-2026,1,N,peterlata@example.com,F
CUST02814,jagat grover,19.0,91-96318-00986,Bombay,Uttar Pradesh,Vi,Pre-paid,499.0,28,02 Apr 2024,07/18/2026,1,NO,xrao@example.net,female
CUST02815,Wahab Vora,,+91 92441 89234,Bombay,Gujarat,Airtel,prepaid,839.0,27,02-05-2024,11-06-2026,2,n,,Male
CUST02816,Priya Memon,44.0,,JAIPUR,Chhattisgarh,Vi,POST PAID,1199.0,72,21 Aug 2020,14-07-2026,0,N,garaliam@example.net,FEMALE
CUST02817,Mahika Walia,42.0,+91 81644 33730,Surat,,Jio,PREPAID,99.0,75,20200523,20260717,0,,falan95@example.org,M
CUST02818,Oliver Mani,47.0,+91 73009 16461,Hyderabad,Uttar Pradesh,Airtel,,399.0,83,26 Sep 2019,07/07/2026,0,0,chaudhrylavanya@example.net,Female
CUST02819,HEMANI SHUKLA,44.0,91-65438-44126,New Delhi,Goa,Vi,Post-paid,799.0,20,20241128,19/07/2026,0,,krishnakarnik@example.com,MALE
CUST02820,Sanya Rajagopalan,60.0,+91 77480 76660,bhopal,Haryana,BSNL,prepaid,499.0,27,20240502,20260710,0,n,tanveervenkatesh@example.org,female
CUST02821,Chatresh Arya,48.0,04887610059,Hyd,Karnataka,Vi,Post-paid,1999.0,9,24 Oct 2025,17 Jul 2026,0,n,rhayre@example.net,F
CUST02822,pratyush khosla,,06460288368,CHENNAI,Tamil Nadu,BSNL,PREPAID,839.0,20,28 Nov 2024,,0,NO,avni95@example.com,Female
CUST02823,Yasti Venkataraman,58.0,91-07720-78028,INDORE,Chhattisgarh,BSNL,Prepaid,599.0,75,23 May 2020,08 Jul 2026,0,n,jagvimadan@example.net,
CUST02824,Ethan Kara,63.0,1058378498,Indore,Nagaland,Jio,postpaid,1999.0,62,17-06-2021,10 Jul 2026,1,,bganguly@example.org,
CUST02825,Adya Chander,41.0,+910918149835,Lucknow,Haryana,Vi,prepaid,99.0,45,11/09/2022,2026-07-13,1,NO,cjoshi@example.net,FEMALE
CUST02826,Darsh Ramesh,20.0,5410031699,Madras,Manipur,BSNL,,719.0,57,14/11/2021,2026-07-20,0,,kpau@example.org,F
CUST02827,Jeevika Lad,37.0,6453384524,hyderabad,Meghalaya,Vi,Pre-paid,199.0,28,2024-04-02,07/07/2026,0,,kumaranamika@example.org,female
CUST02828,MAANAS IYER,62.0,8789708746,chennai,West Bengal,Jio,PRE PAID,,26,01-06-2024,07/16/2026,0,NO,brijesh17@example.org,Female
CUST02829,jonathan kohli,29.0,04861141635,bhopal,Punjab,Airtel,PRE PAID,199.0,69,19-11-2020,20260527,2,Y,xbaral@example.com,male
CUST02830,Hemangini Kannan,42.0,+913447798733,Ahmedabad,Nagaland,Vi,prepaid,839.0,45,09-11-2022,20260713,1,0,indrajitmander@example.net,female
CUST02831,Anay Dasgupta,31.0,,Madras,,Airtel,postpaid,999.0,64,04/18/2021,08 Jul 2026,1,N,nilima51@example.org,male
CUST02832,Oliver Puri,64.0,+91 59593 18571,SURAT,Odisha,Vi,PREPAID,719.0,16,03/28/2025,16 Jul 2026,0,N,craman@example.net,male
CUST02833,Aarna Desai,65.0,91-48542-08481,PATNA,Manipur,BSNL,,199.0,49,12 Jul 2022,,0,,xkhare@example.net,F
CUST02834,Lekha Goel,58.0,,JAIPUR,Jharkhand,BSNL,Postpaid,399.0,30,2024-02-02,20260710,1,NO,riyadhingra@example.net,male
CUST02835,Anthony Chad,30.0,,New Delhi,Bihar,Airtel,Post-paid,499.0,67,2021-01-18,15-07-2026,1,,yhayre@example.org,female
CUST02836,Tarak Banerjee,59.0,91-93060-89819,Ahmedabad,Maharashtra,BSNL,Prepaid,719.0,29,03/03/2024,11-07-2026,0,n,saiedwin@example.net,Female
CUST02837,Abhimanyu Goswami,34.0,04161669459,BLR,Assam,BSNL,POSTPAID,1999.0,71,20 Sep 2020,2026-06-28,3,Y,bhattiabha@example.com,female
CUST02838,Ekaja Jayaraman,45.0,91-71396-08389,Hyderabad,Himachal Pradesh,Jio,,999.0,66,17/02/2021,18-07-2026,1,0,,MALE
CUST02839,PRANEEL SHA,42.0,91-75626-92338,Calcutta,Sikkim,BSNL,postpaid,1499.0,26,06/01/2024,07/21/2026,1,0,dayita33@example.org,Female
CUST02840,Gopal Rajagopal,56.0,08132212495,Bhopal,Rajasthan,Airtel,Postpaid,999.0,1,,18/07/2026,1,,ranbirrattan@example.net,male
CUST02841,Dev Ramachandran,32.0,91-04665-04638,Hyd,Karnataka,Airtel,Pre-paid,149.0,45,11/09/2022,20260713,1,NO,,Male
CUST02842,Owen Mallick,20.0,+91 56609 44697,SURAT,Assam,Airtel,postpaid,1999.0,57,11/14/2021,17/07/2026,1,0,tmagar@example.org,female
CUST02843,Lopa Karnik,65.0,,AHMEDABAD,Mizoram,BSNL,Postpaid,1499.0,16,03/28/2025,19-07-2026,1,,bhavsarbrijesh@example.com,MALE
CUST02844,Nachiket Kuruvilla,60.0,91-31776-26018,jaipur,Tamil Nadu,Jio,PRE PAID,599.0,22,09/29/2024,,2,n,vyanjananazareth@example.net,FEMALE
CUST02845,Watika Vaidya,54.0,,Mumbai,Telangana,Vi,prepaid,99.0,47,10 Sep 2022,08 Jul 2026,1,,,FEMALE
CUST02846,aishani wadhwa,51.0,,bhopal,Nagaland,Vi,Postpaid,499.0,82,20191026,2026-07-07,0,,memonria@example.net,MALE
CUST02847,Bahadurjit Sachdev,62.0,91-62197-64039,Poona,Assam,BSNL,Prepaid,999.0,47,2022-09-10,20260718,0,NO,samichanakya@example.org,male
CUST02848,tanmayi dey,43.0,,Kolkata,Mizoram,BSNL,POST PAID,499.0,67,18-01-2021,13-07-2026,1,n,vshan@example.net,
CUST02849,chakradhar bhatti,18.0,,PUNE,Bihar,Airtel,Pre-paid,99.0,65,2021-03-19,08 Jul 2026,1,NO,amaratalwar@example.com,MALE
CUST02850,Gagan Rama,51.0,01088265257,JAIPUR,Uttarakhand,Jio,Post-paid,999.0,7,20251223,27 May 2026,5,N,imane@example.com,male
CUST02851,Brinda Gera,63.0,+915753946343,nagpur,Gujarat,Vi,PRE PAID,719.0,68,19 Dec 2020,06/07/2026,4,0,tanveer81@example.org,
CUST02852,Bachittar Basu,65.0,91-96641-00128,,West Bengal,Airtel,POST PAID,699.0,54,02/12/2022,2026-07-08,1,0,oliverborra@example.com,
CUST02853,Nathaniel Mall,52.0,+911965284454,CHENNAI,Manipur,Airtel,POST PAID,399.0,69,19 Nov 2020,18 Jul 2026,1,0,pbadami@example.com,M
CUST02854,KRITIKA BHANDARI,24.0,91-96935-41989,Madras,Goa,Jio,PRE PAID,399.0,68,19/12/2020,12-07-2026,1,N,bpillay@example.net,female
CUST02855,Harinakshi Grewal,22.0,91-78993-70387,BENGALURU,Arunachal Pradesh,BSNL,PREPAID,199.0,54,12/02/2022,17/07/2026,0,0,dattasaanvi@example.net,F
CUST02856,Omya Yadav,33.0,91-57260-44909,indore,Assam,Vi,Postpaid,1999.0,72,20200821,10 Jul 2026,1,0,nbhakta@example.net,M
CUST02857,Jai Zachariah,48.0,,Bangalore,Sikkim,Jio,Postpaid,699.0,48,11-08-2022,17-06-2026,4,N,mbandi@example.org,MALE
CUST02858,Gayathri Kaur,59.0,,hyderabad,Goa,Jio,POST PAID,399.0,21,29 Oct 2024,20260618,2,NO,orinder06@example.net,female
CUST02859,Anthony Nagarajan,19.0,,bhopal,Himachal Pradesh,Airtel,PREPAID,999.0,38,07/06/2023,2026-07-10,1,0,abhimanyuoza@example.net,
CUST02860,Hardik Sani,26.0,6074852986,jaipur,Chhattisgarh,Vi,Postpaid,499.0,39,08 May 2023,07/08/2026,0,n,hiteshbarad@example.com,M
CUST02861,Ekiya Bhardwaj,55.0,,Nagpur,Nagaland,BSNL,Prepaid,719.0,21,29-10-2024,2026-07-11,1,NO,nakshkurian@example.com,FEMALE
CUST02862,Rudra Doshi,37.0,8993475843,chennai,,Vi,Post-paid,1999.0,78,2020-02-23,19/07/2026,0,N,prisha18@example.org,M
CUST02863,Krisha Bala,21.0,+911424696371,LUCKNOW,Goa,Jio,PRE PAID,499.0,57,14/11/2021,01-06-2026,4,n,sonisara@example.net,
CUST02864,Oeshi Pillai,27.0,+914111723466,Jaipur,Jharkhand,Airtel,PRE PAID,,16,2025-03-28,12 Jul 2026,0,,rayaanthaman@example.org,F
CUST02865,Janani Ravel,,2871718560,JAIPUR,Jharkhand,Jio,prepaid,299.0,54,12 Feb 2022,2026-07-18,1,0,xbala@example.org,Female
CUST02866,Wriddhish Naidu,22.0,+91 06212 88916,bangalore,,Airtel,PRE PAID,719.0,4,03/23/2026,20260709,1,n,,
CUST02867,Chaitaly Lalla,55.0,06666508562,bhopal,Uttarakhand,Airtel,prepaid,149.0,27,2024-05-02,13 Jul 2026,1,N,,Male
CUST02868,Aayush Chaudhary,38.0,+91 58143 02345,LUCKNOW,Manipur,BSNL,Postpaid,1199.0,41,03/09/2023,20260621,5,,pratyush92@example.com,F
CUST02869,Darika Deshmukh,57.0,91-63902-96408,Pune,Bihar,Vi,POST PAID,1199.0,46,20221010,08-07-2026,1,N,kai18@example.com,female
CUST02870,Gaurangi Guha,59.0,05196095860,LUCKNOW,,Jio,postpaid,1999.0,12,07/26/2025,20260711,1,,ojasvibaral@example.org,Male
CUST02871,Nikita Bava,54.0,2891041109,Calcutta,Gujarat,Vi,,499.0,62,17 Jun 2021,2026-07-04,2,n,jacobbumb@example.com,M
CUST02872,LIAM DEY,,2872388565,nagpur,Telangana,Jio,,299.0,57,2021-11-14,20260708,0,0,chandran30@example.org,MALE
CUST02873,Jatin Kade,60.0,+911651163993,INDORE,Arunachal Pradesh,Airtel,Postpaid,399.0,2,20260522,17 Jul 2026,0,0,chandresh59@example.net,FEMALE
CUST02874,Tejas Bumb,21.0,,Ahmedabad,Rajasthan,Airtel,POSTPAID,699.0,39,08-05-2023,07-07-2026,0,,yashawini16@example.net,
CUST02875,Anirudh Gole,27.0,+91 46338 32802,KOLKATA,Andhra Pradesh,Jio,postpaid,1199.0,38,2023-06-07,21/07/2026,0,N,tanaykari@example.com,F
CUST02876,Shivansh Varghese,48.0,+913311647896,Ahmedabad,Odisha,Vi,Post-paid,1999.0,67,01/18/2021,13/07/2026,1,NO,cchana@example.org,
CUST02877,Harita Tella,54.0,91-87046-28159,Lucknow,Nagaland,Airtel,Pre-paid,499.0,60,20210816,2026-06-21,3,Y,qbasu@example.com,F
CUST02878,Sara Dhaliwal,49.0,+913119792183,NAGPUR,Manipur,Airtel,POST PAID,999.0,53,14/03/2022,12 Jun 2026,2,NO,qarinswaminathan@example.net,FEMALE
CUST02879,Pahal Khosla,61.0,,jaipur,West Bengal,Jio,Postpaid,1199.0,67,18 Jan 2021,20260717,1,0,ahluwaliaanusha@example.com,
CUST02880,Akshay Wagle,35.0,91-89023-70240,bhopal,Rajasthan,BSNL,POSTPAID,1999.0,77,24 Mar 2020,17-07-2026,0,NO,jkarnik@example.com,Male
CUST02881,Vrinda Chaudry,62.0,+91 15988 51011,patna,Odisha,BSNL,Postpaid,499.0,64,18-04-2021,,0,0,atharvramachandran@example.com,FEMALE
CUST02882,Rohan Krishna,43.0,00975917766,LUCKNOW,,Jio,Post-paid,499.0,9,24/10/2025,16/07/2026,1,NO,praneelbala@example.org,
CUST02883,Caleb Nagy,51.0,,bhopal,,BSNL,postpaid,699.0,20,20241128,11/07/2026,1,N,,FEMALE
CUST02884,Lavanya Jhaveri,,00617789444,Patna,Tamil Nadu,BSNL,Post-paid,1999.0,78,2020-02-23,20260707,1,n,croy@example.com,FEMALE
CUST02885,Lakshit Kamdar,33.0,08742274993,Madras,Manipur,Airtel,PREPAID,499.0,14,27-05-2025,,0,N,,
CUST02886,Ekantika Rege,32.0,91-86282-50994,jaipur,Bihar,BSNL,PREPAID,399.0,40,08 Apr 2023,21 Jul 2026,0,,elijah69@example.org,F
CUST02887,Wazir Chander,64.0,8475951865,Hyderabad,Tamil Nadu,Airtel,Prepaid,399.0,8,23-11-2025,,0,,omisha31@example.org,MALE
CUST02888,Noah Brahmbhatt,49.0,+91 10698 35773,bhopal,Punjab,Airtel,Prepaid,299.0,44,20221209,01 Jun 2026,5,,wazirtripathi@example.com,male
CUST02889,Yug Oak,56.0,,Kolkata,Meghalaya,Jio,postpaid,1999.0,1,21-06-2026,03-07-2026,3,Y,dharharshil@example.org,MALE
CUST02890,Zehaan Narula,40.0,91-33978-50375,Bangalore,Uttarakhand,Airtel,postpaid,499.0,27,02-05-2024,20260618,2,Y,yashasvisood@example.org,
CUST02891,Charan Koshy,62.0,,pune,Manipur,Vi,postpaid,499.0,5,02/21/2026,18-07-2026,1,n,rajata92@example.net,female
CUST02892,Patrick Doctor,22.0,,KOLKATA,Nagaland,Jio,,299.0,14,27 May 2025,17 Jul 2026,0,0,,M
CUST02893,Jackson Pathak,53.0,+91 30821 07910,DELHI,Manipur,Airtel,Pre-paid,149.0,69,2020-11-19,07/08/2026,0,n,bhargavachampak@example.net,MALE
CUST02894,JEEVIKA BALAY,31.0,91-63386-16022,CHENNAI,West Bengal,BSNL,Postpaid,799.0,81,25 Nov 2019,20260710,0,N,ravalatharv@example.com,FEMALE
CUST02895,Jackson Mukherjee,27.0,8308339334,Amdavad,Assam,Airtel,prepaid,99.0,46,,20260720,0,NO,riadada@example.net,FEMALE
CUST02896,Nicholas Warrior,31.0,+910762809956,hyderabad,Telangana,Vi,prepaid,149.0,79,24 Jan 2020,07/17/2026,1,NO,rayindrajit@example.org,FEMALE
CUST02897,Abeer Kota,52.0,+91 78116 49024,Indore,Chhattisgarh,Airtel,PRE PAID,199.0,5,21/02/2026,20260710,1,,ebhasin@example.org,MALE
CUST02898,Krisha Ghose,53.0,+91 91313 38607,Madras,Tamil Nadu,BSNL,Pre-paid,839.0,22,20240929,14/07/2026,1,0,wram@example.net,Male
CUST02899,Elijah Krishnan,60.0,91-26691-97696,Bangalore,,Vi,postpaid,1499.0,39,20230508,11-07-2026,0,,keya51@example.com,MALE
CUST02900,Gaurav Sandal,60.0,+91 85648 30988,Ahmedabad,Chhattisgarh,Vi,postpaid,499.0,58,20211015,08/07/2026,1,0,jhalak89@example.com,female
CUST02901,Ekanta Apte,23.0,+91 95722 81605,surat,,Jio,Postpaid,999.0,55,01/13/2022,07/21/2026,1,,tnori@example.net,F
CUST02902,Abeer Bala,55.0,6050206515,Lucknow,Manipur,BSNL,Postpaid,799.0,59,20210915,2026-06-01,2,Y,divanwaida@example.net,MALE
CUST02903,Udant Wali,40.0,+916548190117,BENGALURU,Telangana,Jio,Postpaid,1499.0,76,04/23/2020,16/06/2026,5,n,ubala@example.net,MALE
CUST02904,Tanveer Barad,29.0,2588713228,mumbai,Odisha,BSNL,Postpaid,699.0,46,2022-10-10,,1,N,dhingraharini@example.net,male
CUST02905,qasim gill,30.0,+910086578797,delhi,Sikkim,Vi,prepaid,99.0,27,02 May 2024,17/07/2026,1,,oliver47@example.net,female
CUST02906,MAANAV BISWAS,48.0,9370734856,nagpur,Telangana,BSNL,POST PAID,699.0,82,20191026,07/09/2026,1,NO,chatreshsampath@example.net,Female
CUST02907,amruta lall,43.0,,Ahmedabad,Manipur,BSNL,Post-paid,699.0,73,22/07/2020,21/07/2026,1,n,zgaba@example.net,
CUST02908,Karan Basak,44.0,91-55483-15229,Bengaluru,Tripura,Jio,PREPAID,99.0,24,31 Jul 2024,2026-06-05,3,n,gaurangi87@example.com,female
CUST02909,Arjun Walia,21.0,,Bhopal,Goa,Vi,PRE PAID,999.0,34,2023-10-05,19-07-2026,1,,ovarty@example.com,female
CUST02910,Om Bera,21.0,91-05772-97533,JAIPUR,West Bengal,Jio,postpaid,499.0,12,26 Jul 2025,2026-07-20,1,,charan88@example.org,Male
CUST02911,Balveer Aurora,64.0,6970727908,Nagpur,Meghalaya,Vi,Postpaid,1499.0,24,07/31/2024,20260708,0,NO,theodoresrinivasan@example.org,FEMALE
CUST02912,Eesha Rege,63.0,,jaipur,Sikkim,BSNL,Pre-paid,499.0,45,09/11/2022,12-07-2026,0,NO,darpan95@example.net,
CUST02913,Kamya Soni,43.0,+913277540555,BLR,Meghalaya,BSNL,postpaid,1999.0,74,22/06/2020,17/07/2026,1,,jkapadia@example.com,female
CUST02914,Henry Garde,65.0,09812118588,Calcutta,Tripura,Vi,POST PAID,1999.0,34,05/10/2023,19-07-2026,1,N,kadedarika@example.org,
CUST02915,girindra bawa,,0038107412,NAGPUR,Jharkhand,Vi,POSTPAID,1199.0,3,22/04/2026,19 Jul 2026,1,0,,Male
CUST02916,Aarini Kulkarni,42.0,07638631863,lucknow,Karnataka,Vi,postpaid,999.0,58,2021-10-15,2026-07-09,0,NO,pandithemal@example.net,
CUST02917,BAHADURJIT KANT,63.0,,Bombay,Mizoram,Vi,POSTPAID,1999.0,1,21-06-2026,20260626,5,N,upmahanda@example.net,Male
CUST02918,Yahvi Thakkar,56.0,91-01128-40172,bangalore,Manipur,Airtel,prepaid,719.0,24,20240731,20260708,1,,triyakarpe@example.net,female
CUST02919,Zayan Nagy,29.0,+91 96988 04919,,Karnataka,Airtel,Post-paid,699.0,69,,,0,n,ishanvi45@example.com,female
CUST02920,Ekta Handa,34.0,08217389145,Lucknow,Tripura,BSNL,,99.0,58,20211015,17/07/2026,1,NO,,male
CUST02921,Nidra Sheth,54.0,91-42090-42584,Hyd,Maharashtra,Vi,POST PAID,1199.0,20,11/28/2024,2026-07-16,0,n,hvarma@example.org,Male
CUST02922,Widisha Wagle,53.0,+91 45930 50699,BENGALURU,Meghalaya,Vi,postpaid,999.0,14,27/05/2025,07 Jul 2026,0,NO,gravi@example.org,female
CUST02923,Qushi Bhatnagar,19.0,06442370141,lucknow,Assam,BSNL,POSTPAID,399.0,34,2023-10-05,07/21/2026,1,,faqidnadkarni@example.org,FEMALE
CUST02924,Sarthak Prakash,55.0,+91 96323 62537,bhopal,Jharkhand,Airtel,Post-paid,699.0,84,27/08/2019,20260613,5,Y,hsen@example.com,MALE
CUST02925,BRIJESH BARAD,37.0,+915864917058,Nagpur,Gujarat,Airtel,POSTPAID,799.0,32,04-12-2023,07/09/2026,0,NO,,M
CUST02926,Ryan Sastry,48.0,00310519681,LUCKNOW,Jharkhand,BSNL,POST PAID,999.0,22,2024-09-29,20260709,0,N,boseaarav@example.com,male
CUST02927,Azad Batta,63.0,91-29515-38410,chennai,,BSNL,Pre-paid,149.0,27,05/02/2024,,0,,kmajumdar@example.com,female
CUST02928,Mohammed Banik,60.0,01942285220,Nagpur,Himachal Pradesh,Jio,POSTPAID,499.0,16,28/03/2025,22-05-2026,2,NO,,male
CUST02929,Yoshita Sha,61.0,+91 67499 88351,PATNA,Punjab,Jio,Post-paid,1999.0,61,07/17/2021,06/14/2026,5,NO,routanya@example.net,Female
CUST02930,Amol Subramanian,40.0,06608604899,Indore,Gujarat,BSNL,POST PAID,999.0,21,29-10-2024,07/08/2026,1,n,beraelijah@example.org,FEMALE
CUST02931,Chasmum Chaudhry,63.0,+91 67550 31093,Madras,Haryana,Vi,Post-paid,1499.0,41,03/09/2023,05/29/2026,2,NO,regebhavani@example.org,FEMALE
CUST02932,Watika Devi,24.0,2534044440,Jaipur,Maharashtra,Airtel,PREPAID,599.0,75,23/05/2020,07/19/2026,0,N,cjayaraman@example.net,MALE
CUST02933,UDARSH GUHA,55.0,+91 63395 97577,PATNA,Nagaland,Vi,Post-paid,499.0,53,14/03/2022,05/28/2026,3,NO,mitalimane@example.net,male
CUST02934,chatura nigam,22.0,91-36620-66610,Nagpur,Tripura,Vi,,99.0,14,20250527,31 May 2026,5,N,nattaditya@example.org,Female
CUST02935,Imaran Buch,51.0,07370612455,Hyderabad,Himachal Pradesh,BSNL,POSTPAID,499.0,29,20240303,20260701,2,N,leelakapadia@example.com,MALE
CUST02936,Vansha Vora,36.0,,Bhopal,Mizoram,Airtel,Postpaid,,78,20200223,2026-05-27,2,n,mbansal@example.net,Male
CUST02937,Umang Das,48.0,4430278911,NAGPUR,Telangana,Jio,postpaid,1199.0,51,13 May 2022,13/07/2026,1,,,male
CUST02938,Jeevika Boase,37.0,,mumbai,Tamil Nadu,Jio,POST PAID,1199.0,40,08-04-2023,07/14/2026,1,,vrishtitak@example.org,male
CUST02939,Nachiket Dhar,31.0,08678236278,Amdavad,Uttar Pradesh,Vi,Post-paid,1199.0,1,20260621,20260715,1,n,pbhavsar@example.net,FEMALE
CUST02940,Sara Zachariah,19.0,0287340362,kolkata,Assam,Jio,POST PAID,699.0,21,20241029,15 Jul 2026,0,NO,raghavgola@example.net,MALE
CUST02941,Omkaar Lanka,50.0,91-73116-01240,AHMEDABAD,Rajasthan,Vi,Post-paid,,20,28 Nov 2024,20260715,0,0,kuruvillaikbal@example.com,female
CUST02942,Sneha Swaminathan,60.0,09319938963,nagpur,Odisha,BSNL,POSTPAID,1199.0,46,10-10-2022,07/09/2026,0,,vincentapte@example.net,
CUST02943,Janya Prabhakar,42.0,01016329000,BHOPAL,Punjab,Airtel,POSTPAID,1199.0,30,20240202,21 Jul 2026,1,n,advika33@example.net,MALE
CUST02944,PRANAV CHAND,34.0,,NAGPUR,Meghalaya,BSNL,PRE PAID,299.0,25,01-07-2024,2026-06-13,5,0,chadhaumang@example.org,F
CUST02945,Tripti Contractor,29.0,06559253242,surat,Haryana,Vi,Pre-paid,199.0,17,02/26/2025,25 Jun 2026,4,Y,nairurvi@example.com,
CUST02946,advay amble,45.0,91-58522-43167,Lucknow,Manipur,Airtel,POST PAID,1999.0,67,20210118,07/13/2026,0,,,M
CUST02947,DAMINI BOBAL,,,Jaipur,Telangana,Jio,postpaid,1499.0,24,31/07/2024,2026-07-08,1,,chandranmohini@example.net,MALE
CUST02948,Vyanjana Wason,45.0,91-75384-73659,BENGALURU,Punjab,Vi,Pre-paid,149.0,81,20191125,20260711,0,,padmanabhanmax@example.com,F
CUST02949,Balvan Acharya,53.0,,BHOPAL,Odisha,BSNL,postpaid,399.0,47,10/09/2022,20260710,1,N,loyalsarthak@example.org,F
CUST02950,DAYAMAI DAYAL,58.0,,Jaipur,Bihar,Jio,Postpaid,,20,20241128,16 Jul 2026,0,,ekanshmuni@example.com,female
CUST02951,Jeevika Nair,33.0,5608973654,surat,Rajasthan,Jio,POSTPAID,999.0,30,2024-02-02,12/07/2026,0,0,lbora@example.net,M
CUST02952,vaishnavi dugar,21.0,,BHOPAL,Arunachal Pradesh,BSNL,PRE PAID,299.0,81,25 Nov 2019,20260714,1,N,giriksarin@example.com,M
CUST02953,Balhaar Raman,32.0,+915813551264,Delhi,Kerala,BSNL,Postpaid,1199.0,38,07-06-2023,16 Jun 2026,4,Y,yaminigaba@example.com,MALE
CUST02954,Advay Setty,,+917873621848,patna,Karnataka,BSNL,prepaid,599.0,52,13-04-2022,20260718,0,0,fwagle@example.net,F
CUST02955,qushi suresh,56.0,91-31509-70710,,,BSNL,Postpaid,1999.0,14,27 May 2025,2026-06-19,5,Y,xhari@example.net,MALE
CUST02956,Gaurang Mannan,32.0,,New Delhi,Goa,Airtel,prepaid,839.0,30,2024-02-02,2026-07-19,0,,ikshitashanker@example.com,Male
CUST02957,Anvi Cheema,58.0,+915589119831,Bangalore,Gujarat,Airtel,postpaid,799.0,54,12/02/2022,20260523,4,Y,,male
CUST02958,Madhavi Tak,20.0,5586445264,hyderabad,,Vi,Prepaid,839.0,27,20240502,14-07-2026,1,n,jatin48@example.net,F
CUST02959,Damini Choudhary,22.0,91-80810-26233,Surat,Haryana,Jio,Post-paid,999.0,72,21/08/2020,2026-07-18,1,0,fmore@example.net,FEMALE
CUST02960,REVA DE,52.0,,Lucknow,Telangana,BSNL,,719.0,38,07 Jun 2023,05/29/2026,4,N,ladjeet@example.net,
CUST02961,guneet kala,,+91 91930 51271,NCR,Rajasthan,Jio,POST PAID,999.0,45,09-11-2022,05/27/2026,2,0,saijohal@example.net,Male
CUST02962,Yashasvi Sarma,40.0,02956910352,Hyderabad,Manipur,BSNL,prepaid,199.0,46,10 Oct 2022,23 Jun 2026,2,Y,,
CUST02963,Atharv Kala,30.0,91-01654-18384,Calcutta,Rajasthan,Airtel,Prepaid,99.0,21,10/29/2024,2026-07-13,0,N,murtynikita@example.org,Female
CUST02964,Maanas Ravi,60.0,+91 79858 64907,MUMBAI,Punjab,Vi,prepaid,149.0,83,26/09/2019,2026-07-04,4,,guneet15@example.net,Female
CUST02965,Harish Sidhu,48.0,91-17984-48998,chennai,Bihar,Airtel,Post-paid,1499.0,16,28-03-2025,18/07/2026,0,NO,knarang@example.org,F
CUST02966,Yashodhara Sachar,37.0,,ahmedabad,Himachal Pradesh,Airtel,Postpaid,999.0,54,02/12/2022,2026-07-09,1,N,janitanveer@example.com,FEMALE
CUST02967,Hemal Luthra,32.0,,INDORE,Jharkhand,Airtel,Postpaid,1999.0,46,20221010,2026-07-08,0,n,,Male
CUST02968,Aradhana Oak,50.0,91-06690-46364,Ahmedabad,Sikkim,Airtel,,599.0,21,29 Oct 2024,20260708,1,n,gautamkumar@example.net,FEMALE
CUST02969,avi dhaliwal,61.0,+91 02431 81009,Surat,Assam,Vi,prepaid,599.0,57,14/11/2021,06/05/2026,2,Y,iwarrior@example.net,male
CUST02970,Tanvi Doctor,39.0,+91 99714 68574,ahmedabad,Telangana,Jio,PRE PAID,149.0,72,21/08/2020,2026-07-19,0,0,kohliati@example.org,Female
CUST02971,Anthony Cheema,40.0,09772989872,bhopal,West Bengal,BSNL,Prepaid,839.0,60,16-08-2021,20260531,3,Y,ygupta@example.org,
CUST02972,Rachana Sanghvi,22.0,04036073771,Hyderabad,Telangana,Vi,Prepaid,299.0,41,03/09/2023,13-07-2026,1,,oliversaran@example.org,M
CUST02973,Samesh Ganguly,65.0,+91 61236 52893,Indore,Haryana,Airtel,,299.0,64,04/18/2021,22-06-2026,2,Y,brarharini@example.net,
CUST02974,Radhika Golla,35.0,3039519468,BLR,Nagaland,BSNL,POSTPAID,699.0,35,2023-09-05,20260608,3,Y,chaturavohra@example.org,female
CUST02975,Sarthak Sanghvi,18.0,6721625685,hyderabad,Maharashtra,Jio,Pre-paid,599.0,55,13 Jan 2022,08 Jul 2026,0,,mpadmanabhan@example.org,F
CUST02976,Unnati Dutta,34.0,01596543910,Mumbai,,BSNL,postpaid,1499.0,20,28 Nov 2024,20260716,0,,balhaar11@example.com,FEMALE
CUST02977,Lohit Sinha,57.0,3152300516,chennai,Sikkim,Jio,Prepaid,499.0,50,2022-06-12,07/11/2026,0,NO,mukherjeechanakya@example.com,FEMALE
CUST02978,Fiyaz Muni,62.0,4356034114,Hyd,Meghalaya,BSNL,PRE PAID,839.0,38,07-06-2023,08 Jul 2026,1,NO,,male
CUST02979,Isaac Pall,35.0,,indore,Telangana,Airtel,Pre-paid,,44,12/09/2022,2026-07-03,2,0,waidarastogi@example.com,Female
CUST02980,Yochana Naidu,54.0,+91 52157 23148,NCR,Chhattisgarh,Vi,,499.0,56,14-12-2021,06 Jul 2026,5,NO,msani@example.com,F
CUST02981,Mohammed Gala,63.0,,CHENNAI,Karnataka,BSNL,Pre-paid,599.0,43,20230108,20260710,0,,vasudhasem@example.net,male
CUST02982,Hritik Nanda,,91-65152-03508,DELHI,Meghalaya,Airtel,POSTPAID,1999.0,36,06 Aug 2023,15 Jul 2026,1,N,eta33@example.com,male
CUST02983,elijah mallick,42.0,2192902450,DELHI,Sikkim,Jio,PRE PAID,839.0,47,20220910,09 Jul 2026,0,0,vincent91@example.net,female
CUST02984,Sai Seshadri,21.0,0634832348,Lucknow,Haryana,Airtel,POSTPAID,1999.0,82,26/10/2019,18 Jul 2026,1,N,auroraupma@example.net,FEMALE
CUST02985,Wahab Tripathi,47.0,8456845861,Surat,Maharashtra,Airtel,POST PAID,1999.0,83,26 Sep 2019,17 Jul 2026,1,,jeremiah37@example.com,Female
CUST02986,Priya Ghose,31.0,+91 86739 79600,nagpur,Tamil Nadu,Vi,,999.0,37,07 Jul 2023,2026-07-20,1,,manderfrederick@example.net,Male
CUST02987,Bahadurjit Bansal,46.0,08367139088,NAGPUR,Himachal Pradesh,Jio,postpaid,699.0,14,2025-05-27,11 Jul 2026,1,N,sarnarachita@example.org,Female
CUST02988,Samaksh Kari,21.0,+914452098148,NCR,Bihar,Vi,postpaid,499.0,20,28-11-2024,2026-07-16,1,N,om51@example.net,
CUST02989,diya dhawan,32.0,02088225746,kolkata,Chhattisgarh,BSNL,PRE PAID,499.0,65,20210319,28-06-2026,3,Y,anvi43@example.net,
CUST02990,Vrishti Purohit,60.0,+911880381459,MUM,Maharashtra,Jio,PREPAID,99.0,38,07-06-2023,19 Jul 2026,1,0,mdani@example.net,male
CUST02991,Gauri Balakrishnan,35.0,09709649654,LUCKNOW,Nagaland,Vi,POSTPAID,499.0,13,2025-06-26,22-05-2026,4,0,,F
CUST02992,Ekansh Murty,,91-09071-70290,Kolkata,Andhra Pradesh,Vi,PREPAID,399.0,68,19/12/2020,2026-05-24,2,,ethankhare@example.net,F
CUST02993,Fiyaz Trivedi,62.0,9495568210,PATNA,Chhattisgarh,Vi,PRE PAID,839.0,66,17/02/2021,05-06-2026,3,n,zrastogi@example.com,female
CUST02994,Lekha Modi,40.0,+918377929574,bhopal,Chhattisgarh,BSNL,Postpaid,799.0,20,2024-11-28,17 Jul 2026,1,0,venkataramanhemangini@example.com,female
CUST02995,YASHODA JOHAL,22.0,+915804849511,nagpur,Sikkim,Airtel,Pre-paid,199.0,6,22/01/2026,07/08/2026,1,0,xavierhora@example.org,F
CUST02996,Shaurya Roy,44.0,07244438077,indore,Punjab,BSNL,postpaid,1499.0,60,2021-08-16,20260719,0,0,bhardwajgirish@example.com,male
CUST02997,Watika Guha,51.0,+91 26625 28716,BHOPAL,Uttar Pradesh,BSNL,postpaid,999.0,37,07 Jul 2023,16 Jul 2026,0,0,logan22@example.net,Female
CUST02998,ANVI AURORA,30.0,91-02999-03037,Kolkata,Gujarat,Vi,postpaid,499.0,50,2022-06-12,06/24/2026,4,Y,ojasvi82@example.net,Male
CUST02999,Balvan Garde,42.0,91-37607-60694,Delhi,Telangana,BSNL,Postpaid,699.0,34,20231005,20 Jul 2026,0,0,skibe@example.com,Male
CUST03000,Januja Vaidya,58.0,+911807681301,Surat,Karnataka,Vi,,599.0,16,20250328,20260712,1,,jpradhan@example.com,male
CUST03001,Atharv Prabhu,31.0,,NAGPUR,Tripura,Jio,,149.0,52,13/04/2022,26 May 2026,5,n,routdiya@example.net,
CUST03002,Lajita Malhotra,25.0,6155989283,BHOPAL,Tamil Nadu,Airtel,postpaid,1999.0,61,17/07/2021,21-07-2026,0,n,mandazashil@example.net,female
CUST03003,Oliver Ranganathan,40.0,+918834625804,NCR,West Bengal,Airtel,POSTPAID,699.0,73,22 Jul 2020,2026-07-16,1,N,nsundaram@example.net,
CUST03004,Watika Aggarwal,26.0,+912047148908,delhi,Tamil Nadu,Vi,prepaid,499.0,75,23/05/2020,16/07/2026,0,n,,MALE
CUST03005,Maanav Andra,54.0,91-82205-02580,pune,Kerala,Airtel,POST PAID,1199.0,36,06-08-2023,19 Jul 2026,0,0,niharikathaman@example.net,M
CUST03006,Ekbal More,35.0,,Lucknow,Tripura,BSNL,POSTPAID,499.0,65,20210319,2026-07-15,1,,ckrishnamurthy@example.com,F
CUST03007,Veer Rajagopalan,22.0,+919227196703,Lucknow,Telangana,Jio,Prepaid,719.0,44,09 Dec 2022,25 May 2026,3,NO,barkhachand@example.net,M
CUST03008,Tanvi Kibe,35.0,09433152166,BHOPAL,Kerala,Jio,postpaid,1999.0,25,20240701,07-07-2026,1,n,elijahkala@example.net,F
CUST03009,Raghav Murthy,61.0,+916492896681,AHMEDABAD,Tamil Nadu,Jio,POSTPAID,,4,20260323,2026-07-14,1,NO,ganga47@example.com,Male
CUST03010,Aarav Jaggi,52.0,8642943214,indore,Meghalaya,Vi,postpaid,1199.0,32,2023-12-04,20260718,0,N,aray@example.org,FEMALE
CUST03011,aarnav kumer,55.0,3542762931,NAGPUR,Gujarat,BSNL,Post-paid,1999.0,84,27/08/2019,20260709,0,,unni40@example.org,MALE
CUST03012,Adweta Nanda,24.0,03059616050,Pune,Tamil Nadu,Airtel,POSTPAID,699.0,55,13/01/2022,20260629,4,N,jkurian@example.net,male
CUST03013,Chandani Parsa,33.0,08006556424,SURAT,Uttar Pradesh,Airtel,Pre-paid,149.0,72,08/21/2020,13/07/2026,0,NO,tankriya@example.com,Male
CUST03014,MADHAVI KANNAN,30.0,,Surat,Tamil Nadu,BSNL,Prepaid,599.0,13,26-06-2025,07/18/2026,1,0,natarajandevika@example.net,Female
CUST03015,Ucchal Patel,24.0,4736531933,lucknow,Manipur,Vi,POSTPAID,1199.0,84,08/27/2019,19 Jul 2026,0,n,,male
CUST03016,Sai Naik,25.0,+91 54783 64374,Bhopal,Maharashtra,Airtel,Prepaid,199.0,27,20240502,20260527,4,N,tarakparsa@example.net,
CUST03017,Upasna Nazareth,35.0,+911240214099,NAGPUR,Gujarat,BSNL,PRE PAID,499.0,26,01-06-2024,07/09/2026,0,NO,jbasu@example.com,F
CUST03018,Frado Mohanty,37.0,+91 88633 20026,Lucknow,Tamil Nadu,Vi,PREPAID,,37,07-07-2023,27/06/2026,4,N,charvitella@example.com,F
CUST03019,Yashawini Tiwari,43.0,5661396110,MUMBAI,Haryana,Jio,,149.0,55,13-01-2022,20-07-2026,1,N,,Female
CUST03020,Raksha Venkataraman,21.0,1846503207,Poona,Arunachal Pradesh,Vi,,599.0,5,21 Feb 2026,22/05/2026,4,n,kumerayush@example.net,F
CUST03021,Maanas Randhawa,59.0,03018844502,Surat,Nagaland,BSNL,Postpaid,999.0,52,13 Apr 2022,18/07/2026,0,n,oborra@example.org,M
CUST03022,NIKITA BANERJEE,42.0,,Chennai,Mizoram,Jio,Postpaid,999.0,76,23/04/2020,2026-07-11,0,,hemalpandey@example.com,MALE
CUST03023,Robert Lad,56.0,+91 84554 27305,Nagpur,Punjab,BSNL,Postpaid,999.0,7,2025-12-23,2026-07-08,0,N,sampathyash@example.net,Female
CUST03024,Naksh Rajagopal,48.0,+91 98760 59127,BENGALURU,Kerala,Vi,PRE PAID,499.0,74,06/22/2020,15 Jul 2026,1,0,jagat60@example.net,female
CUST03025,Niharika Saha,,07829268898,Nagpur,Chhattisgarh,Jio,,99.0,10,09/24/2025,16 Jul 2026,1,0,,F
CUST03026,Nikita Saini,51.0,+91 70268 92005,Indore,Meghalaya,Jio,Postpaid,499.0,25,01-07-2024,21 Jul 2026,1,N,yadavi50@example.com,MALE
CUST03027,CHARAN PANCHAL,63.0,05721187288,Patna,Bihar,Airtel,POST PAID,499.0,61,20210717,20/07/2026,1,,sethchakradev@example.org,female
CUST03028,Kabir Keer,37.0,,Delhi,Kerala,BSNL,prepaid,999.0,77,24/03/2020,07/21/2026,1,0,pillaifaraj@example.net,MALE
CUST03029,Elijah Puri,46.0,2465840352,Poona,Goa,Vi,Prepaid,399.0,76,,14-07-2026,1,0,sahawidisha@example.org,F
CUST03030,Charita Borra,64.0,+916376315869,mumbai,Kerala,Jio,PREPAID,499.0,12,2025-07-26,01/07/2026,3,Y,hemanibora@example.net,F
CUST03031,Unnati Buch,64.0,+91 07941 42824,JAIPUR,Uttarakhand,Vi,prepaid,299.0,71,20/09/2020,20260612,3,N,garima13@example.net,M
CUST03032,Girish Luthra,18.0,05953479576,Hyderabad,Arunachal Pradesh,Airtel,PRE PAID,99.0,70,2020-10-20,2026-07-12,1,,,M
CUST03033,Gauri Prakash,32.0,+91 94841 84986,Nagpur,Sikkim,Jio,Prepaid,719.0,37,07-07-2023,,2,NO,sanghatanish@example.net,
CUST03034,Nandini Kumar,44.0,,Lucknow,Haryana,BSNL,postpaid,1199.0,28,2024-04-02,20260610,5,0,qshanker@example.net,M
CUST03035,Urmi Dayal,63.0,4673852219,DELHI,Odisha,Jio,prepaid,719.0,64,2021-04-18,15 Jul 2026,1,,brijesh98@example.com,M
CUST03036,Naksh Chand,63.0,,pune,Jharkhand,Vi,Post-paid,399.0,60,2021-08-16,06/27/2026,4,Y,deokevin@example.com,
CUST03037,Atharv Dhar,45.0,06051713644,Calcutta,Gujarat,Airtel,prepaid,99.0,37,20230707,09-07-2026,0,N,,male
CUST03038,Ucchal Nagar,22.0,,Poona,Sikkim,Jio,Prepaid,499.0,44,09-12-2022,20260710,1,,prishagupta@example.net,M
CUST03039,Kamya Shenoy,,00208914096,patna,Nagaland,Airtel,Postpaid,399.0,43,2023-01-08,07/16/2026,1,,tejas35@example.com,male
CUST03040,Ethan Naik,41.0,,Nagpur,Assam,Airtel,PREPAID,149.0,60,,07/20/2026,1,n,singhallekha@example.com,male
CUST03041,Jai Aurora,46.0,+91 89146 53461,SURAT,Nagaland,Vi,PREPAID,839.0,76,23/04/2020,15 Jul 2026,0,N,ojas84@example.com,female
CUST03042,Qushi Keer,31.0,91-47211-74560,KOLKATA,Karnataka,Airtel,POSTPAID,699.0,59,2021-09-15,07 Jul 2026,0,N,dsandal@example.org,Female
CUST03043,Lipika Bhatnagar,,91-09867-80001,New Delhi,,BSNL,postpaid,1999.0,33,,20-06-2026,3,0,moregaurav@example.net,M
CUST03044,Varenya Ram,43.0,+91 95951 97539,NAGPUR,Haryana,Jio,prepaid,99.0,78,20200223,11 Jul 2026,1,n,chanakya99@example.net,female
CUST03045,Anjali Gaba,21.0,,JAIPUR,Arunachal Pradesh,Jio,Post-paid,1199.0,14,20250527,20260721,0,n,girikloke@example.com,Male
CUST03046,Watika Swaminathan,47.0,+913917104341,BHOPAL,Maharashtra,Airtel,Prepaid,299.0,64,04/18/2021,05/07/2026,5,NO,dhriti96@example.com,FEMALE
CUST03047,Jhalak Rao,38.0,06426439694,NAGPUR,Mizoram,Airtel,POSTPAID,999.0,13,26/06/2025,08-07-2026,0,n,taradhar@example.com,FEMALE
CUST03048,Oviya Ramaswamy,64.0,03718932766,Nagpur,Uttarakhand,Vi,PRE PAID,149.0,43,,19-07-2026,0,N,wyattnagar@example.org,male
CUST03049,Upasna Krishnan,58.0,+91 64502 99718,Bombay,Nagaland,Vi,PRE PAID,599.0,25,01/07/2024,17-07-2026,1,0,bimalaborra@example.net,male
CUST03050,VIHAAN TAK,27.0,91-85168-62124,JAIPUR,Bihar,BSNL,PRE PAID,149.0,83,09/26/2019,11/07/2026,1,NO,rehaan41@example.com,
CUST03051,Aahana Chand,56.0,+917299872607,SURAT,Chhattisgarh,Airtel,,,79,01/24/2020,08/07/2026,1,NO,surilucky@example.net,female
CUST03052,Simon Prashad,31.0,+91 49583 43584,DELHI,Tripura,Jio,Prepaid,99.0,79,01/24/2020,10/07/2026,1,N,warinder88@example.net,M
CUST03053,Banjeet Dube,57.0,+916857678634,lucknow,Meghalaya,Jio,Postpaid,1499.0,19,2024-12-28,06/06/2026,5,Y,,male
CUST03054,Ishwar Arya,37.0,,surat,Sikkim,Jio,postpaid,699.0,24,20240731,07/11/2026,1,,lila83@example.com,FEMALE
CUST03055,Indrajit Nagar,50.0,+91 96559 04216,mumbai,Telangana,Vi,Post-paid,999.0,26,01/06/2024,,0,N,chamankurian@example.org,F
CUST03056,Chatura Kar,52.0,91-21611-99588,surat,Kerala,BSNL,,599.0,11,25 Aug 2025,20260711,1,,,Female
CUST03057,Pranit Butala,56.0,+91 36264 43327,MUM,Mizoram,Airtel,Pre-paid,499.0,62,17/06/2021,06/06/2026,2,n,rajagopalhemal@example.com,FEMALE
CUST03058,maanav loyal,46.0,,nagpur,Nagaland,Jio,Post-paid,699.0,3,04/22/2026,09-06-2026,2,Y,janujapalla@example.net,Male
CUST03059,qadim warrior,62.0,07568326704,CHENNAI,Gujarat,Airtel,PRE PAID,399.0,9,24/10/2025,24 May 2026,5,N,dev42@example.com,MALE
CUST03060,Victor Badami,32.0,+918705676802,Calcutta,Kerala,BSNL,Postpaid,699.0,17,2025-02-26,07/03/2026,3,Y,dlad@example.org,M
CUST03061,Varsha Kumar,51.0,00773834536,Jaipur,Arunachal Pradesh,Airtel,Pre-paid,839.0,72,08/21/2020,20260709,1,N,peteranne@example.org,M
CUST03062,Vedika Bahl,19.0,,Calcutta,Arunachal Pradesh,Vi,prepaid,599.0,21,29 Oct 2024,2026-07-15,1,0,akshayramakrishnan@example.com,F
CUST03063,Ansh Sethi,23.0,+91 75656 58846,Chennai,Himachal Pradesh,Jio,Pre-paid,719.0,61,07/17/2021,13 Jul 2026,1,NO,sratti@example.org,female
CUST03064,Bakhshi Kumar,49.0,6553226642,,Bihar,Vi,postpaid,1199.0,58,10/15/2021,2026-07-04,5,,damyantijohal@example.org,Male
CUST03065,Naksh Savant,65.0,91-78766-34283,Poona,Haryana,Jio,POST PAID,399.0,41,03/09/2023,08/07/2026,1,N,qaringanesan@example.org,F
CUST03066,Rehaan Bumb,50.0,,lucknow,Odisha,Jio,PRE PAID,599.0,1,06/21/2026,14/06/2026,4,,mohantyorinder@example.org,
CUST03067,faqid mohanty,18.0,5297096501,nagpur,Chhattisgarh,Vi,Prepaid,149.0,62,17/06/2021,07/10/2026,1,NO,zpuri@example.org,F
CUST03068,Harini Balakrishnan,27.0,8381645376,Delhi,Madhya Pradesh,Airtel,PRE PAID,839.0,68,19/12/2020,12/06/2026,4,,charlessridhar@example.net,
CUST03069,Chandresh Raval,21.0,9756854206,AHMEDABAD,Tripura,Airtel,Prepaid,719.0,53,14/03/2022,22-05-2026,3,Y,chandani56@example.org,Male
CUST03070,Lohit Mitter,62.0,91-81123-62938,MUM,Telangana,Airtel,Post-paid,1999.0,74,06/22/2020,10/07/2026,0,,vasana92@example.net,M
CUST03071,Ekalinga Chada,30.0,+917886304074,CHENNAI,Uttar Pradesh,BSNL,POSTPAID,799.0,34,10/05/2023,05/30/2026,4,N,ramanfinn@example.com,Female
CUST03072,Pavani Manda,49.0,00670480383,SURAT,Uttarakhand,Jio,,,38,2023-06-07,14-07-2026,0,NO,vkeer@example.org,female
CUST03073,Hema Vala,24.0,+91 80326 31013,Pune,Madhya Pradesh,Airtel,Post-paid,1999.0,50,20220612,07/21/2026,0,0,yachana16@example.net,Male
CUST03074,Zayan Pandit,30.0,+91 35799 87346,Madras,Goa,Airtel,PRE PAID,199.0,82,26/10/2019,20260610,5,Y,luke66@example.com,FEMALE
CUST03075,Qabil Soni,53.0,+914728959421,lucknow,Jharkhand,Jio,POST PAID,1499.0,71,09/20/2020,13 Jul 2026,0,N,,male
CUST03076,EKANTA PALLA,59.0,+912948831810,patna,Haryana,Airtel,prepaid,999.0,20,11/28/2024,06/03/2026,2,n,goyaladvaith@example.net,Female
CUST03077,Jonathan Zachariah,65.0,+912203254408,Lucknow,Mizoram,Airtel,Postpaid,399.0,36,08/06/2023,2026-07-15,0,,sbanerjee@example.org,female
CUST03078,Yamini Dara,31.0,+914346318476,New Delhi,Telangana,BSNL,Pre-paid,499.0,51,13 May 2022,05/23/2026,3,Y,reyanshdewan@example.org,female
CUST03079,Wahab Jha,21.0,02841889469,SURAT,Madhya Pradesh,Airtel,postpaid,1999.0,35,09/05/2023,07/14/2026,1,,choudharydevika@example.com,Female
CUST03080,Vamakshi Savant,61.0,01562783123,Poona,Tripura,Jio,,149.0,67,01/18/2021,14 Jul 2026,0,N,vkohli@example.com,M
CUST03081,Advay Chaudhry,57.0,+91 71436 91715,Chennai,Mizoram,Airtel,PREPAID,499.0,68,19-12-2020,27/05/2026,5,Y,henry16@example.org,F
CUST03082,Yuvraj Parikh,56.0,91-57520-72486,Chennai,Punjab,Vi,POSTPAID,1499.0,54,20220212,09/07/2026,0,n,udantvora@example.net,F
CUST03083,Ishwar Borra,,,PUNE,Nagaland,BSNL,,199.0,49,07/12/2022,07/21/2026,1,n,ekrishnamurthy@example.org,male
CUST03084,Gaurangi Rau,43.0,+913543469948,bangalore,Tamil Nadu,Jio,POSTPAID,499.0,42,07 Feb 2023,2026-07-09,1,n,faraspall@example.net,FEMALE
CUST03085,Anvi Kumer,31.0,+91 42354 43240,MUMBAI,Assam,BSNL,POST PAID,699.0,25,01/07/2024,07/10/2026,0,NO,samesh06@example.net,Male
CUST03086,Anthony Sehgal,21.0,06083174274,Ahmedabad,Tripura,BSNL,,499.0,84,20190827,20260710,0,N,venkataramansaumya@example.com,MALE
CUST03087,Anthony Vora,53.0,+91 88346 90906,bangalore,Uttar Pradesh,Airtel,postpaid,499.0,38,07/06/2023,16-06-2026,4,0,krishahayer@example.org,Male
CUST03088,Raghav Krishnan,45.0,00668036026,Pune,Assam,Vi,Pre-paid,839.0,74,06/22/2020,15/07/2026,0,N,pnath@example.org,male
CUST03089,Imaran Sant,56.0,,bangalore,Nagaland,Airtel,Prepaid,399.0,1,21-06-2026,20260709,1,,lekhamodi@example.com,F
CUST03090,Chanakya Thakur,23.0,+918042100062,Calcutta,Nagaland,Jio,prepaid,499.0,45,09/11/2022,20 Jul 2026,1,0,yachanapalan@example.org,Female
CUST03091,Leena Buch,35.0,00269148040,delhi,Bihar,Airtel,Post-paid,999.0,39,08-05-2023,20260716,0,0,tandonnirja@example.org,MALE
CUST03092,Ati Bumb,51.0,9607135796,NAGPUR,Tamil Nadu,Vi,PRE PAID,839.0,28,02 Apr 2024,20260714,1,NO,chaudhrynidra@example.net,F
CUST03093,Panini Puri,53.0,3715273300,Indore,Manipur,Vi,Pre-paid,499.0,60,20210816,2026-07-18,1,,ganeshaditya@example.net,female
CUST03094,Owen Naik,33.0,,Surat,Gujarat,Vi,POSTPAID,499.0,63,20210518,05/06/2026,3,N,,M
CUST03095,Upkaar Bahl,43.0,,patna,Sikkim,Airtel,POST PAID,399.0,21,29/10/2024,07/16/2026,0,N,ksinha@example.com,M
CUST03096,Simon Seth,38.0,04904766390,CHENNAI,Uttar Pradesh,BSNL,PRE PAID,499.0,63,05/18/2021,29 May 2026,2,,,Female
CUST03097,AARUSH MALL,18.0,+91 60195 67731,PATNA,Jharkhand,Jio,Postpaid,1999.0,4,23/03/2026,14 Jul 2026,1,0,mananshroff@example.org,Male
CUST03098,Abhiram Purohit,52.0,,Patna,Nagaland,Vi,prepaid,399.0,48,20220811,20260713,0,NO,jseth@example.org,female
CUST03099,Balhaar Reddy,53.0,,JAIPUR,West Bengal,Airtel,prepaid,199.0,25,01 Jul 2024,17 Jul 2026,1,NO,ebava@example.net,MALE
CUST03100,elijah modi,65.0,+91 74870 41877,PUNE,Gujarat,Vi,PREPAID,839.0,39,2023-05-08,07 Jul 2026,0,N,frederick53@example.net,Female
CUST03101,Hemal Sani,40.0,+91 11552 41577,Surat,Gujarat,Vi,PRE PAID,499.0,31,2024-01-03,11/07/2026,1,NO,yachana96@example.com,MALE
CUST03102,Jeet Apte,40.0,,Kolkata,Madhya Pradesh,Jio,Prepaid,149.0,65,19-03-2021,17/07/2026,1,,abdul33@example.net,MALE
CUST03103,Yatin Sanghvi,20.0,8868965714,hyderabad,Odisha,Airtel,Post-paid,1199.0,2,22/05/2026,,1,N,ghoshjalsa@example.net,F
CUST03104,Kamya Dua,31.0,+917273014085,LUCKNOW,Himachal Pradesh,BSNL,POST PAID,799.0,82,10/26/2019,14-07-2026,0,NO,christopher36@example.com,MALE
CUST03105,Hredhaan Sengupta,23.0,+91 81078 28367,DELHI,Bihar,Jio,PREPAID,719.0,63,20210518,13-07-2026,1,NO,anthonyram@example.org,M
CUST03106,Hemal Dara,57.0,91-74039-72234,LUCKNOW,Nagaland,Jio,prepaid,399.0,14,2025-05-27,01/07/2026,4,Y,shravyagopal@example.net,Male
CUST03107,Tanveer Arya,29.0,00421725401,CHENNAI,Uttar Pradesh,Vi,Postpaid,499.0,57,20211114,13 Jul 2026,1,0,,Female
CUST03108,Ladli Ram,51.0,9096959469,Poona,Assam,BSNL,prepaid,,10,2025-09-24,07/09/2026,0,NO,balveer67@example.com,MALE
CUST03109,DOMINIC BHAT,48.0,09911553901,PATNA,Manipur,BSNL,Post-paid,499.0,11,25/08/2025,20260708,1,n,bhavaninadkarni@example.net,FEMALE
CUST03110,Ekansh Randhawa,18.0,01650493980,Mumbai,Punjab,Jio,prepaid,499.0,75,23-05-2020,14/06/2026,2,0,,MALE
CUST03111,Aadi Bail,,91-75425-52349,BHOPAL,Jharkhand,BSNL,prepaid,299.0,43,08 Jan 2023,2026-06-15,5,Y,wghosh@example.com,FEMALE
CUST03112,Madhavi Johal,53.0,05105119314,Bengaluru,Bihar,BSNL,POSTPAID,399.0,1,21/06/2026,13/07/2026,1,N,unni15@example.org,female
CUST03113,Mekhala Ahuja,19.0,,AHMEDABAD,Jharkhand,Airtel,Post-paid,399.0,22,29 Sep 2024,10 Jul 2026,0,,sawhneyaarush@example.org,FEMALE
CUST03114,Aarav Singh,39.0,3144045684,BENGALURU,Rajasthan,Vi,Post-paid,1199.0,78,23-02-2020,19/07/2026,0,NO,orinder15@example.net,Male
CUST03115,Fitan Ray,51.0,91-11081-23489,Amdavad,Meghalaya,Airtel,prepaid,999.0,50,2022-06-12,07/15/2026,1,n,prajan@example.org,
CUST03116,Vedika Mani,43.0,+911303035622,Surat,Chhattisgarh,BSNL,PREPAID,99.0,56,14/12/2021,20260711,0,0,shankaryutika@example.net,female
CUST03117,Sanaya Karan,65.0,01519593372,Jaipur,Madhya Pradesh,BSNL,Postpaid,499.0,2,22/05/2026,07/07/2026,0,N,qkadakia@example.org,MALE
CUST03118,Garima Pandey,,91-53399-02659,jaipur,Uttarakhand,Jio,prepaid,,65,19/03/2021,20/07/2026,0,n,tmangat@example.net,M
CUST03119,Vihaan Sridhar,18.0,91-10328-31110,MUM,Arunachal Pradesh,BSNL,prepaid,839.0,26,20240601,20 Jul 2026,1,0,tejaskrishnan@example.org,MALE
CUST03120,Priya Zachariah,27.0,6102834960,NAGPUR,Manipur,BSNL,POSTPAID,999.0,84,20190827,2026-07-07,0,NO,memontarak@example.net,M
CUST03121,Janaki Atwal,39.0,,Poona,Bihar,Jio,PRE PAID,839.0,41,09-03-2023,13 Jul 2026,0,N,labanbawa@example.net,F
CUST03122,UDARSH NAGARAJAN,46.0,+917534747464,Madras,Jharkhand,Jio,POSTPAID,1999.0,72,20200821,2026-07-18,0,NO,xmane@example.org,Male
CUST03123,zaid samra,58.0,91-40336-76912,hyderabad,Telangana,Jio,Pre-paid,999.0,43,2023-01-08,15/07/2026,0,N,,FEMALE
CUST03124,Neha Sundaram,63.0,+91 65855 77544,Nagpur,Tamil Nadu,Airtel,Post-paid,699.0,51,2022-05-13,06/07/2026,5,,viswanathanrohan@example.com,female
CUST03125,Matthew Chauhan,36.0,+91 64871 02704,Poona,Madhya Pradesh,Jio,POST PAID,1499.0,76,23-04-2020,05/29/2026,4,Y,tpillai@example.com,male
CUST03126,Zilmil Pandya,24.0,00001283702,HYDERABAD,Chhattisgarh,Airtel,POSTPAID,799.0,16,28/03/2025,07/15/2026,0,0,qaggarwal@example.com,M
CUST03127,Ayushman Sandal,63.0,1205012232,Hyderabad,Chhattisgarh,Vi,Prepaid,,7,23-12-2025,07/20/2026,0,N,xitibalan@example.net,F
CUST03128,Gautami Narain,62.0,6267821456,,Jharkhand,Jio,Post-paid,499.0,10,09/24/2025,20260715,1,N,vkhurana@example.org,MALE
CUST03129,Hritik Bera,46.0,91-88674-49597,DELHI,Meghalaya,Airtel,Postpaid,999.0,31,2024-01-03,07/20/2026,1,0,wriddhish00@example.net,MALE
CUST03130,Chaman Sekhon,41.0,91-26380-86927,Madras,Karnataka,Airtel,,999.0,63,05/18/2021,23-06-2026,3,Y,ethanbarman@example.com,male
CUST03131,Nidhi Badal,,91-57964-38873,hyderabad,Tamil Nadu,Vi,Prepaid,399.0,55,13-01-2022,14 Jul 2026,1,N,munigaurang@example.com,Male
CUST03132,CALEB PERI,39.0,+91 29486 93504,bangalore,Uttar Pradesh,Airtel,,299.0,81,25-11-2019,2026-07-08,1,N,rachitakrishnamurthy@example.org,Male
CUST03133,Gopal Kaur,50.0,02481200895,Mumbai,Manipur,BSNL,Prepaid,149.0,81,25 Nov 2019,28 Jun 2026,5,Y,,
CUST03134,Yahvi Bhavsar,21.0,+91 03197 11170,KOLKATA,Rajasthan,Airtel,,999.0,5,21 Feb 2026,29-05-2026,5,Y,bassiisaac@example.com,FEMALE
CUST03135,Yatin Raja,55.0,04427407664,pune,Bihar,BSNL,Post-paid,1999.0,49,12 Jul 2022,21-07-2026,1,NO,garimasule@example.com,Male
CUST03136,Avi Kari,26.0,+91 18461 22391,Bangalore,Meghalaya,Airtel,prepaid,839.0,31,20240103,20260715,1,NO,,MALE
CUST03137,Girish Vora,45.0,5043744319,BHOPAL,Meghalaya,Jio,Postpaid,399.0,38,07/06/2023,2026-06-25,5,0,abiswas@example.org,
CUST03138,Nathan Sachdeva,20.0,+911481398298,Ahmedabad,Himachal Pradesh,Vi,PRE PAID,839.0,23,20240830,18-07-2026,0,N,zradhakrishnan@example.org,Female
CUST03139,Nathaniel Krish,41.0,91-71597-43334,jaipur,Nagaland,Airtel,POST PAID,499.0,76,23-04-2020,2026-07-17,1,,eta55@example.org,male
CUST03140,ANJALI KHOSLA,27.0,,PATNA,Tripura,Vi,Postpaid,699.0,4,03/23/2026,30/05/2026,4,NO,jmaharaj@example.com,F
CUST03141,HARSHIL JOSHI,53.0,05985417323,PATNA,Telangana,Airtel,POSTPAID,399.0,72,08/21/2020,20-07-2026,1,,jpradhan@example.com,MALE
CUST03142,manya shan,58.0,+91 19434 85205,kolkata,Karnataka,BSNL,,999.0,27,,20260707,0,0,,Male
CUST03143,Charan Vaidya,30.0,2444929579,HYDERABAD,Uttarakhand,BSNL,POSTPAID,999.0,67,2021-01-18,05-07-2026,4,0,yashvi37@example.net,Male
CUST03144,logan contractor,43.0,91-63031-72116,BHOPAL,Uttarakhand,Vi,,199.0,50,2022-06-12,20260707,1,0,harrisonbaria@example.org,F
CUST03145,Pahal Sehgal,30.0,+91 93666 66260,SURAT,Rajasthan,BSNL,postpaid,399.0,6,20260122,07/21/2026,1,N,ikalita@example.org,M
CUST03146,Ijaya Grewal,25.0,,Chennai,Maharashtra,Vi,postpaid,999.0,72,08/21/2020,2026-07-14,1,,jai32@example.com,Female
CUST03147,Janani Bassi,50.0,,bangalore,,Airtel,,599.0,34,10/05/2023,10/07/2026,0,N,luckybhatti@example.com,MALE
CUST03148,Devansh Borde,43.0,+912458613476,lucknow,Gujarat,Vi,PREPAID,199.0,3,22 Apr 2026,,3,0,bbail@example.org,male
CUST03149,Sanya Seshadri,27.0,91-33906-95422,Delhi,,Vi,PREPAID,299.0,46,10-10-2022,13 Jul 2026,0,0,oviya92@example.com,FEMALE
CUST03150,Hredhaan Dalal,47.0,+91 31663 24180,Indore,Sikkim,BSNL,prepaid,99.0,79,20200124,20260703,3,Y,abdulsaha@example.net,F
CUST03151,WAIDA KHARE,65.0,03870176931,Kolkata,Mizoram,Jio,PRE PAID,839.0,46,2022-10-10,10 Jul 2026,0,NO,ekapadvarughese@example.net,FEMALE
CUST03152,Darika Brar,26.0,+910476330112,bangalore,Telangana,Vi,postpaid,799.0,46,20221010,21 Jul 2026,1,NO,tvohra@example.org,FEMALE
CUST03153,Advik Som,34.0,+911678850518,PATNA,Sikkim,Vi,POSTPAID,499.0,57,14-11-2021,20260628,5,,ukoshy@example.net,M
CUST03154,Neha Mahajan,29.0,,Pune,West Bengal,BSNL,Pre-paid,999.0,22,2024-09-29,20-07-2026,0,0,anirudh09@example.com,Female
CUST03155,Aarnav Shere,,91-62943-97242,AHMEDABAD,West Bengal,Jio,postpaid,699.0,54,12 Feb 2022,19-07-2026,0,,aayushtandon@example.net,Male
CUST03156,Samaksh Lata,47.0,00328840446,BENGALURU,Andhra Pradesh,BSNL,postpaid,1999.0,44,12/09/2022,06/22/2026,5,Y,vedikamukherjee@example.com,M
CUST03157,Oeshi Chakraborty,54.0,8826617013,Jaipur,Himachal Pradesh,Vi,Postpaid,499.0,52,20220413,10-07-2026,0,N,yadavanirudh@example.net,Male
CUST03158,Dev Kurian,60.0,+91 82716 82133,indore,Jharkhand,Jio,Post-paid,399.0,72,21 Aug 2020,16 Jul 2026,0,n,hsuri@example.net,F
CUST03159,Jhalak Nori,36.0,+91 74799 45530,chennai,Assam,Vi,Post-paid,399.0,62,17 Jun 2021,,1,0,,female
CUST03160,Raagini Tara,64.0,+915997854555,pune,Bihar,Vi,PREPAID,399.0,58,10/15/2021,2026-07-09,0,,ishanivarkey@example.com,
CUST03161,Ekaja Singhal,62.0,09231820590,indore,Uttarakhand,BSNL,,599.0,6,22 Jan 2026,11 Jul 2026,0,n,hmistry@example.net,M
CUST03162,Brijesh Sunder,49.0,+916862458314,LUCKNOW,Arunachal Pradesh,Jio,Post-paid,1999.0,34,10/05/2023,07/07/2026,1,,bahadurjitnarayanan@example.com,Female
CUST03163,Ronith Ram,47.0,+916379325549,lucknow,Chhattisgarh,Vi,POST PAID,799.0,81,20191125,18/07/2026,1,NO,ahluwaliakaran@example.org,Female
CUST03164,Ubika Lala,49.0,+911645273529,Lucknow,Tamil Nadu,BSNL,postpaid,999.0,57,11/14/2021,05/24/2026,2,n,hamsini62@example.net,male
CUST03165,Keya Kalita,26.0,+91 03499 41152,Hyd,Manipur,Airtel,postpaid,999.0,1,2026-06-21,,5,0,pbanerjee@example.net,MALE
CUST03166,Om Majumdar,60.0,,Bhopal,Haryana,Jio,Post-paid,399.0,37,2023-07-07,20260721,1,n,dhingravaishnavi@example.com,
CUST03167,Ekalinga Rege,,+91 63295 67584,Bangalore,Bihar,Airtel,PRE PAID,149.0,36,08/06/2023,2026-07-12,0,0,uoommen@example.com,F
CUST03168,Bimala Kala,47.0,02885378381,SURAT,Arunachal Pradesh,Jio,Post-paid,699.0,19,20241228,,0,n,anitavohra@example.net,Male
CUST03169,Tamanna Chandran,27.0,08624829229,New Delhi,Kerala,Vi,Post-paid,1499.0,54,2022-02-12,14/07/2026,0,,sundarampriya@example.net,female
CUST03170,Samuel Sahota,18.0,,nagpur,Himachal Pradesh,Airtel,POSTPAID,499.0,37,07 Jul 2023,,0,N,,male
CUST03171,Anvi Pai,44.0,8334580969,Calcutta,,Jio,postpaid,699.0,48,11-08-2022,20260717,1,N,broy@example.net,MALE
CUST03172,Ganga Kumar,51.0,,surat,Gujarat,BSNL,Post-paid,499.0,66,02/17/2021,22 Jun 2026,2,Y,yadavfitan@example.net,MALE
CUST03173,RANBIR UPADHYAY,,+91 12520 60579,Patna,Haryana,Airtel,POSTPAID,799.0,48,2022-08-11,14-07-2026,0,n,finnchaudhry@example.com,
CUST03174,DEV BAKSHI,44.0,91-73771-18824,Kolkata,Uttarakhand,Vi,PREPAID,719.0,44,09/12/2022,07/07/2026,1,0,lsoni@example.org,male
CUST03175,Eshana Sood,36.0,+91 20921 02834,surat,Arunachal Pradesh,BSNL,,719.0,30,02/02/2024,20260720,1,n,lallindali@example.com,female
CUST03176,Wriddhish Sane,38.0,01116973665,Hyderabad,Goa,BSNL,,999.0,23,30-08-2024,07/07/2026,1,N,indira87@example.org,Male
CUST03177,Advaith Sheth,20.0,05848136956,PUNE,Rajasthan,Airtel,Post-paid,1499.0,71,2020-09-20,21 Jul 2026,1,NO,,female
CUST03178,Mohini Rao,25.0,04646062510,Hyd,Maharashtra,BSNL,PREPAID,149.0,27,02-05-2024,07/14/2026,1,,ibahl@example.net,MALE
CUST03179,anay ramanathan,63.0,09566269795,Bangalore,Manipur,Vi,POSTPAID,1999.0,69,20201119,2026-05-26,2,Y,jagat30@example.net,FEMALE
CUST03180,Manan Kulkarni,23.0,03989772709,Pune,Manipur,BSNL,POST PAID,499.0,4,20260323,08-07-2026,0,n,tanvisethi@example.com,Female
CUST03181,Krishna Krishna,20.0,91-51168-03141,BHOPAL,Sikkim,Jio,postpaid,1499.0,46,10/10/2022,20260529,2,,eluthra@example.org,MALE
CUST03182,Harshil Sekhon,39.0,91-67926-42071,Hyderabad,Andhra Pradesh,Vi,Prepaid,719.0,6,22 Jan 2026,2026-07-19,0,0,epau@example.com,FEMALE
CUST03183,Rehaan Bir,30.0,+91 08397 57134,mumbai,Chhattisgarh,BSNL,Prepaid,499.0,15,27-04-2025,07/09/2026,1,,niharika67@example.com,female
CUST03184,Yug Dugar,23.0,+919057417932,mumbai,Haryana,BSNL,prepaid,399.0,36,06-08-2023,17 Jul 2026,0,NO,eradhakrishnan@example.com,F
CUST03185,Daksha Oommen,18.0,+91 95625 14658,LUCKNOW,Haryana,Vi,Pre-paid,599.0,19,12/28/2024,07/07/2026,0,n,hiteshkonda@example.net,F
CUST03186,Ojas Krish,62.0,,JAIPUR,Rajasthan,Jio,,599.0,4,23/03/2026,2026-07-01,3,NO,wagleabhiram@example.com,M
CUST03187,Thomas Baria,53.0,+917731879878,Chennai,Telangana,BSNL,Postpaid,999.0,65,19 Mar 2021,20260606,4,Y,bathqadim@example.org,
CUST03188,Bhavani Dutt,57.0,06026249872,SURAT,Uttar Pradesh,Airtel,PRE PAID,599.0,5,21-02-2026,01/07/2026,3,Y,,Female
CUST03189,Nachiket Panchal,18.0,04915751404,chennai,Maharashtra,Vi,,149.0,39,20230508,2026-06-24,4,Y,ctella@example.net,FEMALE
CUST03190,REHAAN GARDE,42.0,,Amdavad,Bihar,Jio,PREPAID,599.0,1,06/21/2026,07/16/2026,1,NO,manbir87@example.org,F
CUST03191,Dayita Ahluwalia,23.0,+916010475753,ahmedabad,Goa,Airtel,POSTPAID,1999.0,72,08/21/2020,2026-07-15,0,n,,female
CUST03192,Max Pradhan,49.0,05855122449,JAIPUR,Telangana,Vi,Pre-paid,719.0,18,27 Jan 2025,07/11/2026,0,,aparmar@example.net,male
CUST03193,Amruta Deshmukh,21.0,0427877112,SURAT,Sikkim,Vi,POSTPAID,399.0,56,14 Dec 2021,11 Jul 2026,1,NO,karanbhagat@example.org,Female
CUST03194,jacob zachariah,46.0,02081332412,lucknow,Manipur,Airtel,PREPAID,839.0,57,14/11/2021,15 Jul 2026,1,n,lohitcontractor@example.com,Female
CUST03195,Oeshi Ravel,23.0,+914712509370,Pune,Madhya Pradesh,Airtel,Pre-paid,839.0,75,05/23/2020,14-07-2026,1,0,kalebhavna@example.net,Male
CUST03196,Jackson Badal,44.0,05729854071,JAIPUR,Uttar Pradesh,Airtel,POSTPAID,499.0,51,05/13/2022,18-07-2026,0,,zsethi@example.net,Female
CUST03197,Kevin Pall,24.0,06122066715,JAIPUR,Karnataka,Jio,prepaid,,13,06/26/2025,10-07-2026,0,n,tiwariyatin@example.org,M
CUST03198,zehaan prakash,26.0,+917671462351,Calcutta,Mizoram,Airtel,Postpaid,1999.0,44,09 Dec 2022,12-06-2026,4,n,zansichana@example.net,female
CUST03199,Imaran Kalita,45.0,8235513532,surat,Meghalaya,BSNL,Prepaid,149.0,59,15 Sep 2021,08/07/2026,0,N,dhaliwalnikita@example.com,FEMALE
CUST03200,Ayushman Wali,42.0,91-70986-36794,Indore,Goa,Vi,POST PAID,999.0,9,24/10/2025,2026-07-18,1,NO,cnarula@example.org,M
CUST03201,Vasudha Randhawa,26.0,+91 19623 64956,JAIPUR,Himachal Pradesh,BSNL,prepaid,199.0,23,20240830,16/07/2026,0,NO,bhavanikrish@example.com,MALE
CUST03202,Chameli Kalita,56.0,05425337980,Bangalore,,Airtel,,299.0,55,2022-01-13,05-07-2026,5,N,dhaliwalfrado@example.net,
CUST03203,anthony chakraborty,40.0,+912206387078,ahmedabad,Odisha,Jio,Prepaid,719.0,3,22 Apr 2026,07/17/2026,1,,lwadhwa@example.org,female
CUST03204,Amrita Samra,34.0,,BLR,Punjab,BSNL,POST PAID,1499.0,37,07/07/2023,2026-07-08,1,N,cnazareth@example.org,FEMALE
CUST03205,raagini bora,39.0,+91 16400 79658,Hyderabad,Uttarakhand,Airtel,Post-paid,999.0,50,2022-06-12,20260715,0,NO,,male
CUST03206,Vincent Khalsa,48.0,7977004252,LUCKNOW,Mizoram,Jio,prepaid,999.0,60,16-08-2021,16-07-2026,1,N,arjunbhatt@example.net,F
CUST03207,Abhiram Mandal,23.0,+911864223596,mumbai,Gujarat,Vi,POST PAID,799.0,40,08/04/2023,27 May 2026,3,,jmahal@example.org,female
CUST03208,Vrinda Kunda,47.0,91-37140-82866,Hyderabad,Chhattisgarh,Vi,PRE PAID,719.0,67,2021-01-18,10-06-2026,3,n,snehakoshy@example.org,M
CUST03209,Azad Bajaj,21.0,+914641731358,NCR,Karnataka,Airtel,postpaid,1199.0,14,20250527,06/16/2026,2,Y,parmerfalan@example.net,MALE
CUST03210,Veer Mittal,21.0,+91 63511 40190,jaipur,Rajasthan,Airtel,prepaid,99.0,13,2025-06-26,17 Jul 2026,1,N,karianita@example.net,female
CUST03211,Wridesh Wable,32.0,9180250226,patna,Uttarakhand,Airtel,Postpaid,999.0,60,16 Aug 2021,20260615,4,Y,sakshamtripathi@example.com,Male
CUST03212,Champak Nagy,37.0,91-13220-71084,hyderabad,Gujarat,Airtel,PRE PAID,399.0,81,25 Nov 2019,11 Jul 2026,1,,balakrishnanraagini@example.com,F
CUST03213,JOSHUA DASH,34.0,04847641731,Bhopal,Meghalaya,Airtel,POST PAID,499.0,56,12/14/2021,12-07-2026,0,NO,muttizaid@example.com,F
CUST03214,Onveer Balay,43.0,+911708387970,jaipur,Rajasthan,Vi,POST PAID,999.0,24,2024-07-31,24-05-2026,4,n,vihaan42@example.org,F
CUST03215,Unnati Ganguly,41.0,01102251446,hyderabad,Haryana,Vi,POSTPAID,1499.0,36,06/08/2023,06/11/2026,3,Y,pdin@example.com,FEMALE
CUST03216,Indali Sundaram,46.0,+911639436651,Bhopal,Gujarat,Jio,Pre-paid,499.0,69,19 Nov 2020,17-07-2026,0,0,,Male
CUST03217,Amara Dass,54.0,91-45717-52614,New Delhi,,Jio,POST PAID,799.0,64,04/18/2021,2026-07-07,0,,falan53@example.net,Male
CUST03218,Onveer Pandey,36.0,91-60708-51941,Bengaluru,Himachal Pradesh,BSNL,Prepaid,499.0,3,22 Apr 2026,06/25/2026,2,NO,som@example.com,Female
CUST03219,Urishilla Sane,30.0,91-12092-37170,indore,Madhya Pradesh,Jio,PREPAID,199.0,7,23 Dec 2025,2026-07-18,1,0,sastryvincent@example.org,male
CUST03220,Gayathri Bumb,32.0,+912869141327,mumbai,Meghalaya,BSNL,POST PAID,499.0,4,23/03/2026,21/07/2026,0,n,ideo@example.com,F
CUST03221,Parth Kashyap,42.0,,New Delhi,Punjab,Jio,PRE PAID,719.0,66,02/17/2021,07-07-2026,0,NO,baljiwanpall@example.net,
CUST03222,Jason Soni,54.0,91-37601-79434,Jaipur,Meghalaya,Vi,POSTPAID,499.0,63,05/18/2021,11/07/2026,1,,balanvedhika@example.org,Female
CUST03223,Balveer Loke,65.0,,DELHI,Uttar Pradesh,Jio,PRE PAID,,65,19 Mar 2021,20260716,0,NO,eesha14@example.net,M
CUST03224,Vaishnavi Keer,44.0,+91 14926 14251,patna,Assam,Jio,Post-paid,1999.0,71,09/20/2020,20260721,1,0,vandra@example.org,MALE
CUST03225,Wridesh Dave,60.0,+916609373282,Chennai,Himachal Pradesh,Jio,prepaid,999.0,11,25-08-2025,18/07/2026,0,NO,,F
CUST03226,Hemangini Ben,51.0,06906522720,Nagpur,Odisha,Airtel,POSTPAID,699.0,31,2024-01-03,17-06-2026,5,Y,ira45@example.org,MALE
CUST03227,Girindra Mahal,34.0,+91 95428 52315,Hyd,Gujarat,Vi,Postpaid,1999.0,61,17-07-2021,06/07/2026,2,N,zachariahmanan@example.net,MALE
CUST03228,Kai Bora,52.0,+91 49915 79561,pune,Uttar Pradesh,BSNL,Pre-paid,149.0,4,03/23/2026,14 Jul 2026,1,n,tanaymangat@example.org,M
CUST03229,Bakhshi Hora,,3343265882,indore,Uttarakhand,BSNL,PREPAID,719.0,52,2022-04-13,16 Jul 2026,1,NO,omisha86@example.org,female
CUST03230,Gunbir Keer,26.0,91-07273-58674,MUM,Gujarat,Jio,,999.0,77,24 Mar 2020,2026-07-21,1,0,suppal@example.org,Female
CUST03231,dalaja yogi,27.0,03637935894,Mumbai,West Bengal,Jio,Pre-paid,149.0,61,17-07-2021,20260719,0,0,isaiah76@example.net,Male
CUST03232,ishwar seshadri,63.0,6783703939,,Rajasthan,Vi,,199.0,5,02/21/2026,07/07/2026,1,,kalpitoza@example.com,FEMALE
CUST03233,Jairaj Nagar,64.0,+912660790298,CHENNAI,Arunachal Pradesh,Jio,PREPAID,299.0,5,20260221,2026-07-14,1,N,omjaggi@example.org,male
CUST03234,MUGDHA SHAH,32.0,+919156834347,INDORE,Nagaland,Airtel,prepaid,999.0,72,21-08-2020,09 Jul 2026,1,n,gaurav02@example.net,FEMALE
CUST03235,Qadim Ramanathan,63.0,1571406924,Nagpur,Tripura,BSNL,Postpaid,499.0,71,20-09-2020,07/21/2026,0,0,kantwidisha@example.org,male
CUST03236,YACHANA PATLA,52.0,05604991765,INDORE,Sikkim,Jio,postpaid,1499.0,59,15-09-2021,18/07/2026,0,NO,aparmer@example.org,female
CUST03237,Arjun Nanda,34.0,,JAIPUR,Haryana,Vi,postpaid,399.0,59,2021-09-15,2026-07-15,0,N,lkashyap@example.net,
CUST03238,GEETIKA LATA,37.0,+919685126739,PUNE,Arunachal Pradesh,BSNL,,199.0,60,16/08/2021,10/07/2026,0,,odika61@example.org,M
CUST03239,kashish tripathi,32.0,,Nagpur,Meghalaya,Vi,PREPAID,199.0,42,02/07/2023,07/09/2026,1,N,jasmitpant@example.org,FEMALE
CUST03240,Teerth Gera,56.0,91-32677-22767,Madras,Assam,BSNL,Postpaid,1499.0,70,2020-10-20,20260712,1,N,jagvi01@example.com,
CUST03241,Jack Saraf,24.0,,Delhi,Maharashtra,Vi,Prepaid,719.0,42,2023-02-07,08-07-2026,1,0,geetikajohal@example.com,
CUST03242,Yutika Viswanathan,,91-26166-95343,ahmedabad,Madhya Pradesh,Jio,Pre-paid,149.0,56,2021-12-14,07-07-2026,0,NO,vaishnavibalakrishnan@example.net,F
CUST03243,Azaan Kalita,55.0,03664165076,PUNE,Tripura,Airtel,Postpaid,699.0,61,07/17/2021,07/12/2026,1,n,,male
CUST03244,Jhalak Bava,58.0,+91 39040 04441,Kolkata,Maharashtra,Jio,Pre-paid,149.0,40,08-04-2023,10/07/2026,0,N,vedika36@example.org,M
CUST03245,Ekavir Sani,32.0,+91 79206 38076,MUMBAI,Kerala,Vi,Post-paid,1499.0,66,2021-02-17,11/07/2026,0,NO,vihaankalla@example.org,
CUST03246,Ria Oza,52.0,8870527683,BHOPAL,Kerala,Jio,postpaid,699.0,67,20210118,06/09/2026,3,0,tdesai@example.net,F
CUST03247,Kai Patil,62.0,+91 85338 76575,Hyd,Rajasthan,Vi,PRE PAID,399.0,43,08 Jan 2023,26 May 2026,4,Y,groy@example.net,Female
CUST03248,Gaurav Mani,54.0,05950716278,pune,Chhattisgarh,Airtel,Postpaid,1199.0,43,08 Jan 2023,20260718,1,,mnaidu@example.org,male
CUST03249,Inaya Srinivasan,24.0,03805083350,Bangalore,West Bengal,Jio,postpaid,1499.0,37,20230707,07/19/2026,1,,oliverkeer@example.com,female
CUST03250,Udyati Arora,41.0,08856853193,delhi,Bihar,Airtel,,499.0,27,02 May 2024,20260708,0,0,chakradhar54@example.com,Male
CUST03251,Idika Sura,57.0,+913976848490,Chennai,Jharkhand,Airtel,POSTPAID,499.0,31,20240103,07/17/2026,0,N,ahayer@example.org,Female
CUST03252,Mason Roy,40.0,06465301938,INDORE,Karnataka,Vi,prepaid,599.0,42,02/07/2023,19-07-2026,1,NO,,Male
CUST03253,Nihal Ahuja,29.0,+91 67380 47677,NAGPUR,Uttar Pradesh,BSNL,POSTPAID,699.0,50,12 Jun 2022,16-07-2026,0,n,,M
CUST03254,aarini deshmukh,43.0,91-88722-35303,DELHI,Nagaland,Jio,PRE PAID,399.0,81,25 Nov 2019,07/19/2026,0,n,aishanibumb@example.org,F
CUST03255,Tanvi Kari,31.0,+91 57444 56935,Bangalore,Arunachal Pradesh,Airtel,POSTPAID,699.0,15,20250427,12 Jul 2026,0,NO,ria28@example.net,FEMALE
CUST03256,Utkarsh Balay,37.0,,bhopal,Uttarakhand,BSNL,POST PAID,499.0,16,28 Mar 2025,30 Jun 2026,4,Y,qbatta@example.com,M
CUST03257,Tanish Karnik,56.0,,delhi,Rajasthan,Airtel,prepaid,499.0,8,2025-11-23,14-07-2026,0,0,advika89@example.net,M
CUST03258,Amruta Behl,47.0,+911305976180,surat,Assam,Vi,POSTPAID,399.0,63,2021-05-18,20260708,0,n,routhema@example.net,female
CUST03259,Gopal Minhas,45.0,3896000320,MUMBAI,Manipur,Jio,PREPAID,719.0,61,20210717,20260711,1,0,neha59@example.net,F
CUST03260,George Basu,44.0,00729989553,surat,Tripura,Jio,Pre-paid,99.0,71,20-09-2020,17/07/2026,0,n,bordeunnati@example.org,FEMALE
CUST03261,Siya Pillay,50.0,,AHMEDABAD,Arunachal Pradesh,Vi,,399.0,68,19-12-2020,18/07/2026,0,NO,yugrama@example.com,Male
CUST03262,chatresh grover,65.0,,Bombay,Chhattisgarh,Jio,POSTPAID,,82,26 Oct 2019,,1,NO,lalnachiket@example.org,FEMALE
CUST03263,Tara Kuruvilla,43.0,91-20369-99575,Chennai,Jharkhand,BSNL,Postpaid,1199.0,42,07 Feb 2023,20260709,1,n,pdey@example.net,M
CUST03264,Jyoti Barad,44.0,09279308155,Bengaluru,Uttarakhand,Jio,Pre-paid,299.0,10,20250924,11-06-2026,4,N,bhavnaraja@example.org,female
CUST03265,Girish Shan,,+91 27809 08525,mumbai,Uttarakhand,Airtel,PREPAID,599.0,58,10/15/2021,12 Jul 2026,0,N,ucchal21@example.org,male
CUST03266,Osha Master,54.0,02892167223,Bhopal,Mizoram,Vi,PRE PAID,299.0,15,27-04-2025,07/12/2026,0,n,rachitamishra@example.org,FEMALE
CUST03267,Aadhya Murthy,42.0,01361736965,Kolkata,Jharkhand,Jio,Postpaid,999.0,18,27 Jan 2025,15-07-2026,1,,jdewan@example.net,F
CUST03268,Nidhi Rajagopalan,22.0,,BENGALURU,Assam,Airtel,prepaid,299.0,38,07-06-2023,24-05-2026,3,Y,daksh49@example.org,
CUST03269,YASH BALA,60.0,+91 69843 49597,indore,Rajasthan,BSNL,Prepaid,99.0,36,06-08-2023,2026-07-09,1,,,male
CUST03270,Hritik Mander,52.0,91-55381-06661,Pune,Bihar,BSNL,prepaid,199.0,61,20210717,21 Jul 2026,0,0,abasu@example.net,MALE
CUST03271,YAHVI BATRA,,+913998989052,chennai,Sikkim,BSNL,postpaid,699.0,74,22-06-2020,19/07/2026,1,,chadbalhaar@example.com,F
CUST03272,Teerth Sule,46.0,+916232610027,Calcutta,Himachal Pradesh,Vi,prepaid,599.0,81,25-11-2019,2026-07-01,5,n,,F
CUST03273,Saumya Dass,60.0,91-86172-92883,Surat,West Bengal,Airtel,PRE PAID,99.0,77,03/24/2020,08/07/2026,1,NO,,M
CUST03274,Abdul Keer,42.0,06637637335,AHMEDABAD,Tripura,Airtel,,719.0,80,25 Dec 2019,16 Jun 2026,5,Y,ekbaldixit@example.net,F
CUST03275,Netra Memon,22.0,+91 35920 76679,MUM,Rajasthan,BSNL,POST PAID,1499.0,82,26/10/2019,07/16/2026,1,n,wishidhingra@example.net,
CUST03276,Maanav Kunda,48.0,+91 18705 70810,Indore,Nagaland,BSNL,Postpaid,699.0,51,05/13/2022,19/06/2026,5,NO,,F
CUST03277,Mohini Memon,21.0,+910987869728,JAIPUR,Gujarat,Airtel,postpaid,699.0,68,2020-12-19,2026-05-25,5,Y,,M
CUST03278,Hemangini Shankar,63.0,07164799097,Madras,Meghalaya,Jio,Postpaid,999.0,8,23/11/2025,14/07/2026,1,,idas@example.net,Female
CUST03279,Laksh Rana,31.0,,SURAT,Haryana,Jio,PRE PAID,999.0,28,20240402,31 May 2026,2,Y,gautamidave@example.net,female
CUST03280,RACHIT BORDE,52.0,91-91290-65828,Pune,Mizoram,Jio,Prepaid,839.0,82,20191026,16/07/2026,0,0,oprakash@example.org,female
CUST03281,Rehaan Sant,30.0,+91 16939 33615,Ahmedabad,Gujarat,Vi,Pre-paid,399.0,75,20200523,20260719,0,,udantkale@example.com,FEMALE
CUST03282,Avi Chandran,47.0,+915802824021,Delhi,Rajasthan,Jio,Postpaid,1499.0,41,09/03/2023,06/09/2026,4,,ishwarramachandran@example.net,F
CUST03283,Tarak Dora,28.0,3943568400,BHOPAL,Tamil Nadu,Vi,prepaid,199.0,63,18-05-2021,19-07-2026,0,NO,kiaan21@example.org,female
CUST03284,Charvi Sabharwal,65.0,7580066227,Jaipur,Uttarakhand,Vi,PREPAID,,80,20191225,09/07/2026,0,n,spal@example.com,F
CUST03285,Priya Jayaraman,35.0,01251738417,Mumbai,Himachal Pradesh,BSNL,Postpaid,399.0,79,20200124,07/20/2026,1,N,xsom@example.org,Male
CUST03286,Rajeshri Dani,,2121878542,Chennai,Sikkim,Jio,POST PAID,699.0,73,22-07-2020,21-07-2026,0,NO,zgala@example.com,Female
CUST03287,Tanveer Mane,46.0,+912061341927,Patna,Chhattisgarh,Vi,Pre-paid,299.0,31,2024-01-03,09-06-2026,3,Y,kgulati@example.net,F
CUST03288,Aarush Ramaswamy,29.0,+91 14550 92540,New Delhi,Odisha,BSNL,postpaid,1999.0,39,20230508,15-07-2026,1,n,vkala@example.org,FEMALE
CUST03289,Dipta Nori,53.0,,mumbai,Mizoram,Jio,POSTPAID,799.0,56,12/14/2021,11-07-2026,0,0,sarkarhritik@example.net,female
CUST03290,TAMANNA CHAD,22.0,4383350689,,Arunachal Pradesh,Jio,postpaid,999.0,70,20 Oct 2020,06/19/2026,5,0,zdara@example.org,male
CUST03291,DIVYA MENON,57.0,5321709117,LUCKNOW,Maharashtra,Vi,Pre-paid,199.0,41,09 Mar 2023,20260709,0,0,srama@example.net,male
CUST03292,Amaira Borde,21.0,,Nagpur,Goa,Vi,postpaid,999.0,67,18-01-2021,20/07/2026,1,0,arjun52@example.com,MALE
CUST03293,Manthan Mander,65.0,91-34370-24105,NCR,Tamil Nadu,Vi,prepaid,99.0,37,07/07/2023,29/05/2026,4,Y,rananihal@example.net,FEMALE
CUST03294,hiral sinha,,0158128704,Hyd,Karnataka,BSNL,,,23,30-08-2024,20260720,1,0,osha92@example.net,Female
CUST03295,Agastya Sha,33.0,2183538412,Patna,Chhattisgarh,Jio,Post-paid,1499.0,24,2024-07-31,2026-06-03,4,N,dinansh@example.org,M
CUST03296,januja bawa,29.0,,Nagpur,Himachal Pradesh,BSNL,postpaid,1999.0,28,02-04-2024,11 Jul 2026,0,0,vidhi08@example.com,Female
CUST03297,George Sachdev,35.0,,jaipur,Tripura,Jio,POST PAID,1999.0,56,14/12/2021,2026-07-07,0,0,,F
CUST03298,Deepa Kala,58.0,7062154464,INDORE,Chhattisgarh,BSNL,Pre-paid,719.0,34,05 Oct 2023,20260616,4,Y,tamanna31@example.net,
CUST03299,Peter Mukhopadhyay,50.0,03812438311,Patna,,BSNL,POST PAID,1199.0,17,26/02/2025,04-06-2026,4,N,fsur@example.org,F
CUST03300,Jai Swamy,26.0,+91 50396 80116,Nagpur,Punjab,BSNL,Post-paid,799.0,41,20230309,11 Jul 2026,1,,ikshitaminhas@example.net,Male
CUST03301,Sachi Oak,55.0,04513198948,MUMBAI,Assam,Jio,POSTPAID,1199.0,48,08/11/2022,2026-07-19,0,NO,vasajeet@example.net,F
CUST03302,Arunima Kalita,35.0,+916210520681,KOLKATA,Sikkim,Airtel,Post-paid,799.0,14,05/27/2025,20260712,1,0,hemangini73@example.com,male
CUST03303,Zilmil Chand,46.0,+910472902388,Madras,Madhya Pradesh,BSNL,Postpaid,499.0,10,24 Sep 2025,07 Jul 2026,0,NO,aadhyakaul@example.com,Female
CUST03304,HEMANGINI SUBRAMANIAN,56.0,+91 06948 27214,bangalore,Himachal Pradesh,Airtel,prepaid,839.0,7,12/23/2025,20/07/2026,1,n,sethiaarnav@example.com,MALE
CUST03305,Pahal Rana,54.0,91-66146-95614,SURAT,Manipur,Jio,Pre-paid,719.0,7,2025-12-23,26/05/2026,3,NO,kapadiagirindra@example.com,Male
CUST03306,Yug Randhawa,36.0,+91 42881 18462,NAGPUR,Mizoram,Jio,,99.0,29,03/03/2024,20260602,3,N,anvibaral@example.net,F
CUST03307,Udyati Saha,32.0,7320253539,nagpur,Goa,BSNL,prepaid,,37,07 Jul 2023,09-07-2026,1,,urmihari@example.org,MALE
CUST03308,Dalaja Master,44.0,+914198553893,MUMBAI,Jharkhand,Vi,POSTPAID,1499.0,10,,13-07-2026,0,N,henry66@example.net,F
CUST03309,Udyati Date,48.0,3443915936,bhopal,Himachal Pradesh,Airtel,POST PAID,799.0,10,24-09-2025,18/07/2026,1,,iryabora@example.net,Male
CUST03310,Michael Sathe,38.0,+918301916463,Patna,Bihar,Jio,Prepaid,839.0,28,02/04/2024,2026-07-14,1,N,mukherjeedevansh@example.com,M
CUST03311,SIMON KUMAR,29.0,01890009132,Surat,Andhra Pradesh,Jio,POSTPAID,1199.0,76,2020-04-23,07/19/2026,1,,vsawhney@example.org,Male
CUST03312,Dominic Sha,28.0,00530346585,patna,Karnataka,Airtel,Postpaid,799.0,2,05/22/2026,2026-07-07,0,,dloke@example.org,M
CUST03313,Vasatika Ramaswamy,26.0,+916497844376,Chennai,Tripura,Vi,Postpaid,1499.0,6,22-01-2026,21 Jul 2026,0,n,saanvi99@example.net,F
CUST03314,Bhavika Srivastava,29.0,+91 47167 11007,hyderabad,Tamil Nadu,Jio,PRE PAID,149.0,39,20230508,2026-07-10,0,,vinaya95@example.com,Female
CUST03315,Harinakshi Bath,48.0,3035260248,LUCKNOW,Punjab,Jio,Postpaid,1999.0,81,25/11/2019,20260714,1,,kevin60@example.org,Female
CUST03316,Deepa Radhakrishnan,26.0,91-40939-42350,Bangalore,Arunachal Pradesh,BSNL,prepaid,199.0,68,2020-12-19,2026-07-09,0,,sarinqasim@example.com,Male
CUST03317,nimrat munshi,,7292429990,Madras,Chhattisgarh,Jio,PRE PAID,99.0,58,15/10/2021,07/07/2026,1,,xsom@example.com,Female
CUST03318,UCCHAL PERI,46.0,4301719910,surat,Telangana,Vi,,149.0,16,28-03-2025,04 Jun 2026,3,Y,,FEMALE
CUST03319,Osha Andra,25.0,02602181299,HYDERABAD,Manipur,BSNL,prepaid,999.0,37,2023-07-07,06/22/2026,2,Y,psastry@example.org,M
CUST03320,Warjas Lanka,24.0,7784016889,Bhopal,Uttarakhand,Jio,Post-paid,1199.0,78,2020-02-23,07/11/2026,0,NO,keervansha@example.com,Male
CUST03321,Krisha Bajaj,51.0,91-11217-85901,jaipur,Jharkhand,Jio,Postpaid,999.0,38,07-06-2023,15-07-2026,0,N,,F
CUST03322,Gaurang Chahal,27.0,,Hyderabad,Haryana,Airtel,POST PAID,699.0,76,2020-04-23,20260707,1,N,uhari@example.com,MALE
CUST03323,Daksh Basak,,91-09227-72866,jaipur,West Bengal,BSNL,Postpaid,399.0,82,,2026-07-08,1,N,zansiyohannan@example.com,F
CUST03324,Shaurya Naik,53.0,04246708450,Nagpur,Kerala,Airtel,Postpaid,999.0,49,12/07/2022,17 Jul 2026,1,NO,lakshsehgal@example.org,
CUST03325,Saumya Maharaj,26.0,,delhi,Jharkhand,Airtel,PREPAID,719.0,33,04/11/2023,2026-07-09,1,NO,kwable@example.org,FEMALE
CUST03326,mitali ghose,62.0,91-13583-42298,lucknow,Tripura,BSNL,POST PAID,1199.0,63,18-05-2021,20260714,1,,chanderfrederick@example.org,male
CUST03327,Januja Bir,63.0,91-54133-17946,Calcutta,Chhattisgarh,Jio,Postpaid,499.0,65,03/19/2021,2026-06-28,3,0,lakshmirastogi@example.org,FEMALE
CUST03328,Orinder Subramaniam,34.0,+91 66321 60380,Chennai,Jharkhand,Vi,Pre-paid,149.0,35,2023-09-05,18/06/2026,5,Y,gautami73@example.net,FEMALE
CUST03329,Yuvraj Garde,23.0,91-80979-01437,PATNA,Mizoram,Vi,Post-paid,1999.0,78,,21/07/2026,0,n,naveencontractor@example.org,Female
CUST03330,Varenya Dube,,02882005508,CHENNAI,Sikkim,Airtel,PRE PAID,999.0,10,24-09-2025,20260710,0,,obiswas@example.org,MALE
CUST03331,BHAVINI KALE,29.0,,bangalore,West Bengal,Airtel,postpaid,699.0,28,02-04-2024,20260609,3,,,F
CUST03332,neha chowdhury,53.0,03395178801,Bombay,Assam,BSNL,Prepaid,99.0,67,18 Jan 2021,2026-07-04,5,,bsaini@example.org,Male
CUST03333,Ryan Parikh,43.0,+918771565100,INDORE,,Vi,Postpaid,1199.0,17,20250226,2026-07-15,0,n,dsrinivasan@example.com,male
CUST03334,Gautami Prabhakar,54.0,09672770412,MUMBAI,Bihar,Jio,prepaid,199.0,46,10/10/2022,2026-07-16,1,N,ayadav@example.net,Female
CUST03335,Chaman Loke,28.0,,kolkata,Haryana,Jio,Post-paid,1499.0,46,10/10/2022,14-07-2026,0,N,zehaan60@example.org,female
CUST03336,Advaith Acharya,47.0,+91 24079 36528,PATNA,Punjab,BSNL,PRE PAID,99.0,55,20220113,14-07-2026,1,NO,narangwarjas@example.net,Male
CUST03337,ekani varkey,26.0,91-55798-73216,SURAT,Odisha,BSNL,PREPAID,299.0,27,2024-05-02,15/07/2026,1,,alkabandi@example.org,
CUST03338,Lakshmi Kibe,21.0,05894532843,jaipur,Chhattisgarh,Airtel,POST PAID,699.0,34,05 Oct 2023,20260626,3,0,rkeer@example.com,male
CUST03339,Dalaja Rastogi,37.0,03356657262,DELHI,Rajasthan,BSNL,postpaid,1199.0,1,06/21/2026,20260717,0,NO,tom@example.com,MALE
CUST03340,Abhiram Pai,50.0,09341996176,surat,Maharashtra,Airtel,PRE PAID,,1,21 Jun 2026,20260708,0,N,usethi@example.net,
CUST03341,Widisha Dutta,50.0,04464945992,LUCKNOW,Karnataka,BSNL,POST PAID,1199.0,35,20230905,2026-07-13,1,N,banerjeedaksh@example.com,MALE
CUST03342,David Sinha,64.0,01079108482,Delhi,Odisha,Jio,postpaid,799.0,36,06/08/2023,11/06/2026,5,N,yoshita78@example.net,MALE
CUST03343,Girindra Sarin,32.0,91-08725-46622,Bengaluru,Tripura,Jio,Post-paid,399.0,27,02 May 2024,07 Jul 2026,0,N,akant@example.org,M
CUST03344,Saanvi Devan,31.0,+915796593149,AHMEDABAD,Uttar Pradesh,Jio,Pre-paid,299.0,25,01-07-2024,08/07/2026,1,,pandyalakshit@example.org,M
CUST03345,Yashoda Bhatt,31.0,00638636057,BENGALURU,Madhya Pradesh,Jio,Post-paid,499.0,5,21/02/2026,2026-06-08,2,Y,vmitter@example.org,F
CUST03346,Pratyush Tandon,55.0,+91 83586 55812,delhi,Haryana,Jio,,719.0,63,18-05-2021,20-07-2026,0,,mrana@example.com,Female
CUST03347,KRISHNA GOSWAMI,58.0,91-42946-41171,BHOPAL,Manipur,BSNL,Pre-paid,839.0,57,14 Nov 2021,13-07-2026,1,N,sagarguneet@example.net,female
CUST03348,Aayush Sood,60.0,+91 29419 46007,LUCKNOW,Sikkim,Jio,PRE PAID,149.0,67,18-01-2021,20260603,2,N,michaelkurian@example.com,M
CUST03349,Oeshi Dubey,26.0,+919668729363,HYDERABAD,Goa,Airtel,PRE PAID,99.0,80,20191225,14 Jul 2026,0,N,dominicbala@example.net,Female
CUST03350,Idika Deshpande,58.0,+91 63747 62661,bhopal,Uttar Pradesh,Airtel,,199.0,46,2022-10-10,04 Jun 2026,3,N,gkohli@example.org,Female
CUST03351,Anya Tata,18.0,+918780324097,AHMEDABAD,Gujarat,Airtel,Prepaid,149.0,49,07/12/2022,20 Jul 2026,0,n,,Male
CUST03352,eta bhavsar,26.0,,LUCKNOW,West Bengal,Vi,,719.0,56,14-12-2021,2026-07-06,5,Y,nachiket01@example.com,M
CUST03353,Bishakha Doctor,22.0,+91 81828 31031,Patna,Madhya Pradesh,BSNL,PRE PAID,99.0,12,20250726,20-07-2026,0,0,fmuni@example.com,male
CUST03354,MITESH DEEP,32.0,+910192872913,,,Jio,PREPAID,499.0,9,20251024,11-07-2026,1,0,karisai@example.com,
CUST03355,Vivaan Mitter,45.0,,Poona,Uttarakhand,Airtel,PRE PAID,299.0,77,24 Mar 2020,17 Jul 2026,1,,chandanichoudhry@example.net,Female
CUST03356,Krishna Wason,45.0,3339790588,Mumbai,Himachal Pradesh,Vi,prepaid,999.0,77,24-03-2020,2026-07-11,0,N,danielsundaram@example.net,male
CUST03357,Bhavika Bala,59.0,91-16993-07712,New Delhi,Chhattisgarh,BSNL,Post-paid,1199.0,62,17 Jun 2021,08/07/2026,0,N,fcomar@example.net,male
CUST03358,Ojas Butala,59.0,91-55900-53761,Bhopal,Jharkhand,BSNL,POST PAID,799.0,83,09/26/2019,14/07/2026,0,NO,cshroff@example.com,M
CUST03359,Panini Choudhry,54.0,91-60953-93492,Nagpur,Uttar Pradesh,BSNL,Pre-paid,999.0,35,09/05/2023,2026-06-06,2,Y,vmahal@example.net,F
CUST03360,Wyatt Kuruvilla,51.0,91-83789-52649,SURAT,Tripura,BSNL,postpaid,499.0,54,12/02/2022,18/07/2026,0,,ysandal@example.org,MALE
CUST03361,Lohit Atwal,22.0,04813267334,Delhi,Nagaland,BSNL,Postpaid,1999.0,32,20231204,21/06/2026,4,0,patlasaanvi@example.com,male
CUST03362,Falguni Boase,32.0,+911033733619,Patna,Mizoram,Jio,Postpaid,1999.0,63,2021-05-18,27/05/2026,3,Y,rayaan50@example.net,
CUST03363,Pavani Tara,42.0,91-82530-77601,Jaipur,Karnataka,Jio,,499.0,45,2022-11-09,02-07-2026,4,Y,mahikareddy@example.com,M
CUST03364,Janani Vasa,,+91 36105 15134,Indore,Karnataka,Airtel,Postpaid,1499.0,35,05-09-2023,09-07-2026,0,NO,usrivastava@example.net,M
CUST03365,ojasvi dora,29.0,91-39719-02233,nagpur,Punjab,Airtel,Post-paid,,43,2023-01-08,2026-07-10,1,N,patlabhavya@example.net,M
CUST03366,Wazir Sahota,59.0,+91 98185 60918,jaipur,Odisha,Jio,POSTPAID,1499.0,66,20210217,11-07-2026,0,0,chauhanjalsa@example.com,F
CUST03367,Baghyawati Halder,29.0,7890442209,lucknow,Uttarakhand,Airtel,prepaid,599.0,48,20220811,16/07/2026,0,n,niyengar@example.net,FEMALE
CUST03368,Wahab Agate,34.0,,NAGPUR,Telangana,Airtel,,499.0,25,01-07-2024,2026-07-09,0,0,sachardaksha@example.org,Female
CUST03369,Mohammed Ramesh,,+918555459504,PATNA,Telangana,Jio,Post-paid,1999.0,61,17/07/2021,07/09/2026,0,NO,brijesh35@example.net,
CUST03370,Finn Bora,60.0,+91 03383 71327,Surat,Jharkhand,BSNL,,299.0,71,20/09/2020,31/05/2026,2,Y,tarakpalla@example.net,M
CUST03371,Neel Master,50.0,2308606427,Hyd,Sikkim,Airtel,prepaid,839.0,3,2026-04-22,07/08/2026,0,n,,Male
CUST03372,Charvi Rau,46.0,,INDORE,Bihar,Vi,Pre-paid,199.0,60,08/16/2021,15-07-2026,1,n,tbawa@example.com,
CUST03373,vedika seshadri,46.0,+915554139817,jaipur,Telangana,Vi,prepaid,149.0,27,02 May 2024,26-06-2026,3,N,zaid29@example.org,male
CUST03374,Wriddhish Sidhu,29.0,,KOLKATA,Goa,Jio,prepaid,99.0,57,14-11-2021,07/14/2026,0,n,urvashimammen@example.net,Male
CUST03375,Maya Bakshi,65.0,00961686277,,Jharkhand,Jio,Prepaid,149.0,48,2022-08-11,16/07/2026,1,NO,kapadiafaqid@example.com,M
CUST03376,Udarsh Deol,,,Hyd,Meghalaya,Vi,PREPAID,599.0,83,2019-09-26,20260716,1,,adwetabarman@example.net,male
CUST03377,Ekalinga Bhatnagar,37.0,+912036671482,Indore,Andhra Pradesh,Airtel,Post-paid,1999.0,52,04/13/2022,10 Jun 2026,3,Y,vanyamittal@example.org,FEMALE
CUST03378,Radha Nigam,25.0,+91 57193 28443,Nagpur,Rajasthan,BSNL,postpaid,499.0,26,06/01/2024,2026-07-09,1,N,gangulyzarna@example.com,male
CUST03379,Hemang Khare,26.0,00225078956,Jaipur,Himachal Pradesh,BSNL,PRE PAID,839.0,49,2022-07-12,20260707,0,N,pbhargava@example.net,male
CUST03380,Ijaya Bains,39.0,91-87301-46821,surat,Telangana,Vi,Prepaid,399.0,42,07 Feb 2023,2026-05-24,4,Y,sawhneyurishilla@example.net,FEMALE
CUST03381,Garima Sodhi,32.0,91-03191-02654,Chennai,Chhattisgarh,Jio,Pre-paid,199.0,17,02/26/2025,20260713,1,,lucky02@example.com,Male
CUST03382,Manthan Hayer,36.0,08879174207,Indore,Andhra Pradesh,Jio,Post-paid,799.0,80,12/25/2019,08 Jul 2026,1,NO,jkeer@example.org,Female
CUST03383,Henry Kadakia,44.0,2906347013,New Delhi,Haryana,BSNL,Prepaid,149.0,24,07/31/2024,23-05-2026,2,,bdugar@example.com,MALE
CUST03384,Qarin Sinha,64.0,,hyderabad,,Airtel,PRE PAID,719.0,83,2019-09-26,06/22/2026,3,0,bassiyamini@example.org,Female
CUST03385,advika d’alia,39.0,+91 95892 88660,surat,Nagaland,Vi,Post-paid,699.0,13,26 Jun 2025,12-07-2026,0,0,amairavyas@example.net,female
CUST03386,GAYATHRI PANDIT,30.0,91-65078-34348,Poona,Bihar,BSNL,postpaid,1999.0,28,02/04/2024,,2,,iraratta@example.com,Male
CUST03387,Oni Sankaran,29.0,91-02828-10884,Calcutta,Haryana,Vi,POSTPAID,799.0,38,07/06/2023,09/07/2026,0,0,smaharaj@example.org,F
CUST03388,Praneel Sankar,48.0,+911589685942,bhopal,Karnataka,BSNL,,199.0,47,2022-09-10,2026-07-14,1,NO,yochana20@example.net,female
CUST03389,Ijaya Kaur,44.0,9561718232,Lucknow,Manipur,Jio,Prepaid,199.0,73,20200722,20260718,0,N,charvi83@example.org,male
CUST03390,Shravya Pingle,24.0,91-04858-45211,NCR,Karnataka,BSNL,prepaid,149.0,30,2024-02-02,14/07/2026,1,N,nayaklaban@example.com,FEMALE
CUST03391,hardik iyer,42.0,+91 57319 68470,Hyderabad,Bihar,Airtel,prepaid,599.0,79,24/01/2020,11/06/2026,2,n,fitan76@example.com,
CUST03392,Januja Gade,39.0,,Chennai,Odisha,Jio,postpaid,799.0,49,2022-07-12,10/07/2026,0,NO,krao@example.net,F
CUST03393,Neelima Deol,53.0,9331043474,kolkata,Tamil Nadu,Vi,Postpaid,1499.0,19,28 Dec 2024,09/06/2026,5,Y,dbatra@example.org,
CUST03394,Damyanti Comar,34.0,+914998947388,Poona,Nagaland,Vi,prepaid,839.0,76,23 Apr 2020,27 Jun 2026,4,,abose@example.org,FEMALE
CUST03395,laksh khare,35.0,+910909594444,bhopal,Kerala,Vi,postpaid,1499.0,41,09 Mar 2023,2026-07-09,1,,boasevidhi@example.org,F
CUST03396,Sai Ghose,41.0,07787022685,Jaipur,Assam,Jio,Pre-paid,299.0,16,28-03-2025,21 Jul 2026,1,,krishnakalpit@example.net,Male
CUST03397,Deepa Mukherjee,49.0,05386364589,pune,Uttar Pradesh,Airtel,,149.0,72,08/21/2020,,0,n,wridesh95@example.org,MALE
CUST03398,Vasana Palla,62.0,05090230750,INDORE,Bihar,BSNL,Post-paid,999.0,20,2024-11-28,19 Jul 2026,0,N,aishaninarang@example.net,FEMALE
CUST03399,Krisha Singhal,37.0,+910179363547,kolkata,Meghalaya,Jio,PREPAID,499.0,53,14/03/2022,07/07/2026,1,n,yaminidin@example.net,Male
CUST03400,URVI SHA,65.0,8490296591,indore,Uttarakhand,BSNL,Postpaid,1499.0,36,2023-08-06,,4,n,abdulsem@example.org,
CUST03401,Dayamai Hora,46.0,+918430882414,Nagpur,Goa,Airtel,PRE PAID,599.0,50,12 Jun 2022,,0,NO,aviguha@example.com,male
CUST03402,Dalbir Bail,58.0,91-27685-51461,pune,Maharashtra,Jio,Post-paid,799.0,64,,10 Jul 2026,0,0,narainbaghyawati@example.org,MALE
CUST03403,Faris Deep,39.0,4339748087,Surat,Bihar,Jio,Pre-paid,199.0,43,08-01-2023,15/07/2026,1,NO,dipta34@example.org,female
CUST03404,Aadhya Boase,53.0,91-84437-66277,INDORE,Tripura,BSNL,,,74,22/06/2020,13/07/2026,1,0,ssehgal@example.com,Male
CUST03405,Raksha Saran,36.0,2656284088,patna,Sikkim,Airtel,Post-paid,699.0,28,02-04-2024,01-07-2026,2,,tanveerdeshpande@example.com,Female
CUST03406,Chandresh Biswas,46.0,91-38111-84492,Bombay,Himachal Pradesh,BSNL,prepaid,839.0,78,2020-02-23,08-07-2026,1,,pillayradha@example.org,F
CUST03407,Timothy Gaba,63.0,+913651562387,CHENNAI,Jharkhand,Airtel,PREPAID,719.0,51,13/05/2022,20260704,5,NO,zgoel@example.org,male
CUST03408,Gaurav Divan,41.0,5536228093,ahmedabad,West Bengal,BSNL,prepaid,99.0,47,,20260603,4,Y,esidhu@example.com,FEMALE
CUST03409,Sathvik Karan,51.0,+91 92656 23193,BLR,Kerala,Vi,POSTPAID,399.0,23,2024-08-30,07-07-2026,1,NO,,F
CUST03410,Ishita Walla,25.0,9422669198,Calcutta,Himachal Pradesh,BSNL,prepaid,,70,20 Oct 2020,13/07/2026,0,N,cdoshi@example.com,female
CUST03411,Peter Konda,49.0,91-72729-74401,NAGPUR,Andhra Pradesh,Jio,Pre-paid,839.0,36,2023-08-06,19-07-2026,1,N,prashaducchal@example.org,
CUST03412,atharv magar,18.0,,jaipur,Manipur,Airtel,Post-paid,999.0,50,2022-06-12,,2,N,kbehl@example.net,M
CUST03413,Aadi Vig,36.0,91-47299-92335,bhopal,Sikkim,Jio,Postpaid,399.0,67,2021-01-18,21/07/2026,0,,lakshitravi@example.org,Male
CUST03414,Laksh Sha,,1294510551,KOLKATA,Uttar Pradesh,Vi,postpaid,799.0,67,20210118,17-07-2026,0,0,chasmum70@example.org,MALE
CUST03415,Abhimanyu Sen,30.0,+912224627181,Delhi,Jharkhand,Jio,,839.0,22,09/29/2024,06/05/2026,3,Y,,FEMALE
CUST03416,Darpan Pal,47.0,,LUCKNOW,Karnataka,Jio,Postpaid,1999.0,55,13/01/2022,20260721,0,,akulkarni@example.org,Male
CUST03417,Mahika Natarajan,33.0,5483249236,Hyderabad,Tamil Nadu,Vi,Prepaid,719.0,41,09/03/2023,12 Jun 2026,3,N,kumerekbal@example.net,male
CUST03418,Ishita Bahri,65.0,,Pune,Uttar Pradesh,BSNL,prepaid,99.0,53,20220314,2026-07-06,4,Y,nnadkarni@example.org,MALE
CUST03419,Amruta Kar,62.0,+91 23710 60394,Amdavad,Nagaland,BSNL,postpaid,799.0,12,26 Jul 2025,2026-05-23,4,0,vlala@example.net,Male
CUST03420,Gagan Shanker,28.0,00568760947,Bombay,Andhra Pradesh,BSNL,PREPAID,399.0,11,20250825,13/07/2026,1,0,daksheshkarnik@example.com,MALE
CUST03421,Abdul Bail,47.0,+91 51259 00710,MUMBAI,Arunachal Pradesh,Vi,postpaid,1199.0,20,28/11/2024,2026-07-19,0,n,mallaarini@example.net,Male
CUST03422,Warjas Basu,43.0,91-61767-04391,Hyd,Manipur,Airtel,,399.0,7,12/23/2025,21 Jul 2026,1,n,,FEMALE
CUST03423,Max Mahajan,32.0,01411247887,LUCKNOW,Goa,Vi,Post-paid,1199.0,34,05/10/2023,2026-07-07,1,,,F
CUST03424,Gavin Kannan,,08786878689,Surat,Madhya Pradesh,Airtel,prepaid,149.0,45,20221109,17 Jul 2026,0,0,jagratipandit@example.com,Female
CUST03425,Nisha Sachdev,45.0,,Chennai,Telangana,Airtel,Pre-paid,299.0,76,23/04/2020,15/07/2026,0,0,bhatiaharini@example.org,MALE
CUST03426,Chakrika Chana,23.0,+913634834527,PATNA,Punjab,Airtel,Postpaid,1199.0,34,20231005,22/06/2026,3,N,qkala@example.com,female
CUST03427,Peter Sharaf,61.0,+91 62139 36216,chennai,Goa,Jio,prepaid,99.0,77,2020-03-24,20260707,0,,banjeetsaha@example.com,Female
CUST03428,Ikshita Shankar,39.0,3573795270,NAGPUR,Maharashtra,Jio,postpaid,999.0,53,20220314,08 Jul 2026,0,n,ekiyachokshi@example.com,Female
CUST03429,Kamya Patel,41.0,+910188678265,jaipur,,BSNL,,299.0,62,17/06/2021,17 Jul 2026,1,0,seshadrimegha@example.com,Female
CUST03430,Geetika Dara,36.0,,Lucknow,Karnataka,Airtel,postpaid,999.0,14,2025-05-27,07/07/2026,1,0,leela19@example.net,FEMALE
CUST03431,Zayan Bhargava,27.0,+911960417684,surat,Goa,Jio,PREPAID,999.0,75,,06/02/2026,2,Y,chanahritik@example.net,MALE
CUST03432,Nicholas Tak,49.0,2216654878,JAIPUR,Haryana,Vi,Post-paid,999.0,3,2026-04-22,09-07-2026,0,N,vyanjanapatla@example.com,MALE
CUST03433,Kalpit Rastogi,37.0,+91 75983 52578,Pune,Assam,Jio,Postpaid,399.0,59,20210915,09/07/2026,1,0,amrita95@example.net,F
CUST03434,Frederick Bandi,63.0,9792519862,PATNA,Mizoram,Jio,Postpaid,1499.0,6,22-01-2026,18 Jul 2026,1,N,dipta25@example.com,F
CUST03435,tanveer yohannan,24.0,+910101007163,Hyd,Goa,Vi,Postpaid,1999.0,41,03/09/2023,06/20/2026,4,Y,,Female
CUST03436,Meghana Nori,42.0,91-32662-05256,Madras,Andhra Pradesh,Airtel,PRE PAID,199.0,34,2023-10-05,21/07/2026,0,,ekantathaman@example.org,FEMALE
CUST03437,Caleb Shere,61.0,91-28550-29406,,Sikkim,BSNL,,149.0,84,27/08/2019,2026-07-10,0,0,pallfaris@example.org,male
CUST03438,Ekavir Koshy,33.0,09525256088,BENGALURU,Bihar,Airtel,POSTPAID,1999.0,40,04/08/2023,18/07/2026,1,,hitesh39@example.net,MALE
CUST03439,Vedant Ramakrishnan,23.0,91-58553-00198,patna,Maharashtra,Airtel,Post-paid,499.0,71,2020-09-20,16 Jul 2026,1,0,deshmukhwazir@example.com,female
CUST03440,Upkaar Merchant,28.0,07159554717,INDORE,Uttar Pradesh,BSNL,Pre-paid,999.0,4,03/23/2026,07 Jun 2026,4,NO,waidarastogi@example.org,M
CUST03441,Geetika Yogi,52.0,8217477933,lucknow,Punjab,Airtel,PREPAID,299.0,40,20230408,07/03/2026,5,,abha91@example.net,FEMALE
CUST03442,Saksham Bakshi,47.0,2017883758,pune,Arunachal Pradesh,BSNL,POST PAID,1199.0,14,20250527,09/07/2026,1,N,baladalaja@example.com,Female
CUST03443,Mekhala Kapur,28.0,07969311773,hyderabad,Sikkim,BSNL,Post-paid,1199.0,39,08-05-2023,04 Jun 2026,4,Y,janakiiyer@example.net,male
CUST03444,Siya Kade,49.0,,Hyd,Himachal Pradesh,Jio,Pre-paid,,27,02/05/2024,14/07/2026,0,NO,leelabassi@example.org,
CUST03445,GAYATHRI GOLE,56.0,02260819598,Lucknow,Madhya Pradesh,Airtel,Post-paid,1999.0,31,01/03/2024,02-07-2026,2,Y,viraj75@example.org,female
CUST03446,Zashil Naik,26.0,+917683268862,,Uttarakhand,Vi,prepaid,839.0,78,2020-02-23,12-07-2026,0,0,,
CUST03447,Yash Mangat,39.0,08996033563,PATNA,Meghalaya,Vi,PRE PAID,199.0,59,15/09/2021,20260712,1,0,hritikkale@example.com,F
CUST03448,Kala Dayal,47.0,06691646220,AHMEDABAD,Arunachal Pradesh,Vi,POSTPAID,799.0,1,20260621,2026-07-08,1,0,edeol@example.com,Female
CUST03449,SNEHA DOCTOR,27.0,91-43179-58252,Amdavad,Uttar Pradesh,Jio,POST PAID,399.0,29,2024-03-03,20260711,0,N,goyalupma@example.com,male
CUST03450,Vrinda Thaman,52.0,+91 86842 56379,indore,Manipur,Airtel,Prepaid,499.0,18,,05/06/2026,4,n,arunimanaik@example.net,female
CUST03451,Jonathan Raghavan,61.0,+91 72323 88776,Bhopal,Karnataka,BSNL,PRE PAID,599.0,45,09/11/2022,16/07/2026,0,,sanghviqarin@example.com,female
CUST03452,Lucky Mutti,56.0,+91 78085 07900,,Arunachal Pradesh,Airtel,postpaid,499.0,73,22/07/2020,2026-07-11,0,N,aborde@example.net,MALE
CUST03453,Shivansh Chaudhary,65.0,07918584678,Patna,Chhattisgarh,Airtel,Pre-paid,199.0,2,05/22/2026,26 Jun 2026,4,Y,yugchacko@example.org,female
CUST03454,Pratyush Mital,48.0,0133574653,bhopal,Assam,BSNL,PREPAID,299.0,43,08/01/2023,25-05-2026,2,Y,,female
CUST03455,Rushil Gupta,46.0,91-95121-28698,JAIPUR,,Vi,Prepaid,99.0,59,2021-09-15,08-07-2026,0,N,,
CUST03456,Vasudha Parsa,35.0,+91 03282 14277,Mumbai,,Vi,prepaid,149.0,51,13-05-2022,09-07-2026,1,N,vanyakarnik@example.com,MALE
CUST03457,Abdul Kalla,29.0,04545419135,jaipur,Sikkim,Airtel,Prepaid,839.0,3,2026-04-22,15/07/2026,1,0,lshan@example.net,male
CUST03458,Charan Sathe,22.0,,NAGPUR,Tamil Nadu,Vi,,999.0,73,20200722,16 Jul 2026,0,N,oramakrishnan@example.net,M
CUST03459,Nikita Natt,18.0,+91 66223 46297,Jaipur,Uttarakhand,Jio,postpaid,999.0,49,2022-07-12,07/12/2026,1,N,oni99@example.com,FEMALE
CUST03460,Bimala Narula,45.0,91-64954-41692,PATNA,Bihar,Airtel,Postpaid,799.0,1,2026-06-21,20260711,1,N,,M
CUST03461,David Bir,45.0,,JAIPUR,,Airtel,Pre-paid,399.0,59,09/15/2021,08-07-2026,0,,eesha55@example.org,Female
CUST03462,MAYA DAYAL,41.0,09433841949,KOLKATA,Tripura,BSNL,Post-paid,1199.0,1,21-06-2026,2026-07-09,0,n,miteshkaran@example.org,
CUST03463,Qushi Sibal,24.0,+918665161660,Poona,Gujarat,BSNL,Post-paid,499.0,30,,12 Jul 2026,1,N,hsalvi@example.org,M
CUST03464,Ijaya Kari,40.0,09060320991,Bangalore,Odisha,BSNL,PRE PAID,999.0,68,12/19/2020,20260720,0,0,vnaidu@example.com,Male
CUST03465,Veda Kannan,63.0,01418394669,Chennai,Uttar Pradesh,Vi,POSTPAID,699.0,25,01/07/2024,20260708,0,NO,,male
CUST03466,Charita Rajan,18.0,+91 30830 04098,chennai,Punjab,Jio,Prepaid,719.0,17,26-02-2025,18-07-2026,1,N,rsabharwal@example.net,female
CUST03467,Ayush Mistry,63.0,+91 48590 07274,chennai,West Bengal,Airtel,PREPAID,499.0,48,20220811,08-07-2026,0,,bhanumatidevan@example.net,F
CUST03468,Mugdha Salvi,46.0,91-59130-00375,INDORE,Karnataka,Vi,postpaid,399.0,84,27 Aug 2019,17-07-2026,0,n,chandrabalvan@example.org,MALE
CUST03469,Anmol Mangat,56.0,09369584163,INDORE,Madhya Pradesh,Jio,PRE PAID,719.0,82,2019-10-26,2026-07-20,0,0,prashadgeetika@example.net,F
CUST03470,Janya Lala,35.0,3776810324,Mumbai,Uttar Pradesh,Jio,prepaid,399.0,72,2020-08-21,20260713,1,,dharjanani@example.org,Male
CUST03471,Ekavir Arora,32.0,,BENGALURU,Odisha,Vi,PRE PAID,599.0,15,27/04/2025,21 Jul 2026,0,n,borahaadi@example.com,MALE
CUST03472,Ijaya Chana,46.0,+916124220392,Lucknow,Haryana,BSNL,Pre-paid,999.0,34,2023-10-05,2026-07-07,0,0,abhiram95@example.net,male
CUST03473,Vanya Naik,24.0,+91 45817 97822,kolkata,Uttar Pradesh,BSNL,prepaid,,52,13/04/2022,10/06/2026,4,Y,kalaojas@example.com,male
CUST03474,Varenya Bora,24.0,91-50075-40631,Nagpur,West Bengal,Vi,,299.0,12,2025-07-26,07/21/2026,0,,harishissac@example.org,Female
CUST03475,Qasim Om,49.0,6362026138,DELHI,Chhattisgarh,Jio,Postpaid,699.0,57,20211114,13/06/2026,4,,udeo@example.com,
CUST03476,januja dave,34.0,91-33475-94933,Ahmedabad,Uttar Pradesh,Vi,PRE PAID,99.0,48,,09/07/2026,1,n,chaudhuriavni@example.net,female
CUST03477,Bahadurjit Kala,63.0,+918825951911,BENGALURU,West Bengal,Airtel,POST PAID,399.0,2,20260522,14 Jul 2026,1,n,gaurangi65@example.com,M
CUST03478,Netra Majumdar,64.0,+917558485923,Bhopal,Mizoram,Jio,POSTPAID,499.0,4,23/03/2026,2026-07-12,1,0,upmapalan@example.com,female
CUST03479,Nidra Dalal,36.0,09265119204,Jaipur,Tamil Nadu,Airtel,postpaid,1999.0,77,20200324,2026-07-19,0,NO,jack62@example.com,Female
CUST03480,Ikbal Karan,49.0,6403037276,Patna,Jharkhand,Airtel,prepaid,599.0,35,05-09-2023,20260716,1,0,chaudharygaurangi@example.net,MALE
CUST03481,Ekta Doshi,47.0,+914591202109,jaipur,Uttarakhand,BSNL,Post-paid,399.0,77,03/24/2020,20260717,0,n,vivaanmurthy@example.com,Male
CUST03482,Rajeshri Tank,35.0,07466729155,BLR,Haryana,Airtel,,839.0,1,21-06-2026,07/07/2026,0,0,yastikarnik@example.com,FEMALE
CUST03483,Wakeeta Aggarwal,35.0,+912165700831,Calcutta,Jharkhand,BSNL,Postpaid,999.0,77,20200324,14-07-2026,1,N,rajatabanerjee@example.org,F
CUST03484,Abhiram Mandal,55.0,4170709639,CHENNAI,Meghalaya,Jio,Post-paid,1499.0,64,18 Apr 2021,07/10/2026,1,0,rauwarinder@example.org,FEMALE
CUST03485,Xavier Majumdar,22.0,8723896968,Bhopal,Manipur,Jio,PRE PAID,399.0,82,2019-10-26,20260613,2,NO,tarakkuruvilla@example.net,Female
CUST03486,Jacob Sagar,19.0,04860393223,INDORE,Punjab,Airtel,,99.0,72,21 Aug 2020,,0,0,nachiketparmar@example.com,Female
CUST03487,Pahal Misra,,,HYDERABAD,Himachal Pradesh,Airtel,Postpaid,399.0,68,2020-12-19,17/07/2026,0,,anthony01@example.com,M
CUST03488,Mitesh Nori,30.0,+914022082579,Indore,,Airtel,Prepaid,599.0,65,2021-03-19,07/12/2026,0,0,jacob15@example.net,female
CUST03489,Anita Tiwari,28.0,04991760663,surat,Punjab,BSNL,PREPAID,399.0,18,20250127,14 Jul 2026,1,,dharpallavi@example.org,F
CUST03490,Mason Devan,36.0,,Hyd,Haryana,Airtel,Postpaid,499.0,12,2025-07-26,20260713,0,,madhavikothari@example.com,F
CUST03491,Pranav Shan,60.0,91-01517-14356,Hyd,Arunachal Pradesh,Jio,POSTPAID,999.0,45,09 Nov 2022,07/15/2026,0,n,rlal@example.org,F
CUST03492,Divya Rai,35.0,91-99062-51459,Hyderabad,Rajasthan,Airtel,POST PAID,999.0,52,20220413,13 Jul 2026,1,0,sathvikparekh@example.org,Male
CUST03493,Jagrati Parekh,32.0,+914549509243,delhi,Goa,Airtel,PRE PAID,99.0,64,18-04-2021,20260603,3,,,MALE
CUST03494,NATHANIEL SANE,,91-22110-81119,,Madhya Pradesh,Airtel,Postpaid,999.0,4,,20260627,5,n,baljiwan05@example.org,female
CUST03495,Samesh Hayer,65.0,,Indore,Tamil Nadu,Vi,Post-paid,1499.0,34,05/10/2023,18 Jul 2026,1,n,chameli67@example.net,MALE
CUST03496,HARISH CHANDA,59.0,,indore,Uttarakhand,BSNL,,839.0,68,19 Dec 2020,15 Jul 2026,0,NO,zilmil46@example.com,FEMALE
CUST03497,YASHODHARA RAU,54.0,+91 21136 00578,Jaipur,Madhya Pradesh,Airtel,POST PAID,999.0,32,12/04/2023,2026-05-27,3,Y,harishatwal@example.net,male
CUST03498,Vincent Bail,53.0,8250660964,MUMBAI,Uttar Pradesh,Jio,Postpaid,999.0,8,20251123,20260708,1,n,htailor@example.net,male
CUST03499,Upma Murthy,23.0,91-37415-72812,bhopal,Mizoram,BSNL,PRE PAID,499.0,34,10/05/2023,12/07/2026,0,n,ishaan62@example.com,male
CUST03500,Alexander Karpe,54.0,01012343542,INDORE,Uttarakhand,Vi,PRE PAID,399.0,63,18 May 2021,07/12/2026,0,,udyatiswaminathan@example.net,MALE
CUST03501,vrinda krish,39.0,+911665981847,jaipur,Madhya Pradesh,Jio,PREPAID,719.0,75,23-05-2020,18-07-2026,0,N,,FEMALE
CUST03502,Hemang Bhavsar,59.0,,Hyderabad,Assam,Vi,PREPAID,599.0,69,11/19/2020,20 Jul 2026,0,,bviswanathan@example.org,
CUST03503,Oni Wagle,19.0,+912267887090,Chennai,Assam,Airtel,Pre-paid,399.0,57,11/14/2021,2026-05-25,4,NO,peterbhakta@example.com,male
CUST03504,Fiyaz Mittal,65.0,,Surat,Himachal Pradesh,Jio,Pre-paid,99.0,47,20220910,07/18/2026,0,N,,female
CUST03505,Prisha Dube,,+91 71015 95591,NAGPUR,Arunachal Pradesh,Jio,prepaid,299.0,27,02/05/2024,2026-07-18,0,,uchandra@example.net,male
CUST03506,Nimrat Kothari,65.0,3755215502,MUMBAI,Jharkhand,Vi,Pre-paid,399.0,77,03/24/2020,21 Jul 2026,1,n,girishbajaj@example.com,female
CUST03507,Aditya Rajagopalan,58.0,,DELHI,Karnataka,Vi,,299.0,12,2025-07-26,23/06/2026,3,,xsarraf@example.com,F
CUST03508,Triya Suresh,23.0,91-27505-03609,bhopal,Jharkhand,Jio,Postpaid,1999.0,69,11/19/2020,2026-07-13,1,0,aayush26@example.net,Male
CUST03509,Orinder Dara,23.0,91-26739-04131,Jaipur,Tripura,BSNL,Pre-paid,199.0,59,09/15/2021,20260701,3,0,thakkaryashvi@example.net,FEMALE
CUST03510,Dalaja Ramesh,43.0,08851412927,DELHI,Nagaland,Airtel,POSTPAID,1199.0,27,02 May 2024,15 Jul 2026,1,N,cheemaronith@example.com,M
CUST03511,Pallavi Reddy,60.0,2359135678,DELHI,Gujarat,Jio,prepaid,499.0,81,11/25/2019,07/15/2026,1,,,FEMALE
CUST03512,Fiyaz Raja,64.0,+910513810155,HYDERABAD,Tamil Nadu,BSNL,prepaid,599.0,77,24-03-2020,17/07/2026,1,n,nbala@example.net,Male
CUST03513,Ansh Kuruvilla,,+91 50741 50723,INDORE,Uttar Pradesh,BSNL,PRE PAID,199.0,36,06 Aug 2023,20260719,0,0,indali83@example.com,Female
CUST03514,Maya Dhillon,27.0,+91 06539 03915,nagpur,Nagaland,Vi,PREPAID,99.0,20,28-11-2024,07/07/2026,0,N,bajwalipika@example.com,female
CUST03515,Sai Parsa,44.0,+91 66487 34324,Calcutta,Andhra Pradesh,Vi,Prepaid,599.0,10,20250924,21/07/2026,0,n,latahiral@example.org,female
CUST03516,Veer Kakar,59.0,08963206771,Mumbai,Tamil Nadu,Airtel,PREPAID,399.0,2,22 May 2026,15/07/2026,1,N,mdeshmukh@example.org,female
CUST03517,Jai Agarwal,58.0,06312042628,patna,West Bengal,Jio,postpaid,799.0,79,20200124,11 Jul 2026,1,N,ibhandari@example.com,Male
CUST03518,KRISHNA SRIDHAR,59.0,91-62432-71959,Calcutta,Jharkhand,Jio,PRE PAID,,9,24-10-2025,20260721,0,n,,Male
CUST03519,Krishna Khanna,62.0,,Nagpur,Nagaland,Airtel,Postpaid,799.0,19,28/12/2024,31 May 2026,4,Y,bpingle@example.org,female
CUST03520,Mugdha Sunder,19.0,,Bengaluru,Kerala,Airtel,,999.0,9,24 Oct 2025,14/07/2026,1,N,vaidyanachiket@example.com,male
CUST03521,Ryan Parekh,62.0,+91 80552 04197,MUMBAI,Arunachal Pradesh,Jio,Post-paid,1999.0,46,2022-10-10,2026-06-16,5,NO,vdhar@example.com,
CUST03522,Damini Nigam,22.0,6143709125,kolkata,West Bengal,Airtel,prepaid,399.0,74,2020-06-22,2026-07-16,1,N,vartysiddharth@example.net,FEMALE
CUST03523,Kavya Mann,21.0,4490038910,hyderabad,Goa,Vi,Pre-paid,299.0,67,20210118,2026-06-07,2,n,aggarwalwazir@example.net,FEMALE
CUST03524,abdul lad,40.0,7958322077,PATNA,Himachal Pradesh,Airtel,POST PAID,1499.0,39,08/05/2023,20260712,0,NO,,Male
CUST03525,Brinda Wable,39.0,+91 98067 92481,PUNE,Gujarat,Airtel,postpaid,1999.0,14,27/05/2025,2026-07-13,1,NO,upasna36@example.com,Male
CUST03526,Charvi Mani,43.0,+91 80617 33911,Madras,Gujarat,BSNL,Postpaid,399.0,28,02 Apr 2024,20260716,1,,ekalingalal@example.org,MALE
CUST03527,YASHAWINI HAYRE,34.0,+91 08344 74486,INDORE,Uttarakhand,Airtel,PRE PAID,839.0,19,28 Dec 2024,11/07/2026,0,NO,omkaar28@example.net,Male
CUST03528,Timothy Handa,36.0,+913422389367,Pune,Bihar,Airtel,POST PAID,,25,01/07/2024,13-07-2026,0,n,,FEMALE
CUST03529,Kavya Chana,44.0,+918257065632,Bengaluru,Uttar Pradesh,Airtel,postpaid,999.0,53,2022-03-14,20260714,0,N,daksha68@example.com,male
CUST03530,isha dewan,56.0,91-27172-44223,Amdavad,Andhra Pradesh,Airtel,,839.0,45,2022-11-09,2026-07-12,0,,,Female
CUST03531,Girindra Rout,62.0,0992901059,CHENNAI,Tamil Nadu,Airtel,PREPAID,499.0,47,10/09/2022,15 Jul 2026,0,N,esubramanian@example.org,FEMALE
CUST03532,pooja chada,18.0,+91 67759 57704,Madras,Chhattisgarh,Jio,POSTPAID,399.0,19,28/12/2024,05/06/2026,2,Y,ayushman21@example.net,Female
CUST03533,Samaksh Nadkarni,25.0,,Surat,Himachal Pradesh,Jio,,599.0,52,20220413,20260527,2,NO,nayakdayita@example.org,male
CUST03534,Chaaya Chowdhury,45.0,91-44409-23013,PATNA,Bihar,Jio,Post-paid,1999.0,14,27 May 2025,14/06/2026,2,Y,,M
CUST03535,BALVEER SANGHVI,,+914586592446,Amdavad,Himachal Pradesh,Vi,PRE PAID,399.0,19,28/12/2024,,1,0,michaelseth@example.net,Male
CUST03536,Riya Kuruvilla,37.0,8874747492,,Telangana,Jio,,719.0,33,2023-11-04,20260618,5,Y,pdash@example.net,male
CUST03537,LOPA SABHARWAL,41.0,8828872480,,Karnataka,BSNL,Post-paid,799.0,10,09/24/2025,17-07-2026,0,N,kumaradvaith@example.net,Female
CUST03538,Mason Rama,37.0,+913251450209,JAIPUR,Kerala,Airtel,Prepaid,599.0,24,07/31/2024,2026-07-10,0,,yamini45@example.org,F
CUST03539,gaurang borra,28.0,+910634436299,Bangalore,Madhya Pradesh,Airtel,postpaid,1999.0,74,2020-06-22,30 Jun 2026,2,0,samaijaya@example.net,MALE
CUST03540,Varsha Natt,22.0,91-54194-46881,Hyderabad,Madhya Pradesh,BSNL,PREPAID,99.0,17,26 Feb 2025,20 Jul 2026,1,,bediteerth@example.com,M
CUST03541,Lavanya Narula,39.0,+916629399874,PATNA,Odisha,BSNL,PREPAID,719.0,27,2024-05-02,23-06-2026,5,N,kthaman@example.net,Male
CUST03542,Akshay Cherian,51.0,91-27241-98756,Calcutta,Kerala,Vi,postpaid,999.0,55,13-01-2022,12-07-2026,0,0,vedant83@example.org,MALE
CUST03543,lopa hans,50.0,+91 58243 05581,AHMEDABAD,Karnataka,Vi,Postpaid,1999.0,68,19-12-2020,07/02/2026,2,Y,walirachita@example.com,M
CUST03544,Indali Lad,56.0,,Amdavad,Nagaland,BSNL,Postpaid,1499.0,18,27 Jan 2025,19-07-2026,1,,bailkiaan@example.org,Female
CUST03545,Nimrat Shroff,27.0,91-26186-79679,indore,Assam,Jio,PRE PAID,399.0,4,23 Mar 2026,2026-07-15,0,,,FEMALE
CUST03546,Manbir Boase,59.0,+918805058389,kolkata,Mizoram,BSNL,POSTPAID,699.0,20,28-11-2024,2026-07-10,1,N,ywali@example.net,female
CUST03547,prisha ranganathan,43.0,09936173271,ahmedabad,Assam,Airtel,Postpaid,499.0,82,20191026,07/18/2026,1,,mmani@example.com,female
CUST03548,Udant Mishra,59.0,3791894499,Delhi,Rajasthan,Vi,postpaid,1499.0,37,20230707,15/07/2026,0,0,hardikbava@example.com,female
CUST03549,Jagat Mall,29.0,,PATNA,Telangana,BSNL,POST PAID,799.0,46,2022-10-10,07/13/2026,1,,dalalvinaya@example.net,
CUST03550,Daniel Bakshi,39.0,+91 66107 46443,SURAT,Tamil Nadu,Airtel,PREPAID,499.0,28,2024-04-02,21-06-2026,3,NO,anikaagrawal@example.net,
CUST03551,Yoshita Gara,48.0,+91 07181 02550,pune,Andhra Pradesh,BSNL,Postpaid,699.0,69,19 Nov 2020,11/07/2026,1,0,sachdevishwar@example.org,female
CUST03552,Guneet Subramanian,63.0,1708460945,surat,Tamil Nadu,Vi,POSTPAID,1999.0,56,14-12-2021,10/07/2026,0,0,upillai@example.org,F
CUST03553,VIRAJ PANT,53.0,91-24102-46406,chennai,Nagaland,Vi,PRE PAID,99.0,74,22 Jun 2020,16-07-2026,1,N,nimrat24@example.org,M
CUST03554,Brinda Handa,23.0,+916167268772,NAGPUR,Telangana,Vi,,149.0,12,20250726,19 Jul 2026,1,n,gramanathan@example.com,MALE
CUST03555,Harini Kuruvilla,33.0,7833268763,indore,Telangana,Airtel,Pre-paid,149.0,50,20220612,18 Jul 2026,1,N,chakradev87@example.net,MALE
CUST03556,Darsh Banik,27.0,+91 95097 49905,Mumbai,Jharkhand,BSNL,Post-paid,799.0,60,16 Aug 2021,14 Jul 2026,1,NO,advikawagle@example.com,female
CUST03557,Kamya Hayer,27.0,+918219143802,NAGPUR,Uttar Pradesh,Vi,Pre-paid,199.0,46,10 Oct 2022,20260716,1,0,owarrior@example.org,F
CUST03558,Benjamin Agrawal,38.0,,Poona,Maharashtra,Airtel,Pre-paid,599.0,18,27-01-2025,14 Jul 2026,1,NO,alad@example.net,F
CUST03559,Abha Bir,50.0,4658973750,Lucknow,Goa,Vi,Post-paid,499.0,82,2019-10-26,07/20/2026,1,,isaiah72@example.net,Male
CUST03560,nachiket vyas,37.0,0972068814,SURAT,Manipur,Airtel,PRE PAID,599.0,33,2023-11-04,07/10/2026,1,NO,udarsh01@example.org,FEMALE
CUST03561,Chaaya Tailor,47.0,,bhopal,Chhattisgarh,BSNL,Pre-paid,839.0,67,20210118,30-06-2026,3,N,jacktrivedi@example.com,MALE
CUST03562,chaaya dani,32.0,91-29265-71621,Patna,Meghalaya,Jio,prepaid,999.0,47,10 Sep 2022,07/03/2026,2,N,vedant95@example.net,MALE
CUST03563,Abha Varma,48.0,00578655205,LUCKNOW,Odisha,Airtel,postpaid,1199.0,1,20260621,20-07-2026,0,NO,aaravreddy@example.net,MALE
CUST03564,ISAIAH AHUJA,53.0,03692152606,hyderabad,Assam,Vi,Pre-paid,99.0,79,,10 Jul 2026,1,n,usani@example.com,Female
CUST03565,abdul madan,47.0,91-35884-45481,bhopal,Andhra Pradesh,Vi,postpaid,1999.0,64,18/04/2021,11 Jul 2026,1,N,,Male
CUST03566,Inaya Lala,59.0,,lucknow,Arunachal Pradesh,Jio,Prepaid,839.0,16,28-03-2025,18-07-2026,1,n,taradhar@example.net,male
CUST03567,Bhavna Nayak,57.0,+913470975124,PATNA,Odisha,BSNL,POST PAID,1499.0,83,26-09-2019,07/07/2026,1,NO,,M
CUST03568,Ranbir More,49.0,+916366870989,delhi,Mizoram,Jio,POST PAID,1199.0,18,27-01-2025,10/07/2026,0,n,jyadav@example.org,FEMALE
CUST03569,Lavanya Kaur,,,pune,Meghalaya,Jio,Post-paid,699.0,52,13-04-2022,03 Jun 2026,5,NO,,female
CUST03570,azaan krishnan,26.0,+91 94191 45892,CHENNAI,,BSNL,POST PAID,999.0,2,20260522,07/14/2026,0,NO,gargaryan@example.net,
CUST03571,Hema Kapoor,47.0,+91 69521 56056,MUM,Himachal Pradesh,Jio,postpaid,1499.0,51,2022-05-13,2026-05-26,2,Y,,
CUST03572,Umang Muni,32.0,+91 38793 32356,LUCKNOW,Gujarat,Vi,POSTPAID,999.0,38,07/06/2023,30-05-2026,4,0,thamandhruv@example.com,Male
CUST03573,Harshil Sheth,42.0,0464878278,Lucknow,Arunachal Pradesh,Airtel,PRE PAID,199.0,18,27-01-2025,11/06/2026,4,Y,patricksachdeva@example.org,MALE
CUST03574,Onkar Radhakrishnan,27.0,05623116569,Chennai,Nagaland,BSNL,Pre-paid,719.0,17,20250226,08 Jul 2026,0,,fdugar@example.org,FEMALE
CUST03575,REHAAN KALITA,38.0,7386277435,lucknow,Rajasthan,BSNL,Prepaid,599.0,34,10/05/2023,13 Jul 2026,1,N,waliagirik@example.com,Male
CUST03576,rushil deo,26.0,91-24576-49229,Nagpur,Himachal Pradesh,Airtel,Post-paid,499.0,49,12/07/2022,10-07-2026,0,0,indira57@example.net,female
CUST03577,Balhaar Gola,18.0,+911163894494,Indore,Meghalaya,Airtel,Postpaid,799.0,41,09/03/2023,13/07/2026,1,n,champaksaraf@example.com,MALE
CUST03578,Daksha Nayar,22.0,2056907647,,Haryana,Jio,Prepaid,719.0,21,29-10-2024,18 Jul 2026,0,0,bhavanimander@example.com,MALE
CUST03579,NANDINI RANDHAWA,27.0,+913453750219,Madras,Tamil Nadu,Vi,prepaid,299.0,65,19/03/2021,20260523,2,Y,aachaldoshi@example.org,female
CUST03580,Ijaya Chokshi,27.0,+918852496721,Ahmedabad,Haryana,Jio,Postpaid,,28,02-04-2024,07/14/2026,0,,fkulkarni@example.com,female
CUST03581,Pooja Golla,39.0,01681437547,Mumbai,Gujarat,Airtel,,599.0,80,20191225,08-07-2026,1,,fkadakia@example.net,Male
CUST03582,Prisha Vala,21.0,91-76303-27184,Poona,Odisha,Vi,Pre-paid,999.0,7,,2026-06-23,5,NO,devansh95@example.org,MALE
CUST03583,luke sem,33.0,+913556315593,mumbai,Andhra Pradesh,Vi,POST PAID,1999.0,22,09/29/2024,20260718,1,0,dugaryashasvi@example.org,MALE
CUST03584,Jeremiah Contractor,63.0,91-31479-14394,ahmedabad,Mizoram,Airtel,Pre-paid,499.0,79,2020-01-24,20260619,3,N,udant75@example.net,male
CUST03585,Vrishti Guha,44.0,+91 65754 01720,hyderabad,Odisha,Jio,Postpaid,799.0,80,25-12-2019,08-07-2026,1,n,finnsheth@example.com,Male
CUST03586,hemal ghose,32.0,91-00652-32113,Patna,Jharkhand,Vi,prepaid,99.0,14,27-05-2025,11-07-2026,1,NO,omani@example.com,FEMALE
CUST03587,Jackson Sarma,41.0,+91 81619 20365,delhi,Karnataka,Jio,POSTPAID,799.0,81,25 Nov 2019,20260529,3,NO,yagnesh00@example.net,F
CUST03588,Logan Sunder,30.0,91-16888-51163,surat,Punjab,Jio,postpaid,499.0,52,04/13/2022,14-07-2026,0,NO,shenoyfalguni@example.org,M
CUST03589,Timothy Kamdar,30.0,00384354097,Madras,Uttar Pradesh,Airtel,POSTPAID,1499.0,8,23 Nov 2025,20260717,1,0,,FEMALE
CUST03590,Anirudh Krishna,52.0,00420190069,,Tripura,Airtel,Pre-paid,719.0,3,22 Apr 2026,2026-05-28,2,,groverethan@example.com,MALE
CUST03591,Lajita Sankar,26.0,3291066994,hyderabad,Punjab,BSNL,,299.0,36,08/06/2023,06/06/2026,5,NO,vasana77@example.net,Female
CUST03592,Pooja Banik,45.0,91-72633-24827,Mumbai,,BSNL,POST PAID,499.0,19,2024-12-28,07/09/2026,0,n,oakmitesh@example.net,F
CUST03593,Hiral Basak,25.0,,Patna,Nagaland,Vi,postpaid,399.0,47,2022-09-10,23-05-2026,4,NO,raghavkashyap@example.org,FEMALE
CUST03594,Rudra Pai,65.0,91-97436-27121,nagpur,Maharashtra,Airtel,prepaid,839.0,2,22 May 2026,13/07/2026,1,NO,achoudhary@example.net,
CUST03595,barkha merchant,39.0,,KOLKATA,Gujarat,Airtel,postpaid,1499.0,52,2022-04-13,2026-07-11,0,NO,tandonbalvan@example.com,F
CUST03596,Zayyan Apte,32.0,7152832642,Hyd,West Bengal,Airtel,Pre-paid,499.0,39,2023-05-08,2026-07-13,0,n,ozaaishani@example.com,Male
CUST03597,Pooja Sura,56.0,,KOLKATA,Tripura,Jio,Post-paid,399.0,20,28-11-2024,05 Jul 2026,2,,divya23@example.net,F
CUST03598,Abhiram Andra,43.0,+913098002650,BLR,,Airtel,POST PAID,799.0,59,15 Sep 2021,06 Jun 2026,2,n,dhawanatharv@example.org,female
CUST03599,Darika Pandey,36.0,+910082863900,Lucknow,Goa,Jio,Post-paid,1199.0,84,27 Aug 2019,09/07/2026,0,,vasudha67@example.com,FEMALE
CUST03600,Ojas Anand,59.0,+915746523208,Bhopal,Assam,BSNL,Post-paid,799.0,41,09/03/2023,05-06-2026,5,Y,ahluwaliashravya@example.com,MALE
CUST03601,Dev Rout,26.0,+91 18686 74245,Delhi,Tamil Nadu,Vi,,499.0,4,20260323,20-07-2026,1,N,mallicktripti@example.net,F
CUST03602,Nakul Sen,39.0,00069466670,Surat,Maharashtra,Jio,Post-paid,999.0,61,07/17/2021,18 Jul 2026,0,NO,bawafitan@example.org,Male
CUST03603,ETHAN BUCH,30.0,+91 19122 86698,Surat,Himachal Pradesh,Vi,postpaid,1199.0,66,20210217,26/06/2026,4,Y,tanvigoyal@example.net,FEMALE
CUST03604,Sudiksha Chaudhari,32.0,03928288349,PATNA,Arunachal Pradesh,Airtel,Pre-paid,149.0,61,17/07/2021,21 Jun 2026,3,Y,farajpandey@example.com,male
CUST03605,Pranit Balay,54.0,05581324336,jaipur,Mizoram,Jio,,199.0,36,06/08/2023,18/07/2026,1,NO,gpatla@example.com,FEMALE
CUST03606,Ekiya Balan,32.0,+91 03889 96559,jaipur,Kerala,Airtel,Post-paid,699.0,70,2020-10-20,17/07/2026,1,,zparikh@example.org,Female
CUST03607,Abhimanyu Bahl,35.0,,BHOPAL,Punjab,Vi,Postpaid,399.0,52,04/13/2022,2026-05-31,5,NO,ddani@example.net,male
CUST03608,Yutika Rajagopalan,48.0,05156600977,PATNA,Nagaland,Vi,Post-paid,1499.0,52,13/04/2022,2026-07-09,1,n,bainsyadavi@example.org,female
CUST03609,Jeevika Tiwari,42.0,01005796483,INDORE,Gujarat,BSNL,POSTPAID,499.0,34,05/10/2023,06/23/2026,5,0,zagarwal@example.net,F
CUST03610,Vivaan Parsa,53.0,01115023818,pune,Uttar Pradesh,Jio,Post-paid,999.0,18,27/01/2025,2026-06-06,5,Y,wakeetakrish@example.net,M
CUST03611,SIMON RAJAGOPAL,46.0,+914928461788,indore,Sikkim,Airtel,Prepaid,839.0,22,20240929,14 Jul 2026,1,,,male
CUST03612,Oni Dugar,39.0,+91 59864 92449,Madras,Manipur,Vi,Postpaid,399.0,43,08 Jan 2023,07/16/2026,1,n,isaac05@example.com,MALE
CUST03613,Yoshita Varty,37.0,4057599559,bhopal,Mizoram,Vi,POSTPAID,1999.0,71,2020-09-20,10-07-2026,0,NO,wyattbajwa@example.com,F
CUST03614,Chaitanya Dutta,35.0,+911924659415,Kolkata,Rajasthan,Vi,Prepaid,599.0,25,20240701,02 Jun 2026,4,0,dhruvchaudhary@example.com,female
CUST03615,elijah salvi,31.0,+91 73286 47862,MUMBAI,Bihar,Jio,Prepaid,149.0,58,,14-07-2026,1,0,bhatiagautami@example.com,Male
CUST03616,Om Bajaj,25.0,3161453874,Chennai,Meghalaya,BSNL,PRE PAID,999.0,21,29/10/2024,19-07-2026,1,,ojas82@example.org,M
CUST03617,Laban Talwar,41.0,+917336860204,,Tripura,Vi,postpaid,1999.0,19,28-12-2024,20 Jul 2026,1,n,gaurangi88@example.net,male
CUST03618,VINCENT LAD,65.0,91-45061-61507,JAIPUR,Tripura,Airtel,POST PAID,499.0,80,12/25/2019,17-07-2026,0,N,danielvarughese@example.net,male
CUST03619,Mekhala Nigam,20.0,03585227416,nagpur,Sikkim,Jio,PRE PAID,199.0,2,22/05/2026,20260714,1,n,kamalaparekh@example.org,
CUST03620,bachittar tailor,31.0,+91 99703 51557,surat,Punjab,BSNL,Post-paid,1499.0,12,2025-07-26,20260708,0,N,hemalbarman@example.com,F
CUST03621,Pranit Sur,46.0,,delhi,Madhya Pradesh,BSNL,POST PAID,1999.0,75,2020-05-23,07/16/2026,0,,dayamai62@example.com,FEMALE
CUST03622,Pranav Chaudhry,60.0,+916015482722,Surat,Karnataka,Jio,PRE PAID,99.0,8,23 Nov 2025,12 Jul 2026,0,n,bghose@example.net,M
CUST03623,Kalpit Chada,19.0,1429699885,INDORE,Tripura,BSNL,,599.0,33,20231104,19-07-2026,0,0,jananideshmukh@example.net,
CUST03624,gopal bala,64.0,+91 94018 98053,,Kerala,Airtel,Prepaid,99.0,37,07/07/2023,2026-07-08,1,n,bassiaahana@example.com,female
CUST03625,Aarush Bail,61.0,+91 43398 21041,Amdavad,Nagaland,BSNL,Postpaid,1199.0,76,20200423,20260525,4,0,karagavin@example.com,male
CUST03626,gaurika raja,49.0,0220992460,HYDERABAD,Andhra Pradesh,Jio,Pre-paid,399.0,82,26-10-2019,01/06/2026,5,NO,shivansh13@example.net,MALE
CUST03627,jasmit bains,53.0,,New Delhi,Bihar,Vi,,999.0,31,03 Jan 2024,07/18/2026,0,N,jhazehaan@example.com,female
CUST03628,Kai Sastry,23.0,91-90815-48500,Ahmedabad,Himachal Pradesh,Jio,Postpaid,1999.0,39,2023-05-08,2026-07-10,1,n,dugalyagnesh@example.org,FEMALE
CUST03629,Harsh Deshmukh,35.0,8448947319,KOLKATA,Goa,BSNL,postpaid,999.0,28,04/02/2024,21/07/2026,0,NO,meghabhargava@example.net,F
CUST03630,amrita bhandari,38.0,+91 13027 46649,NCR,Gujarat,Vi,POST PAID,1499.0,62,17 Jun 2021,2026-05-30,4,Y,dayalyochana@example.com,male
CUST03631,Yadavi Raj,64.0,,BENGALURU,Uttarakhand,BSNL,postpaid,699.0,9,24 Oct 2025,09 Jul 2026,0,N,panditharini@example.org,FEMALE
CUST03632,Amol Gill,22.0,+911814792216,BHOPAL,Haryana,Vi,PRE PAID,99.0,32,2023-12-04,07/07/2026,0,,pallaviradhakrishnan@example.com,Female
CUST03633,Michael Bhargava,52.0,07469596237,nagpur,Arunachal Pradesh,BSNL,Prepaid,149.0,9,24-10-2025,20-07-2026,0,n,dkadakia@example.org,M
CUST03634,Alexander Bassi,62.0,03479189022,SURAT,Punjab,Vi,PRE PAID,999.0,32,12/04/2023,05/25/2026,3,Y,ndhaliwal@example.org,FEMALE
CUST03635,amol bhatnagar,62.0,91-79571-28217,hyderabad,Gujarat,Jio,postpaid,999.0,4,23 Mar 2026,2026-07-17,0,NO,chandarajata@example.net,MALE
CUST03636,Manan Soni,54.0,+915123662374,indore,,BSNL,Post-paid,699.0,80,12/25/2019,07/13/2026,0,N,,female
CUST03637,INDIRA CHAKRABARTI,34.0,+91 26831 82239,surat,Telangana,BSNL,Postpaid,399.0,3,22-04-2026,2026-07-12,0,n,pooja94@example.org,female
CUST03638,Yahvi Sampath,31.0,,Ahmedabad,Madhya Pradesh,Vi,Postpaid,1199.0,10,09/24/2025,18/07/2026,0,n,mahikaroy@example.org,male
CUST03639,Orinder Saraf,21.0,+915533723157,Bhopal,Arunachal Pradesh,Airtel,prepaid,149.0,45,09 Nov 2022,14/07/2026,1,NO,raksha99@example.net,F
CUST03640,Dayamai Radhakrishnan,19.0,91-30445-76232,Bhopal,Kerala,Jio,,299.0,63,18/05/2021,2026-07-19,0,N,mohammed30@example.org,
CUST03641,Irya Ravi,59.0,+911553741030,Mumbai,Jharkhand,Vi,postpaid,699.0,8,23/11/2025,07/13/2026,0,,hkant@example.org,female
CUST03642,Jatin Desai,32.0,+914089623027,LUCKNOW,Tripura,BSNL,Postpaid,1499.0,51,13/05/2022,09/07/2026,1,n,ekiyabakshi@example.com,M
CUST03643,Bhavna Amble,33.0,08856169712,bangalore,Telangana,Airtel,Postpaid,1999.0,24,31-07-2024,18 Jul 2026,1,n,dakshavig@example.net,MALE
CUST03644,girish gera,,,BLR,West Bengal,Airtel,Post-paid,699.0,44,09/12/2022,2026-07-12,1,N,birchaaya@example.net,male
CUST03645,DALBIR PANDEY,22.0,+91 49976 22456,KOLKATA,Mizoram,Jio,POSTPAID,399.0,23,30-08-2024,2026-07-17,0,n,nagiyamini@example.com,male
CUST03646,Lila Bora,32.0,+91 03750 77279,Ahmedabad,Uttar Pradesh,Jio,POST PAID,699.0,75,,07/08/2026,0,,ramjanya@example.net,Male
CUST03647,qasim mammen,55.0,91-93685-13498,surat,Rajasthan,Jio,POST PAID,699.0,61,17-07-2021,07/21/2026,0,N,jacksonrout@example.com,male
CUST03648,AMRUTA PANT,36.0,1090565463,surat,Punjab,Vi,PRE PAID,999.0,37,20230707,12-07-2026,1,,nbhatnagar@example.net,male
CUST03649,warda sarna,50.0,91-23446-65891,Nagpur,Himachal Pradesh,BSNL,Pre-paid,719.0,82,26/10/2019,05 Jun 2026,5,Y,umurthy@example.com,FEMALE
CUST03650,Anmol Sengupta,32.0,08463700446,INDORE,Odisha,Airtel,POST PAID,799.0,20,20241128,,5,Y,srinivasandamyanti@example.net,female
CUST03651,Abeer Purohit,57.0,6774680390,pune,Chhattisgarh,Jio,POSTPAID,699.0,76,20200423,2026-05-30,3,Y,yatin94@example.net,male
CUST03652,YASHICA MISRA,35.0,5546815957,NAGPUR,Chhattisgarh,BSNL,Prepaid,599.0,19,20241228,20260707,1,,,MALE
CUST03653,Bhanumati Chatterjee,37.0,+918587941480,INDORE,Tamil Nadu,Airtel,Postpaid,399.0,69,19 Nov 2020,27 Jun 2026,2,NO,maxraj@example.net,FEMALE
CUST03654,Balhaar Balay,25.0,+919007117758,Poona,Karnataka,BSNL,POSTPAID,499.0,12,26/07/2025,20260531,3,Y,fdugar@example.org,M
CUST03655,YATIN D’ALIA,56.0,,Bhopal,,Airtel,Pre-paid,999.0,53,14-03-2022,2026-07-16,0,NO,omya66@example.net,FEMALE
CUST03656,Vansha Bhandari,21.0,+91 60174 29062,Pune,Arunachal Pradesh,Airtel,prepaid,719.0,75,05/23/2020,20-07-2026,0,,meghahegde@example.com,male
CUST03657,Tripti Dara,,+919125037545,patna,Andhra Pradesh,BSNL,,99.0,72,21-08-2020,04-06-2026,4,N,dalbir24@example.org,male
CUST03658,Chaman Gola,43.0,91-72274-51776,Lucknow,Jharkhand,Jio,PRE PAID,719.0,33,04-11-2023,2026-07-12,1,0,tamannagoel@example.com,Male
CUST03659,Advika Khalsa,26.0,,surat,Bihar,Jio,PREPAID,719.0,15,27 Apr 2025,13/07/2026,0,0,fiyazseth@example.net,Male
CUST03660,Wriddhish Patla,37.0,1179087577,JAIPUR,Kerala,Jio,prepaid,399.0,65,03/19/2021,,0,,naksh25@example.org,F
CUST03661,Ekanta Borah,27.0,00348478800,MUMBAI,Bihar,Vi,,499.0,70,10/20/2020,20260701,2,Y,memonvidhi@example.net,FEMALE
CUST03662,Ridhi Wali,63.0,+91 07978 42553,,Arunachal Pradesh,BSNL,PREPAID,99.0,22,29-09-2024,05/29/2026,2,Y,shazehaan@example.org,
CUST03663,Amol Garde,24.0,4537573942,MUMBAI,Odisha,Airtel,POST PAID,1999.0,46,10 Oct 2022,20260618,4,0,mayakuruvilla@example.org,female
CUST03664,Hemangini Sidhu,27.0,,Surat,Himachal Pradesh,Airtel,Pre-paid,299.0,75,20200523,20/07/2026,1,n,charitasridhar@example.net,Male
CUST03665,Dev Grover,35.0,91-64453-70752,Chennai,Sikkim,Airtel,POSTPAID,1999.0,84,2019-08-27,13-07-2026,1,N,lraju@example.com,M
CUST03666,Utkarsh Ray,59.0,+91 91799 98908,Surat,Himachal Pradesh,BSNL,PRE PAID,719.0,32,12/04/2023,20260708,0,n,advik48@example.com,FEMALE
CUST03667,Nathaniel Chaudhary,20.0,91-14505-14992,,Punjab,Airtel,Postpaid,699.0,53,14-03-2022,20260712,1,N,bina47@example.net,female
CUST03668,Yamini Rai,50.0,06417504658,CHENNAI,Uttarakhand,BSNL,prepaid,719.0,35,05/09/2023,11/07/2026,1,,barmanyauvani@example.net,M
CUST03669,Vasatika Tak,28.0,91-07002-85582,Indore,Telangana,Vi,postpaid,499.0,54,2022-02-12,15 Jul 2026,1,0,meghanavarty@example.com,Female
CUST03670,Jeevika Sridhar,45.0,02309781194,patna,Arunachal Pradesh,Jio,PRE PAID,149.0,61,20210717,20260714,1,0,parikhgaurav@example.org,Male
CUST03671,Ranveer Verma,63.0,91-67776-39857,surat,Kerala,Airtel,POSTPAID,1499.0,23,2024-08-30,12/07/2026,0,NO,ijaya90@example.com,F
CUST03672,Zashil Modi,27.0,91-87639-71910,Surat,Meghalaya,Airtel,Prepaid,599.0,75,,19 Jul 2026,0,,daliamohammed@example.com,F
CUST03673,Dalaja Issac,48.0,,LUCKNOW,Nagaland,Airtel,POST PAID,699.0,4,23 Mar 2026,17 Jul 2026,1,N,dominicsankaran@example.com,F
CUST03674,Vamakshi Raju,64.0,,nagpur,Tamil Nadu,Vi,Pre-paid,99.0,74,2020-06-22,07/15/2026,1,NO,yadaviprasad@example.com,MALE
CUST03675,Vasatika Chakrabarti,22.0,00942215057,delhi,Madhya Pradesh,Airtel,postpaid,,41,09 Mar 2023,18 Jul 2026,0,NO,chanakya65@example.com,
CUST03676,Anya Arora,60.0,09055496015,JAIPUR,West Bengal,Jio,PRE PAID,399.0,41,2023-03-09,16 Jul 2026,1,0,abdul03@example.org,FEMALE
CUST03677,Naveen Rajagopalan,52.0,+91 55541 32604,hyderabad,Gujarat,Jio,prepaid,499.0,25,2024-07-01,07/16/2026,1,,,F
CUST03678,Omkaar Mane,27.0,+91 64076 55803,PATNA,Haryana,Jio,POST PAID,699.0,63,20210518,,1,NO,,M
CUST03679,Luke Shroff,40.0,91-55142-03383,patna,Chhattisgarh,Jio,PRE PAID,149.0,37,2023-07-07,19/07/2026,0,n,wpalla@example.com,FEMALE
CUST03680,Urmi Menon,44.0,+91 11171 18129,KOLKATA,Mizoram,Vi,POST PAID,1499.0,64,18-04-2021,20-07-2026,1,,jreddy@example.com,Male
CUST03681,Mohini Raval,40.0,+912969347215,NAGPUR,Kerala,Vi,POSTPAID,699.0,32,2023-12-04,22 May 2026,2,,bakshiazad@example.org,Female
CUST03682,Nidhi Chad,48.0,00079013198,Kolkata,Kerala,Airtel,Prepaid,99.0,5,20260221,2026-07-07,0,NO,mvarty@example.com,male
CUST03683,Saumya Parmar,33.0,91-37509-87104,PATNA,Uttarakhand,Vi,Prepaid,999.0,16,03/28/2025,07/17/2026,1,n,adyade@example.com,FEMALE
CUST03684,Garima Raman,24.0,+918276972246,Patna,West Bengal,Airtel,PRE PAID,299.0,30,,20260710,0,,qkaul@example.org,M
CUST03685,Anamika Bhatti,49.0,+918428388830,lucknow,Tamil Nadu,Vi,Postpaid,699.0,18,,18/07/2026,1,N,manthanminhas@example.net,Male
CUST03686,YASH CHAKRABARTI,50.0,,nagpur,Uttar Pradesh,BSNL,,599.0,72,21/08/2020,18 Jul 2026,0,N,vyanjanakhatri@example.net,male
CUST03687,Yauvani Dhar,18.0,+91 73072 10269,INDORE,Rajasthan,Jio,postpaid,,38,07-06-2023,12-07-2026,1,N,ekaja31@example.net,female
CUST03688,Agastya Doshi,53.0,+910222596256,patna,Gujarat,BSNL,POST PAID,1199.0,70,20-10-2020,19 Jun 2026,4,Y,deokai@example.com,FEMALE
CUST03689,Anmol Barad,35.0,,ahmedabad,,Jio,POSTPAID,799.0,75,2020-05-23,07/21/2026,0,NO,itrivedi@example.org,
CUST03690,Ridhi Venkatesh,28.0,02962340910,AHMEDABAD,Assam,BSNL,Prepaid,99.0,81,20191125,,1,N,nsaini@example.net,M
CUST03691,Agastya Grover,40.0,+91 34796 46900,lucknow,Madhya Pradesh,Jio,postpaid,399.0,9,2025-10-24,07/10/2026,0,n,mahaladvay@example.org,MALE
CUST03692,Manthan Bhatt,29.0,,bangalore,Mizoram,Airtel,Post-paid,799.0,76,23-04-2020,20260718,0,0,ssuri@example.net,Female
CUST03693,Dev Mammen,38.0,91-68545-12977,jaipur,Madhya Pradesh,Jio,PREPAID,499.0,55,13 Jan 2022,11-07-2026,1,n,ijaya30@example.com,male
CUST03694,yahvi kapur,46.0,9146715658,delhi,West Bengal,Airtel,Prepaid,199.0,25,01/07/2024,12 Jul 2026,0,n,krishnade@example.net,
CUST03695,Fariq Mall,51.0,,Indore,Sikkim,Airtel,,599.0,30,20240202,20260718,1,n,anmol65@example.net,F
CUST03696,Girik Bora,62.0,,CHENNAI,Manipur,Vi,POSTPAID,1199.0,74,2020-06-22,15-07-2026,0,n,liammahal@example.com,F
CUST03697,Kalpit Bail,40.0,,BHOPAL,Uttarakhand,Jio,POSTPAID,1199.0,33,20231104,14-07-2026,0,N,zehaanzachariah@example.net,MALE
CUST03698,Yash Hans,60.0,91-69929-50398,Delhi,Himachal Pradesh,Jio,PREPAID,99.0,68,19/12/2020,20260708,0,N,chandransarin@example.net,Male
CUST03699,Anamika Sur,44.0,6927060425,Mumbai,Andhra Pradesh,BSNL,postpaid,499.0,84,08/27/2019,06/25/2026,4,,muniyochana@example.net,M
CUST03700,Pushti Gokhale,55.0,+91 28218 01942,CHENNAI,Karnataka,Vi,Prepaid,499.0,33,2023-11-04,19/07/2026,0,0,drajagopalan@example.net,
CUST03701,MEERA SHETH,32.0,91-84658-41069,Indore,Bihar,Airtel,prepaid,999.0,36,20230806,2026-07-15,0,,gsarkar@example.net,M
CUST03702,Ekansh Chhabra,,,Jaipur,Andhra Pradesh,Airtel,postpaid,1999.0,29,03/03/2024,20 Jul 2026,1,N,abeerborra@example.com,F
CUST03703,Sarthak Tella,32.0,05044566739,Hyderabad,Telangana,Jio,,399.0,62,17/06/2021,07/16/2026,1,N,xgarde@example.com,F
CUST03704,Hema Soni,51.0,1007914566,MUMBAI,Manipur,BSNL,postpaid,1199.0,77,2020-03-24,06 Jun 2026,5,Y,ydyal@example.com,FEMALE
CUST03705,Joshua Bains,18.0,09871288496,Indore,Tamil Nadu,BSNL,Postpaid,499.0,21,10/29/2024,30-06-2026,5,Y,vigsiya@example.com,male
CUST03706,Yasti Garde,46.0,3292201453,nagpur,Goa,BSNL,,299.0,64,18-04-2021,06/09/2026,3,Y,cjayaraman@example.net,male
CUST03707,ekapad ganesh,60.0,4497601104,bhopal,Mizoram,Vi,Postpaid,499.0,71,,,4,Y,gopal32@example.org,female
CUST03708,Yatan Hans,43.0,0090490766,Lucknow,Maharashtra,Vi,Pre-paid,839.0,73,2020-07-22,19 Jul 2026,0,,,MALE
CUST03709,Jagrati Dara,63.0,91-62542-26506,Hyderabad,Goa,Airtel,PREPAID,149.0,21,10/29/2024,20260707,1,n,sudiksha69@example.net,male
CUST03710,Chaaya Subramaniam,20.0,+913691628875,LUCKNOW,West Bengal,Vi,Post-paid,1199.0,28,2024-04-02,11 Jul 2026,1,0,merchantjanuja@example.net,Male
CUST03711,Chakradhar Borde,33.0,+91 49677 31596,Madras,Mizoram,BSNL,PREPAID,99.0,48,11 Aug 2022,2026-07-12,0,N,aarnavdevan@example.net,female
CUST03712,shivani dani,44.0,+913992012776,New Delhi,Mizoram,BSNL,Postpaid,699.0,40,08-04-2023,13-07-2026,0,N,daksheshmutti@example.com,F
CUST03713,Dhruv Randhawa,25.0,,New Delhi,Uttar Pradesh,Vi,Pre-paid,599.0,27,02-05-2024,10 Jul 2026,1,N,wpalan@example.net,MALE
CUST03714,IKBAL MAHARAJ,20.0,7672000732,Poona,Karnataka,Vi,postpaid,799.0,1,21/06/2026,,1,N,gunbirmahal@example.net,F
CUST03715,Bakhshi Goda,35.0,6999845083,Bangalore,Rajasthan,BSNL,Post-paid,499.0,33,04-11-2023,07/14/2026,1,n,,Male
CUST03716,Arya Kumar,41.0,06544359296,Hyd,Haryana,Vi,Post-paid,499.0,6,20260122,19-06-2026,3,Y,kulkarnimeera@example.com,FEMALE
CUST03717,Fiyaz Borra,30.0,,hyderabad,Mizoram,BSNL,prepaid,149.0,16,2025-03-28,07/11/2026,0,N,dashsiya@example.org,M
CUST03718,ANIKA BOASE,59.0,91-39076-83841,INDORE,Jharkhand,Vi,PREPAID,999.0,82,26/10/2019,20260708,1,,faras27@example.com,Female
CUST03719,Sudiksha Nayar,37.0,+917674885442,Jaipur,Manipur,BSNL,Pre-paid,999.0,10,24 Sep 2025,20/07/2026,1,n,abeerdayal@example.com,male
CUST03720,NEEL KAPADIA,25.0,91-01025-32581,KOLKATA,Uttar Pradesh,BSNL,Postpaid,699.0,50,06/12/2022,2026-07-03,4,NO,,FEMALE
CUST03721,Odika Sawhney,64.0,+910621739223,nagpur,Telangana,Vi,PREPAID,839.0,51,13/05/2022,2026-06-04,2,NO,,M
CUST03722,Aashi Sridhar,54.0,,bhopal,Bihar,Vi,Prepaid,599.0,70,20 Oct 2020,20260707,0,0,shankaryuvraj@example.net,M
CUST03723,Hemani Nair,36.0,05914987355,Nagpur,Meghalaya,BSNL,Prepaid,399.0,49,12/07/2022,20/07/2026,1,,pborah@example.org,Male
CUST03724,Nikita D’Alia,63.0,,PATNA,Goa,Jio,PRE PAID,599.0,7,23/12/2025,2026-07-15,1,N,,
CUST03725,Onkar Hayre,21.0,,Ahmedabad,Punjab,BSNL,prepaid,999.0,80,25 Dec 2019,11 Jun 2026,5,Y,parthbhargava@example.org,MALE
CUST03726,Maya Palla,51.0,6334814167,kolkata,Bihar,Airtel,PREPAID,499.0,1,06/21/2026,22 May 2026,3,Y,abeer80@example.org,FEMALE
CUST03727,Neel Dhingra,34.0,+911198262308,Amdavad,Gujarat,Vi,postpaid,499.0,63,20210518,17-07-2026,0,NO,ozareyansh@example.com,female
CUST03728,Abhiram Raval,64.0,+911613249069,surat,Tamil Nadu,Airtel,POSTPAID,699.0,73,20200722,08 Jul 2026,0,n,bloyal@example.org,male
CUST03729,Chaitanya Ramakrishnan,62.0,+91 19164 46776,Amdavad,Karnataka,Airtel,Postpaid,799.0,52,20220413,2026-06-14,5,,wparmar@example.org,Male
CUST03730,Ekanta Kalita,28.0,4254662999,PATNA,Telangana,Jio,PREPAID,499.0,68,12/19/2020,20260623,2,Y,xmishra@example.com,Male
CUST03731,Varsha Sankaran,19.0,91-88435-11099,hyderabad,Chhattisgarh,BSNL,POST PAID,999.0,1,06/21/2026,16/07/2026,1,0,andragirish@example.org,FEMALE
CUST03732,Xalak Bajaj,48.0,7627961128,NAGPUR,Mizoram,Airtel,Prepaid,599.0,71,20/09/2020,21-07-2026,0,n,bmajumdar@example.net,
CUST03733,Edhitha Thaker,51.0,91-40638-55245,lucknow,Bihar,BSNL,prepaid,719.0,54,2022-02-12,20260721,1,n,nbandi@example.com,M
CUST03734,Owen Padmanabhan,23.0,1145167262,patna,Rajasthan,Airtel,Post-paid,1499.0,31,2024-01-03,02/06/2026,4,Y,ramyasti@example.net,F
CUST03735,dayita das,24.0,04785380579,Hyderabad,Himachal Pradesh,Jio,Prepaid,499.0,26,01/06/2024,21-07-2026,0,n,revadas@example.org,Female
CUST03736,Faraj Dave,41.0,,Bhopal,Uttarakhand,Airtel,postpaid,999.0,69,20201119,19/07/2026,0,N,lipika95@example.org,male
CUST03737,Ishita Bail,32.0,02773491053,Poona,Andhra Pradesh,Jio,Postpaid,699.0,10,09/24/2025,07/07/2026,0,NO,jananichaudhry@example.org,FEMALE
CUST03738,RAAGINI PAI,27.0,91-83960-65181,Lucknow,Nagaland,Vi,,839.0,54,12-02-2022,24/05/2026,4,N,ishaanchadha@example.net,male
CUST03739,Xalak Mohanty,33.0,,Patna,Punjab,Jio,Post-paid,499.0,37,07/07/2023,20260717,1,NO,bordetriveni@example.net,male
CUST03740,Saanvi Soman,47.0,6379230137,ahmedabad,Kerala,Jio,Postpaid,1999.0,71,20/09/2020,10-07-2026,1,NO,taraoza@example.com,MALE
CUST03741,Onveer Iyengar,33.0,+91 02135 12485,BHOPAL,Uttar Pradesh,Vi,Postpaid,399.0,54,12/02/2022,07/10/2026,0,N,hayrevrishti@example.com,FEMALE
CUST03742,Yoshita Kapoor,,+913031653933,Indore,Punjab,BSNL,,399.0,73,22 Jul 2020,20260612,2,Y,nattzaitra@example.org,Female
CUST03743,upkaar manda,,,BLR,Chhattisgarh,Vi,prepaid,719.0,47,09/10/2022,20260717,1,N,zgole@example.com,FEMALE
CUST03744,Advaith Barad,60.0,+91 93682 43431,Kolkata,Bihar,Airtel,Postpaid,,46,10/10/2022,06/19/2026,2,0,wrideshramaswamy@example.com,MALE
CUST03745,Vedhika Oommen,30.0,6395911899,Nagpur,Madhya Pradesh,Airtel,PRE PAID,399.0,64,18 Apr 2021,2026-07-13,1,N,gautamirout@example.com,Female
CUST03746,Chasmum Rau,27.0,+91 38398 89240,Mumbai,Karnataka,BSNL,,499.0,52,,09-07-2026,0,NO,lsuresh@example.com,Female
CUST03747,Yashoda Khare,49.0,+919850007359,Mumbai,Odisha,Vi,POSTPAID,799.0,34,05/10/2023,06/08/2026,4,Y,xgarde@example.com,male
CUST03748,ISHITA RAMESH,49.0,07894652990,Bhopal,Haryana,BSNL,Pre-paid,839.0,44,12/09/2022,10-06-2026,3,Y,srinivaschristopher@example.net,
CUST03749,Lopa Raval,30.0,4537607755,Amdavad,Bihar,Jio,POST PAID,1999.0,52,20220413,07/14/2026,0,n,hemani91@example.net,FEMALE
CUST03750,Anvi Ghosh,60.0,+913755876760,indore,Chhattisgarh,BSNL,POSTPAID,1499.0,1,21 Jun 2026,17 Jul 2026,0,NO,ijaya33@example.com,Male
CUST03751,Krisha Walla,65.0,+911182105978,bhopal,Himachal Pradesh,BSNL,Prepaid,719.0,44,20221209,13-07-2026,0,NO,gshere@example.net,male
CUST03752,Ishwar Nath,29.0,0457947481,Indore,Rajasthan,Airtel,Post-paid,1499.0,82,10/26/2019,21 Jul 2026,0,n,nilimagrewal@example.org,female
CUST03753,Vyanjana Arora,39.0,+91 84423 90287,PATNA,Rajasthan,Jio,Post-paid,999.0,80,25/12/2019,09 Jul 2026,1,0,ojas62@example.org,male
CUST03754,Lajita Khosla,60.0,09842755718,BLR,Uttarakhand,Airtel,Postpaid,999.0,32,04 Dec 2023,21-07-2026,0,NO,manthanroy@example.com,Female
CUST03755,Bhavini Goswami,29.0,02860277305,HYDERABAD,Rajasthan,BSNL,POST PAID,1199.0,38,2023-06-07,24 Jun 2026,3,Y,vgera@example.org,M
CUST03756,nidra agarwal,20.0,,Calcutta,Maharashtra,Airtel,prepaid,299.0,25,07/01/2024,,1,n,tiwarijatin@example.com,Female
CUST03757,Imaran Reddy,60.0,91-72486-50736,KOLKATA,Punjab,BSNL,prepaid,,10,24/09/2025,21-07-2026,0,NO,qshere@example.org,M
CUST03758,Ranbir Raghavan,62.0,04741384177,Surat,Tripura,Vi,PRE PAID,599.0,12,26 Jul 2025,07/16/2026,0,n,mminhas@example.net,
CUST03759,LAKSHMI MERCHANT,25.0,91-81471-85077,bangalore,Assam,BSNL,Postpaid,1199.0,58,10/15/2021,20260626,2,N,nprabhu@example.net,FEMALE
CUST03760,Girindra Warrior,31.0,+91 13322 89412,MUM,Uttar Pradesh,Vi,Post-paid,399.0,37,07-07-2023,11/07/2026,1,n,tripathiisaac@example.org,FEMALE
CUST03761,Abha Biswas,48.0,+911581112771,HYDERABAD,West Bengal,BSNL,postpaid,699.0,4,23-03-2026,26/05/2026,5,NO,pallajyoti@example.com,F
CUST03762,Wridesh Dixit,18.0,05010264391,surat,Andhra Pradesh,Airtel,,719.0,71,20 Sep 2020,20260712,1,N,,FEMALE
CUST03763,GEETIKA OAK,46.0,5934946827,AHMEDABAD,Haryana,Vi,postpaid,1199.0,39,2023-05-08,09/07/2026,0,0,,FEMALE
CUST03764,Osha Nori,51.0,5446255635,lucknow,Tripura,BSNL,Prepaid,149.0,45,,2026-07-19,1,,max03@example.net,MALE
CUST03765,ANAY DASS,22.0,+916915344447,SURAT,Andhra Pradesh,Jio,Postpaid,1999.0,31,2024-01-03,18/07/2026,1,NO,arunima83@example.net,Male
CUST03766,Barkha Shere,44.0,+913282070672,Chennai,,Airtel,POST PAID,1199.0,31,2024-01-03,20260616,5,,,male
CUST03767,Neha Mammen,24.0,9214655826,Jaipur,Gujarat,BSNL,prepaid,199.0,2,,12/07/2026,1,NO,zaidtandon@example.net,
CUST03768,Aditya Sangha,23.0,91-49134-40496,patna,Himachal Pradesh,Jio,PRE PAID,199.0,77,03/24/2020,07/12/2026,1,N,omisha74@example.com,male
CUST03769,PAVANI SABHARWAL,64.0,+917687139159,HYDERABAD,Kerala,Jio,Postpaid,399.0,72,08/21/2020,07/16/2026,1,n,pranav70@example.net,FEMALE
CUST03770,Advika Bhasin,51.0,+918506720901,BHOPAL,Nagaland,Jio,PREPAID,199.0,77,24-03-2020,08 Jul 2026,1,,dhawanbrijesh@example.com,male
CUST03771,Rayaan Mital,41.0,+91 96633 38746,JAIPUR,Haryana,Airtel,PRE PAID,149.0,24,31/07/2024,08 Jun 2026,5,Y,william80@example.org,Male
CUST03772,Chakradev Taneja,56.0,+91 47015 98072,kolkata,Meghalaya,Airtel,postpaid,699.0,34,05 Oct 2023,18-07-2026,0,N,,FEMALE
CUST03773,Sudiksha Chakraborty,53.0,,Amdavad,Karnataka,BSNL,,299.0,11,20250825,22 May 2026,5,0,tanvi96@example.org,MALE
CUST03774,AYUSH BANIK,62.0,02692439359,Jaipur,Assam,Vi,POSTPAID,1499.0,40,04/08/2023,12-07-2026,0,,nisharana@example.org,FEMALE
CUST03775,Oeshi Memon,58.0,,LUCKNOW,Manipur,BSNL,PRE PAID,299.0,66,,07/21/2026,0,NO,azaankashyap@example.net,male
CUST03776,Manan Nayar,55.0,91-98520-27902,Indore,Odisha,Jio,Pre-paid,719.0,64,2021-04-18,07/11/2026,0,n,kala10@example.org,M
CUST03777,Ojasvi Narang,52.0,+91 86615 45505,jaipur,Madhya Pradesh,Airtel,POSTPAID,399.0,67,18-01-2021,20260713,1,0,meghana33@example.com,MALE
CUST03778,Xalak Pillay,36.0,0718940567,indore,Jharkhand,Jio,Post-paid,1999.0,50,12 Jun 2022,2026-06-04,5,,mbhatia@example.net,Female
CUST03779,Darpan Nadig,27.0,91-87528-78747,Patna,Tamil Nadu,Vi,prepaid,399.0,79,01/24/2020,20260714,1,0,sanayamerchant@example.com,F
CUST03780,MEKHALA VALA,63.0,+91 70424 99317,Surat,,Airtel,Postpaid,699.0,13,26 Jun 2025,2026-07-18,1,NO,regereyansh@example.com,
CUST03781,Oscar Chaudhary,49.0,+91 59602 45038,hyderabad,Madhya Pradesh,Airtel,Post-paid,1999.0,16,28/03/2025,14-07-2026,0,N,onveer06@example.org,Female
CUST03782,Ekaraj Chandran,25.0,+913729070581,Kolkata,Himachal Pradesh,Airtel,postpaid,499.0,42,07-02-2023,2026-07-20,1,0,bimala31@example.net,Female
CUST03783,Aarav Bobal,22.0,+917734884954,BHOPAL,Bihar,Jio,Pre-paid,199.0,6,2026-01-22,,5,Y,chatreshchaudhry@example.com,male
CUST03784,Kalpit Ravel,18.0,+918607527762,Patna,Bihar,Vi,POSTPAID,499.0,38,20230607,23/05/2026,4,,bariajoshua@example.com,male
CUST03785,Priya Kamdar,45.0,+91 83844 63766,SURAT,Gujarat,Vi,Post-paid,499.0,38,2023-06-07,13-07-2026,1,0,niharika20@example.com,male
CUST03786,FITAN BATH,29.0,6448769647,Amdavad,Madhya Pradesh,Vi,Post-paid,399.0,21,2024-10-29,11-07-2026,1,0,bhavsarfrado@example.org,Male
CUST03787,Wakeeta Shenoy,63.0,4043789420,HYDERABAD,,BSNL,POST PAID,1199.0,49,07/12/2022,07/16/2026,0,,nikitamorar@example.net,female
CUST03788,Ekansh Dar,40.0,,Patna,Haryana,Jio,Postpaid,799.0,50,12-06-2022,20260713,0,n,yohannangunbir@example.com,MALE
CUST03789,Nandini Behl,20.0,+91 95515 09131,Bombay,,BSNL,POSTPAID,699.0,83,20190926,,1,NO,krishakale@example.org,MALE
CUST03790,Gautam Dubey,48.0,,PATNA,Uttar Pradesh,Vi,Post-paid,699.0,19,28/12/2024,07/16/2026,1,n,alanka@example.net,FEMALE
CUST03791,dev ghose,31.0,7543453972,CHENNAI,Goa,Jio,POST PAID,999.0,60,16 Aug 2021,20260522,5,N,arunimasur@example.com,FEMALE
CUST03792,SIYA PATIL,36.0,+91 37073 15061,Patna,,BSNL,PRE PAID,999.0,12,26/07/2025,15/07/2026,1,,lavanyasibal@example.net,FEMALE
CUST03793,Jagat Prashad,55.0,08080461990,Ahmedabad,Bihar,Airtel,Prepaid,299.0,60,08/16/2021,07/14/2026,0,NO,nandinisharma@example.com,male
CUST03794,Pranit Varkey,21.0,91-02118-13548,BHOPAL,West Bengal,Airtel,Pre-paid,199.0,45,20221109,12 Jul 2026,1,0,xpathak@example.net,Male
CUST03795,Libni Prasad,,08246345456,Bhopal,Maharashtra,Jio,POST PAID,999.0,77,03/24/2020,06 Jun 2026,4,Y,upmabanerjee@example.net,Female
CUST03796,Rayaan Chaudhuri,31.0,+910864025977,CHENNAI,Tripura,Vi,POSTPAID,499.0,84,20190827,05 Jun 2026,5,N,vivaan90@example.org,female
CUST03797,samaksh mahajan,29.0,4383454211,surat,Karnataka,Airtel,POST PAID,499.0,72,21/08/2020,16/07/2026,0,0,nikita45@example.net,F
CUST03798,Saksham Nagar,,1171487292,SURAT,Jharkhand,BSNL,PRE PAID,719.0,44,12/09/2022,16 Jul 2026,0,n,gunbir18@example.org,MALE
CUST03799,Urmi Karan,56.0,+917316379140,Hyd,Uttarakhand,Jio,Pre-paid,149.0,32,2023-12-04,05/28/2026,3,0,darharish@example.org,female
CUST03800,SANYA REDDY,26.0,4207240649,bhopal,Odisha,BSNL,postpaid,499.0,27,20240502,2026-07-16,0,,sharafmadhav@example.org,F
CUST03801,Yochana Sankar,55.0,6243138721,patna,Himachal Pradesh,Vi,prepaid,839.0,11,25 Aug 2025,2026-06-30,5,,,F
CUST03802,Yashodhara Ahuja,44.0,7142547096,lucknow,Haryana,Jio,PRE PAID,399.0,79,2020-01-24,2026-07-19,0,,ibhatnagar@example.org,M
CUST03803,Dayamai Kanda,65.0,08982862879,AHMEDABAD,Gujarat,BSNL,Prepaid,999.0,75,2020-05-23,12 Jul 2026,0,NO,,F
CUST03804,Riya Sibal,23.0,+911944128472,surat,Himachal Pradesh,Vi,prepaid,199.0,77,2020-03-24,19-07-2026,1,NO,neelimachopra@example.net,MALE
CUST03805,Samarth Narain,53.0,91-55383-34225,Bhopal,Andhra Pradesh,BSNL,prepaid,999.0,67,2021-01-18,,1,n,goelaishani@example.org,male
CUST03806,Megha Yohannan,59.0,,lucknow,Karnataka,Vi,PRE PAID,999.0,28,02/04/2024,20260714,0,,gautam57@example.com,M
CUST03807,Hredhaan Som,30.0,+918167343518,mumbai,Sikkim,Jio,postpaid,799.0,14,2025-05-27,07/09/2026,1,N,prisha40@example.org,Male
CUST03808,Aarini Tank,53.0,8484056068,mumbai,West Bengal,Vi,Prepaid,149.0,71,20 Sep 2020,20260708,0,NO,chanaishwar@example.org,Female
CUST03809,TRIYA MORAR,50.0,+915896676664,Madras,Kerala,BSNL,Post-paid,1499.0,51,13 May 2022,18 Jul 2026,0,n,xgarg@example.net,Female
CUST03810,Mahika Varkey,26.0,+91 91922 99542,Ahmedabad,Bihar,Vi,PRE PAID,599.0,6,01/22/2026,10 Jul 2026,1,,saksham81@example.net,male
CUST03811,Jacob Varty,37.0,91-44920-04357,Calcutta,Punjab,Airtel,Postpaid,699.0,78,23/02/2020,24/06/2026,2,0,dbalakrishnan@example.com,MALE
CUST03812,Tara Aggarwal,55.0,,bangalore,Uttar Pradesh,Vi,POST PAID,999.0,29,20240303,20260717,1,N,jhaverisamesh@example.net,F
CUST03813,Ekapad Uppal,,+91 71417 90734,nagpur,Tripura,Jio,Postpaid,1999.0,78,20200223,2026-07-07,0,n,jaggiaashi@example.org,M
CUST03814,Eshana Hayre,61.0,5644793970,Poona,Maharashtra,Airtel,,999.0,21,20241029,2026-07-07,0,N,ykanda@example.com,F
CUST03815,yutika taneja,57.0,+91 54251 89714,indore,Manipur,Jio,Post-paid,1199.0,55,13 Jan 2022,12/07/2026,0,n,chavvi30@example.net,Female
CUST03816,Priya Sachdeva,35.0,+91 50249 87020,ahmedabad,Assam,Airtel,,149.0,73,22 Jul 2020,07/07/2026,1,n,rajata55@example.org,MALE
CUST03817,Bachittar Nair,49.0,,Hyd,Haryana,Jio,Prepaid,149.0,23,20240830,20260718,0,0,niteshtank@example.com,F
CUST03818,wridesh thakur,43.0,,Bhopal,Uttar Pradesh,Vi,prepaid,,76,23-04-2020,28-06-2026,4,,qgokhale@example.org,MALE
CUST03819,Avi Bala,25.0,,patna,Assam,Jio,POST PAID,699.0,18,2025-01-27,2026-07-08,0,n,priyanarayan@example.org,Male
CUST03820,jyoti kota,33.0,02725731009,patna,Andhra Pradesh,Airtel,Postpaid,499.0,76,23-04-2020,16/07/2026,1,0,ramanathankritika@example.net,female
CUST03821,Wahab Lala,63.0,1664064133,PUNE,Karnataka,Jio,Post-paid,699.0,55,13-01-2022,2026-07-20,1,N,bhavsarvamakshi@example.net,F
CUST03822,Chaitaly Thakkar,24.0,,Chennai,,Airtel,PREPAID,199.0,55,13 Jan 2022,,1,NO,prishakarnik@example.org,M
CUST03823,Sneha Banik,24.0,06105902802,Nagpur,Telangana,BSNL,postpaid,1499.0,1,2026-06-21,07/08/2026,1,N,vidhinagy@example.com,MALE
CUST03824,Urvashi Ganesh,42.0,07210654362,indore,Himachal Pradesh,Airtel,postpaid,,53,2022-03-14,13 Jul 2026,1,NO,rcheema@example.com,male
CUST03825,Maya Memon,32.0,05035815535,INDORE,Himachal Pradesh,Jio,PRE PAID,499.0,28,2024-04-02,11 Jul 2026,0,,tben@example.com,FEMALE
CUST03826,wridesh madan,61.0,+916690125816,lucknow,Tamil Nadu,Jio,postpaid,1199.0,24,31-07-2024,20260716,1,NO,sborra@example.com,
CUST03827,Rachita Ahluwalia,60.0,+91 97824 90434,Indore,Haryana,BSNL,POSTPAID,1999.0,75,2020-05-23,12-07-2026,1,,,MALE
CUST03828,Peter Bhavsar,,91-09004-91241,Chennai,Gujarat,BSNL,POST PAID,1999.0,27,05/02/2024,14/07/2026,0,n,jhalak43@example.com,FEMALE
CUST03829,Girindra Palan,64.0,91-80642-04336,Lucknow,Meghalaya,Jio,PRE PAID,99.0,32,04-12-2023,16 Jul 2026,0,0,indira48@example.org,
CUST03830,sanaya nadkarni,28.0,91-14355-51982,Patna,Karnataka,Vi,Pre-paid,99.0,17,26/02/2025,07/06/2026,5,NO,urishillatripathi@example.net,Male
CUST03831,EKAVIR PATLA,20.0,91-84699-79398,INDORE,Punjab,Airtel,POSTPAID,699.0,25,07/01/2024,20260714,0,0,dthaman@example.net,MALE
CUST03832,Neha Thakkar,43.0,,Bangalore,Arunachal Pradesh,Vi,POST PAID,499.0,41,09/03/2023,17-07-2026,0,n,sanayapillay@example.org,
CUST03833,JAGVI THAKUR,49.0,+91 45923 33641,Ahmedabad,Rajasthan,Jio,Post-paid,,52,,2026-07-17,0,,daliadavid@example.com,MALE
CUST03834,Devika Anne,51.0,91-68647-20817,Patna,Karnataka,Airtel,Prepaid,839.0,23,30 Aug 2024,12-07-2026,1,N,mekhala63@example.org,Male
CUST03835,Manbir Sur,54.0,,JAIPUR,Goa,Jio,PREPAID,299.0,67,01/18/2021,08/07/2026,1,n,dmanne@example.net,F
CUST03836,George Kant,50.0,8621803530,INDORE,Bihar,Vi,Pre-paid,99.0,20,11/28/2024,12 Jul 2026,1,N,gnatt@example.org,MALE
CUST03837,Saumya Zachariah,57.0,+91 63760 24932,Surat,Uttarakhand,Jio,POST PAID,399.0,15,27-04-2025,20-07-2026,0,n,brinda76@example.org,M
CUST03838,Pahal Walia,19.0,+91 10452 42784,Hyderabad,Manipur,Vi,PRE PAID,99.0,49,12-07-2022,19/07/2026,1,0,naraindevika@example.org,FEMALE
CUST03839,FORUM SAWHNEY,41.0,+914955723255,,Uttarakhand,BSNL,Pre-paid,999.0,57,20211114,16-07-2026,1,NO,jalsa93@example.com,male
CUST03840,Rachita Mukhopadhyay,58.0,5241315986,nagpur,Andhra Pradesh,Airtel,Pre-paid,999.0,82,10/26/2019,19/07/2026,1,0,nsuri@example.net,Female
CUST03841,Noah Madan,37.0,,BENGALURU,West Bengal,Jio,Postpaid,999.0,46,20221010,06 Jul 2026,3,Y,gautami66@example.com,M
CUST03842,Dipta Choudhry,33.0,+91 18572 48723,hyderabad,Himachal Pradesh,Airtel,POST PAID,499.0,69,2020-11-19,09/07/2026,1,,dattahredhaan@example.net,F
CUST03843,Chaitaly Pant,28.0,+919777894510,nagpur,Assam,Airtel,prepaid,499.0,53,14-03-2022,20260602,2,Y,,male
CUST03844,Urmi Goda,25.0,91-77559-49583,BHOPAL,Punjab,Vi,PRE PAID,399.0,17,26/02/2025,07/12/2026,0,,yashasvi23@example.org,female
CUST03845,Neelima Mody,,6747169568,Ahmedabad,Himachal Pradesh,Jio,Pre-paid,599.0,21,,07/07/2026,0,n,shivani03@example.org,F
CUST03846,ANJALI GANGULY,21.0,91-62926-40614,kolkata,Karnataka,BSNL,postpaid,1199.0,32,2023-12-04,09 Jun 2026,2,NO,pnagar@example.org,Male
CUST03847,andrew gupta,63.0,,nagpur,Nagaland,Jio,PRE PAID,149.0,55,13/01/2022,10-07-2026,1,0,ylad@example.com,Female
CUST03848,Brijesh Krishnan,61.0,08171977980,,Arunachal Pradesh,Jio,postpaid,699.0,14,2025-05-27,10-07-2026,0,0,vbarad@example.com,F
CUST03849,Wahab Nagy,54.0,+916034166720,lucknow,Nagaland,BSNL,Post-paid,1199.0,78,20200223,2026-07-21,1,n,waliamaira@example.net,FEMALE
CUST03850,Ayush Chatterjee,32.0,,,Mizoram,Airtel,Post-paid,699.0,6,22/01/2026,20260713,1,0,quincy78@example.com,Female
CUST03851,HARRISON GOKHALE,48.0,05463044838,bhopal,Sikkim,Jio,PREPAID,719.0,5,20260221,16-07-2026,1,N,abhimanyu61@example.com,M
CUST03852,Neel Parsa,37.0,,Surat,Gujarat,Vi,,719.0,43,01/08/2023,21-07-2026,0,NO,hpandya@example.org,FEMALE
CUST03853,Tristan Rana,28.0,+91 87011 89971,Kolkata,Madhya Pradesh,Vi,PRE PAID,999.0,82,26-10-2019,04-06-2026,5,Y,bhargavaishwar@example.com,Female
CUST03854,Ethan Korpal,25.0,,Pune,Kerala,Vi,POSTPAID,399.0,42,07-02-2023,2026-07-18,0,,duaindrajit@example.org,Female
CUST03855,Anjali Narula,20.0,+910393353412,,West Bengal,Airtel,prepaid,399.0,13,20250626,17 Jul 2026,0,n,balayanay@example.net,Male
CUST03856,Aayush Bava,,,surat,Andhra Pradesh,Vi,postpaid,399.0,18,27-01-2025,12-07-2026,1,NO,csundaram@example.net,M
CUST03857,Vedant Chhabra,27.0,04569691591,SURAT,,Vi,PRE PAID,149.0,60,16 Aug 2021,07/15/2026,0,N,zdewan@example.com,female
CUST03858,CHAVVI SANKARAN,22.0,,Mumbai,Tripura,BSNL,PREPAID,499.0,21,2024-10-29,19-07-2026,1,NO,balicharan@example.net,Male
CUST03859,Nikita Gala,38.0,4107686089,BHOPAL,Tripura,Airtel,Pre-paid,399.0,71,09/20/2020,11/07/2026,1,n,,MALE
CUST03860,Banjeet Shroff,31.0,3559980669,Calcutta,Arunachal Pradesh,BSNL,POSTPAID,399.0,77,,07/11/2026,0,0,,female
CUST03861,Ati Parmar,53.0,,mumbai,Himachal Pradesh,BSNL,Post-paid,1999.0,1,2026-06-21,06/06/2026,4,0,inaya29@example.net,Male
CUST03862,Madhavi Vaidya,43.0,+911317509080,INDORE,Goa,Airtel,POSTPAID,999.0,63,18/05/2021,08 Jul 2026,1,NO,udant73@example.com,Female
CUST03863,Aryan Kala,54.0,91-40948-95479,,Nagaland,Jio,Pre-paid,499.0,24,20240731,14/07/2026,0,0,,Female
CUST03864,Charan Sahota,32.0,01629482382,Poona,,Jio,,149.0,45,09/11/2022,20-07-2026,1,n,chatreshgera@example.org,male
CUST03865,Vyanjana Mohan,47.0,+91 01407 38780,LUCKNOW,Uttar Pradesh,Jio,PREPAID,999.0,79,2020-01-24,17-07-2026,0,n,timothydave@example.org,F
CUST03866,PUSHTI SACHDEVA,30.0,,Hyd,Bihar,BSNL,POSTPAID,399.0,5,21/02/2026,07/12/2026,1,0,ubhandari@example.org,male
CUST03867,MATTHEW DUGAL,37.0,+91 76223 81937,HYDERABAD,Kerala,Airtel,POST PAID,1999.0,19,2024-12-28,07 Jul 2026,0,N,warjasvirk@example.net,
CUST03868,Mohini Sharma,39.0,6782637352,Indore,Mizoram,Vi,Postpaid,399.0,79,20200124,18-07-2026,1,,tamannadatta@example.org,M
CUST03869,EKTA NAGY,26.0,+913471744449,Indore,Kerala,Airtel,PRE PAID,99.0,17,2025-02-26,07/16/2026,1,,hswaminathan@example.com,
CUST03870,Oviya Gill,63.0,,jaipur,West Bengal,Vi,,149.0,60,2021-08-16,07/13/2026,1,N,zashilkhanna@example.net,F
CUST03871,Sarthak Ben,60.0,,Ahmedabad,Haryana,Airtel,prepaid,299.0,76,23-04-2020,20260613,2,0,,MALE
CUST03872,Isha Morar,46.0,91-79768-14367,bhopal,Odisha,BSNL,Postpaid,499.0,59,15 Sep 2021,2026-07-15,1,n,eraju@example.com,male
CUST03873,RAJATA DHAR,46.0,04187308558,NAGPUR,Assam,BSNL,postpaid,1999.0,48,11-08-2022,04 Jun 2026,4,Y,palgabriel@example.com,F
CUST03874,HEMANG KORPAL,30.0,+91 30807 13130,nagpur,Odisha,Vi,Postpaid,1199.0,9,10/24/2025,2026-07-14,0,N,vaidyapahal@example.net,Male
CUST03875,Priya Ahuja,42.0,91-37420-67351,MUMBAI,Arunachal Pradesh,Jio,PREPAID,99.0,46,10-10-2022,20260524,2,Y,kai05@example.org,male
CUST03876,Faraj Batta,33.0,+91 55553 55396,NAGPUR,Goa,Vi,Prepaid,599.0,46,20221010,2026-07-10,0,,dev96@example.org,F
CUST03877,Isaac Dash,34.0,91-68959-60895,JAIPUR,Telangana,Vi,Pre-paid,719.0,84,27 Aug 2019,20260721,0,NO,raulopa@example.org,male
CUST03878,pranit dayal,27.0,09774043968,MUMBAI,Haryana,Airtel,POSTPAID,399.0,65,2021-03-19,2026-06-20,5,N,isha00@example.net,female
CUST03879,Gagan Sethi,60.0,01453590550,New Delhi,Tamil Nadu,Jio,Post-paid,499.0,1,20260621,06/03/2026,5,,girindramitra@example.net,MALE
CUST03880,Dakshesh Sem,30.0,+917843272670,mumbai,Tripura,BSNL,PRE PAID,719.0,80,25/12/2019,,1,0,peter08@example.net,MALE
CUST03881,Guneet Bava,,09578713505,Bhopal,,Vi,POSTPAID,799.0,70,,20260716,0,n,bhavya23@example.com,
CUST03882,Damini Rout,43.0,,Indore,Bihar,Airtel,PRE PAID,99.0,31,2024-01-03,16-07-2026,0,NO,nayararunima@example.com,F
CUST03883,Caleb Ganguly,62.0,,BLR,Madhya Pradesh,Vi,POST PAID,1999.0,47,10 Sep 2022,10-07-2026,1,,rchaudhary@example.net,female
CUST03884,DAYITA KIBE,,91-67457-71919,Calcutta,Bihar,BSNL,POSTPAID,499.0,44,09 Dec 2022,17 Jul 2026,1,,cherianyamini@example.com,MALE
CUST03885,Nakul Zacharia,51.0,91-45431-05666,chennai,Maharashtra,Vi,Prepaid,299.0,1,2026-06-21,07/13/2026,1,,pranav79@example.net,Male
CUST03886,Lohit Sandhu,36.0,91-50134-98763,Bombay,Gujarat,Jio,prepaid,499.0,3,2026-04-22,20260709,1,n,baljiwanwable@example.org,FEMALE
CUST03887,yamini bhatti,20.0,+91 97725 40299,Patna,Punjab,Vi,POST PAID,799.0,7,23/12/2025,07-07-2026,1,N,ppadmanabhan@example.net,male
CUST03888,Oliver Raval,31.0,+91 16966 28906,KOLKATA,Meghalaya,Airtel,Prepaid,719.0,18,20250127,13 Jul 2026,1,n,rastogiojasvi@example.com,
CUST03889,LOHIT MAHARAJ,22.0,+917237394342,PATNA,Chhattisgarh,Jio,Post-paid,699.0,58,20211015,19-07-2026,0,NO,dharfaras@example.net,M
CUST03890,Aahana Sathe,36.0,09141379837,New Delhi,West Bengal,Jio,PREPAID,149.0,59,15-09-2021,2026-07-12,0,n,nidhiluthra@example.com,male
CUST03891,Jason Gala,22.0,,LUCKNOW,Nagaland,BSNL,Post-paid,1999.0,3,20260422,20260715,0,n,ivarghese@example.com,F
CUST03892,vrinda saini,22.0,07965243265,INDORE,Chhattisgarh,Airtel,Postpaid,999.0,22,09/29/2024,2026-07-08,1,,lakshit93@example.org,Male
CUST03893,Ekiya Karan,61.0,+91 69990 13747,Jaipur,Goa,Jio,Postpaid,499.0,23,20240830,20260626,5,Y,theodoreprakash@example.com,
CUST03894,Maya Joshi,,91-36068-38205,Poona,Rajasthan,BSNL,prepaid,299.0,63,05/18/2021,07/17/2026,1,n,wadhwabimala@example.net,M
CUST03895,Fitan Lall,63.0,8941994288,Ahmedabad,Maharashtra,Vi,Post-paid,1999.0,69,20201119,07/18/2026,0,n,,F
CUST03896,LEKHA AGGARWAL,33.0,2475488920,Ahmedabad,Andhra Pradesh,Airtel,Postpaid,1499.0,82,26/10/2019,2026-05-27,2,n,dalalchakrika@example.com,Female
CUST03897,Bhavini Bhattacharyya,23.0,2678870670,Pune,Tamil Nadu,Vi,,399.0,65,20210319,20260715,1,0,tbir@example.com,male
CUST03898,gautami aggarwal,64.0,+91 20861 38333,patna,Assam,BSNL,POST PAID,1199.0,67,18/01/2021,20260717,0,N,hbora@example.org,FEMALE
CUST03899,Chasmum Venkatesh,32.0,+91 00113 70807,BHOPAL,Arunachal Pradesh,Vi,PREPAID,839.0,63,2021-05-18,2026-07-07,1,N,rayaan41@example.org,Male
CUST03900,Utkarsh Kanda,57.0,1857448214,hyderabad,Madhya Pradesh,Airtel,,299.0,54,12/02/2022,13-07-2026,0,,farhandora@example.org,FEMALE
CUST03901,Radhika Balasubramanian,24.0,91-36435-15369,Bangalore,Arunachal Pradesh,Vi,prepaid,999.0,2,20260522,11 Jul 2026,1,NO,chanchal72@example.net,FEMALE
CUST03902,Sai Bali,60.0,09844258427,PATNA,Bihar,Airtel,postpaid,999.0,8,20251123,10-07-2026,0,,kalpit32@example.net,Female
CUST03903,Ojas Divan,58.0,,Jaipur,Andhra Pradesh,Vi,POSTPAID,1499.0,53,14 Mar 2022,05/25/2026,5,Y,ijaya97@example.org,Female
CUST03904,YUVRAJ DOSHI,52.0,91-32029-69784,CHENNAI,,Vi,PREPAID,299.0,46,,01/07/2026,4,,aadhya23@example.org,female
CUST03905,Gaurangi Kari,64.0,6852343008,Amdavad,Himachal Pradesh,Vi,Postpaid,499.0,8,11/23/2025,07/07/2026,0,0,upkaar64@example.com,Female
CUST03906,Dev Kota,37.0,05505617056,Kolkata,Telangana,Jio,Pre-paid,999.0,80,25 Dec 2019,07/15/2026,1,N,,MALE
CUST03907,Vasatika Dash,37.0,91-78874-22424,patna,Karnataka,BSNL,prepaid,499.0,26,20240601,07/20/2026,0,N,venkataramansanya@example.org,F
CUST03908,Jairaj Jani,30.0,+91 45395 33212,JAIPUR,Himachal Pradesh,Vi,POST PAID,499.0,7,23 Dec 2025,14/07/2026,1,,elijah06@example.com,Male
CUST03909,dipta nagy,30.0,,Calcutta,,Airtel,POSTPAID,1499.0,9,2025-10-24,2026-07-21,1,0,,male
CUST03910,NEEL SOMAN,63.0,+91 42710 50908,AHMEDABAD,Manipur,Jio,POSTPAID,1199.0,68,20201219,07/21/2026,1,,kai92@example.com,Male
CUST03911,Gagan Setty,24.0,91-23870-15024,hyderabad,Sikkim,Airtel,Pre-paid,299.0,52,13 Apr 2022,20260620,2,Y,lilakrish@example.org,
CUST03912,Yashawini Madan,20.0,,BHOPAL,Haryana,Vi,POSTPAID,499.0,32,04/12/2023,11 Jul 2026,1,N,megha32@example.org,
CUST03913,Omkaar Narain,30.0,91-43260-03429,CHENNAI,Chhattisgarh,Airtel,POST PAID,1199.0,61,07/17/2021,15/07/2026,0,NO,palannetra@example.com,
CUST03914,Christopher Nazareth,18.0,03736365259,lucknow,Tamil Nadu,BSNL,Post-paid,1199.0,11,2025-08-25,2026-07-10,0,NO,varenyachaudhari@example.net,male
CUST03915,Caleb Pingle,30.0,6390752503,surat,Goa,Airtel,postpaid,1499.0,31,,07/11/2026,1,N,kundazaid@example.org,female
CUST03916,Rehaan Murty,53.0,91-04188-71170,Madras,West Bengal,Vi,Postpaid,1499.0,24,2024-07-31,10/07/2026,0,N,madhavi23@example.org,M
CUST03917,rishi som,58.0,8075938392,Madras,Karnataka,BSNL,prepaid,,39,08 May 2023,19 Jul 2026,0,,ahujakrish@example.org,FEMALE
CUST03918,Aryan Brahmbhatt,38.0,+910573647715,Poona,Telangana,Jio,Prepaid,839.0,79,24-01-2020,20260708,0,NO,leelaroy@example.org,male
CUST03919,Pushti Babu,39.0,09478818478,Calcutta,Rajasthan,Airtel,Pre-paid,499.0,70,20/10/2020,07/08/2026,1,,shora@example.net,MALE
CUST03920,Ojasvi Rau,55.0,+912709485454,bhopal,Nagaland,Airtel,POSTPAID,1499.0,64,04/18/2021,18 Jul 2026,1,NO,tejasmandal@example.org,M
CUST03921,Kamya Atwal,26.0,+91 73029 45784,Hyd,,Vi,PRE PAID,999.0,82,2019-10-26,10-07-2026,1,,iyerabhiram@example.org,F
CUST03922,Charvi Agarwal,46.0,05071974629,Calcutta,Kerala,Airtel,Prepaid,99.0,5,21-02-2026,2026-07-11,0,N,wyattmanda@example.net,M
CUST03923,Sai Soman,61.0,02637734303,delhi,Uttar Pradesh,Vi,prepaid,149.0,83,26-09-2019,20260522,4,n,sarthak05@example.com,male
CUST03924,Nathaniel Tata,56.0,+911144995006,Surat,Sikkim,BSNL,Prepaid,599.0,3,04/22/2026,16-07-2026,1,n,pranitbasu@example.net,M
CUST03925,Rohan Zacharia,62.0,+91 78249 84348,Bhopal,Mizoram,Jio,prepaid,719.0,71,09/20/2020,16-07-2026,1,n,vinayabhat@example.org,F
CUST03926,Aashi D’Alia,35.0,,chennai,Himachal Pradesh,Jio,Prepaid,599.0,42,2023-02-07,07/04/2026,3,,ranganathanmason@example.org,Male
CUST03927,Jagrati Issac,47.0,91-63601-87281,PUNE,Jharkhand,BSNL,,499.0,31,03 Jan 2024,07/19/2026,0,0,nvarkey@example.net,M
CUST03928,Vasatika Kanda,36.0,+91 99126 10254,pune,Jharkhand,Jio,prepaid,499.0,47,2022-09-10,2026-07-16,0,NO,manbir91@example.org,
CUST03929,Harish Khare,34.0,+914312302215,PUNE,Goa,Vi,PREPAID,719.0,82,20191026,07/20/2026,1,N,kamala40@example.org,
CUST03930,Henry Mahajan,59.0,08428948796,delhi,Assam,Airtel,prepaid,499.0,75,23/05/2020,21/07/2026,1,,khoslalohit@example.net,F
CUST03931,Hemang Kurian,45.0,+91 98906 73866,New Delhi,Uttarakhand,Vi,POST PAID,1499.0,61,17 Jul 2021,,4,N,farhangandhi@example.org,Male
CUST03932,Baghyawati Ghosh,33.0,91-04855-67395,BLR,Himachal Pradesh,Jio,,839.0,37,2023-07-07,17/07/2026,1,N,harish07@example.org,Female
CUST03933,Urmi Sibal,34.0,+911730806864,Lucknow,Andhra Pradesh,Jio,Postpaid,499.0,56,14/12/2021,11/07/2026,1,n,majumdarkai@example.com,male
CUST03934,Gautami Buch,64.0,+913063153921,Indore,Punjab,BSNL,Post-paid,699.0,48,20220811,2026-07-16,0,,fkhalsa@example.org,FEMALE
CUST03935,Samarth Wable,41.0,+91 57223 85132,INDORE,Tripura,Jio,Postpaid,799.0,42,02/07/2023,07/15/2026,0,NO,bpandya@example.com,F
CUST03936,Pallavi Gala,49.0,07699021074,bangalore,Sikkim,BSNL,postpaid,799.0,19,20241228,20260624,3,Y,hemalbhatia@example.net,male
CUST03937,Jairaj Kant,50.0,+912610566283,PUNE,Jharkhand,BSNL,PRE PAID,999.0,17,26-02-2025,20260530,3,N,yashica65@example.com,MALE
CUST03938,Sara Sampath,50.0,91-15183-10442,NCR,Goa,Vi,Prepaid,839.0,18,27 Jan 2025,07/11/2026,0,n,libnilata@example.com,M
CUST03939,Ishaan Sood,52.0,+91 98790 17143,indore,Madhya Pradesh,Vi,PREPAID,599.0,37,07/07/2023,07-07-2026,0,N,vasatikababu@example.net,male
CUST03940,Pratyush Mannan,60.0,91-55237-36180,SURAT,Telangana,Jio,,399.0,3,2026-04-22,29/05/2026,2,,xbanerjee@example.com,Male
CUST03941,Samesh Sethi,44.0,,,Karnataka,Jio,Pre-paid,149.0,12,07/26/2025,2026-07-18,1,n,dvohra@example.net,F
CUST03942,Widisha Kannan,41.0,9783855508,Bangalore,Haryana,Jio,Pre-paid,499.0,23,20240830,2026-07-16,1,n,,Female
CUST03943,ayushman raman,63.0,+91 93200 53514,LUCKNOW,Arunachal Pradesh,Jio,Prepaid,149.0,67,2021-01-18,2026-07-13,0,NO,wraja@example.com,Male
CUST03944,Champak Palla,26.0,07693222807,Mumbai,Chhattisgarh,Airtel,Postpaid,799.0,61,07/17/2021,14/07/2026,0,0,dhawanvrishti@example.net,F
CUST03945,Manan Khare,40.0,+91 83849 70025,Madras,Assam,Vi,prepaid,999.0,49,12/07/2022,17-07-2026,1,,smallick@example.net,Male
CUST03946,Omaja Krishna,22.0,,patna,Goa,Airtel,POST PAID,699.0,45,09/11/2022,20260523,3,N,modizarna@example.com,F
CUST03947,Nandini Samra,22.0,5097612843,Madras,West Bengal,Vi,postpaid,999.0,27,02/05/2024,21 Jul 2026,1,,edwinmason@example.com,
CUST03948,Shivani Ray,32.0,91-65202-96179,CHENNAI,Punjab,BSNL,Pre-paid,839.0,6,20260122,07/07/2026,1,NO,balendra21@example.net,F
CUST03949,Anirudh Vohra,64.0,4683751537,nagpur,Sikkim,Airtel,PRE PAID,299.0,37,07/07/2023,2026-07-02,3,Y,andrewbassi@example.com,male
CUST03950,Advay Tak,63.0,00613365507,Hyderabad,Gujarat,Jio,POSTPAID,399.0,62,06/17/2021,07/07/2026,0,NO,cmemon@example.org,Male
CUST03951,Janaki Bhatt,55.0,+91 23859 91672,JAIPUR,Kerala,Jio,PRE PAID,719.0,48,08/11/2022,07/21/2026,0,NO,aarnavdutt@example.net,Male
CUST03952,Pavani Bava,32.0,91-81421-13483,ahmedabad,Kerala,Airtel,PREPAID,149.0,9,24/10/2025,20 Jun 2026,4,N,meghanatara@example.com,F
CUST03953,Gavin Murthy,,+91 08752 33140,Surat,Telangana,Vi,POSTPAID,499.0,67,18 Jan 2021,2026-07-03,2,NO,jagdish79@example.net,MALE
CUST03954,Krishna Viswanathan,38.0,,SURAT,Kerala,Vi,POSTPAID,499.0,38,07 Jun 2023,14-07-2026,1,,kohlibanjeet@example.org,
CUST03955,Mahika Tata,27.0,9973841319,chennai,Nagaland,Vi,,839.0,21,10/29/2024,2026-07-17,1,n,shivanibarad@example.org,
CUST03956,Fiyaz Oza,43.0,6558950724,DELHI,Manipur,Vi,POST PAID,399.0,26,06/01/2024,20260721,0,n,nsampath@example.com,male
CUST03957,Nikita Kapadia,45.0,+91 62543 40006,Madras,Uttarakhand,Vi,POSTPAID,799.0,26,01-06-2024,20260717,1,,sbalakrishnan@example.net,F
CUST03958,Yutika Halder,65.0,00079799121,Bombay,Jharkhand,Airtel,POSTPAID,699.0,52,04/13/2022,10-07-2026,1,NO,rborra@example.com,Male
CUST03959,Daksh Chaudry,25.0,6111086806,Poona,Punjab,BSNL,PRE PAID,399.0,62,06/17/2021,18/07/2026,1,N,chasmumbir@example.org,M
CUST03960,Oeshi Vala,43.0,00820985579,patna,Tamil Nadu,Airtel,POST PAID,1499.0,29,2024-03-03,07/18/2026,1,0,kchowdhury@example.org,Male
CUST03961,vasatika sama,25.0,05180236615,Lucknow,Haryana,Vi,Pre-paid,719.0,78,2020-02-23,20260712,1,NO,gunbirram@example.org,male
CUST03962,Ridhi Ravi,18.0,02294058321,Amdavad,Bihar,Vi,postpaid,799.0,28,20240402,13-07-2026,0,,bandinitara@example.net,MALE
CUST03963,George Prabhakar,57.0,,nagpur,Manipur,Airtel,Post-paid,399.0,17,,10-06-2026,3,NO,,F
CUST03964,Darika Ganesan,35.0,+917085184506,lucknow,Manipur,Vi,PREPAID,199.0,65,20210319,2026-07-10,1,N,abhardwaj@example.com,female
CUST03965,Mekhala Kant,23.0,8657136567,patna,Meghalaya,Jio,Pre-paid,,38,2023-06-07,17 Jun 2026,3,Y,hayerdayita@example.com,
CUST03966,Jackson Hans,36.0,,indore,Uttar Pradesh,Airtel,PREPAID,399.0,69,19/11/2020,,1,0,mannwarjas@example.com,Male
CUST03967,Chaaya D’Alia,,08210210881,hyderabad,Uttarakhand,BSNL,POST PAID,499.0,73,20200722,07/11/2026,0,N,zranganathan@example.com,Female
CUST03968,BHAVYA MAHARAJ,56.0,+916558116692,AHMEDABAD,Chhattisgarh,Vi,POSTPAID,799.0,33,11/04/2023,21-07-2026,1,NO,lajitavarma@example.com,female
CUST03969,Maanav Zachariah,60.0,+91 14418 52428,NAGPUR,Kerala,Jio,POST PAID,499.0,83,2019-09-26,05/26/2026,5,NO,wsagar@example.net,Female
CUST03970,Lucky Sarkar,29.0,+913919081795,NAGPUR,Sikkim,Airtel,Post-paid,1199.0,35,05 Sep 2023,07/11/2026,1,N,kkapoor@example.org,male
CUST03971,Darpan Babu,,,Nagpur,Rajasthan,BSNL,Post-paid,1199.0,79,20200124,19 Jul 2026,1,NO,qdugar@example.org,
CUST03972,daniel shenoy,36.0,,Nagpur,Kerala,BSNL,POSTPAID,1999.0,13,,20260710,0,0,yuvraj80@example.org,female
CUST03973,Veer Nadkarni,50.0,6928499734,Indore,Mizoram,Vi,POST PAID,399.0,59,15/09/2021,13/06/2026,2,Y,lankahema@example.com,Female
CUST03974,Vyanjana Atwal,44.0,00992022025,NCR,Rajasthan,Vi,Post-paid,499.0,33,,12/06/2026,5,Y,kavya31@example.org,male
CUST03975,Laksh Krishnamurthy,27.0,+91 54585 92476,hyderabad,Nagaland,BSNL,POST PAID,,21,20241029,14-07-2026,0,N,ethandhingra@example.com,F
CUST03976,RAJESHRI SUNDARAM,32.0,91-33778-53334,CHENNAI,,Jio,postpaid,999.0,18,2025-01-27,16-07-2026,0,n,jai62@example.org,Female
CUST03977,Warda Narayanan,19.0,,PUNE,Jharkhand,Jio,POSTPAID,499.0,10,24 Sep 2025,07/10/2026,1,N,nigamjason@example.org,Male
CUST03978,Gabriel Bhardwaj,,9019343476,MUMBAI,Sikkim,Jio,POST PAID,999.0,60,16-08-2021,05/24/2026,5,Y,,male
CUST03979,Matthew Salvi,36.0,,Hyderabad,Telangana,Airtel,Prepaid,,83,2019-09-26,2026-06-26,3,,rgolla@example.net,female
CUST03980,chaman som,65.0,1041023135,Pune,Jharkhand,Jio,Post-paid,699.0,30,20240202,20260707,0,NO,harrison43@example.com,M
CUST03981,Aayush Sankaran,61.0,91-26733-36592,Kolkata,Tamil Nadu,Jio,Prepaid,999.0,82,2019-10-26,18-07-2026,0,0,,M
CUST03982,Megha Sabharwal,29.0,+910827686214,Nagpur,Madhya Pradesh,Airtel,,399.0,74,22 Jun 2020,06/02/2026,4,0,uchana@example.com,female
CUST03983,Nimrat Kothari,49.0,,BHOPAL,Assam,Vi,POSTPAID,999.0,65,,15-07-2026,1,n,latahiral@example.com,M
CUST03984,Odika Khosla,53.0,+91 01828 47121,AHMEDABAD,Arunachal Pradesh,BSNL,prepaid,499.0,15,27/04/2025,20260627,2,Y,vnarayanan@example.org,M
CUST03985,Pooja Keer,23.0,07891655164,Bangalore,Karnataka,BSNL,prepaid,599.0,42,07-02-2023,2026-07-01,2,Y,bapte@example.com,MALE
CUST03986,Manan Chad,,07248841469,AHMEDABAD,Gujarat,Vi,Pre-paid,199.0,38,06/07/2023,14/07/2026,0,NO,fthaman@example.net,
CUST03987,Ucchal Dara,50.0,91-52289-49272,PATNA,Himachal Pradesh,Jio,Post-paid,699.0,65,19-03-2021,2026-06-27,3,n,,M
CUST03988,Jalsa Mohan,35.0,01506216117,Hyderabad,Rajasthan,BSNL,Postpaid,1999.0,40,,01/06/2026,2,0,schander@example.com,Female
CUST03989,Megha Bhandari,64.0,+91 63000 59186,Pune,Andhra Pradesh,Jio,Post-paid,1999.0,4,03/23/2026,20260621,4,,,FEMALE
CUST03990,Gaurav Choudhury,43.0,04011630823,indore,Tamil Nadu,Vi,PREPAID,499.0,13,26/06/2025,17-07-2026,0,n,,M
CUST03991,Krishna Kohli,51.0,,,Punjab,Airtel,,499.0,84,27 Aug 2019,2026-07-21,1,N,,Male
CUST03992,Hritik Loyal,20.0,+918252964464,INDORE,Assam,BSNL,Pre-paid,499.0,63,18/05/2021,12-07-2026,0,NO,adweta11@example.net,Female
CUST03993,HARRISON SARIN,,,DELHI,Punjab,BSNL,postpaid,999.0,8,23-11-2025,15-06-2026,5,,darsh45@example.net,female
CUST03994,Peter Bhasin,51.0,+910392836814,chennai,Uttar Pradesh,BSNL,PRE PAID,299.0,24,31/07/2024,10 Jul 2026,0,n,ryan77@example.com,M
CUST03995,Advaith Varty,65.0,06780327674,mumbai,West Bengal,Vi,,719.0,84,2019-08-27,14/07/2026,1,NO,,FEMALE
CUST03996,Orinder Bora,53.0,+911161345603,lucknow,Chhattisgarh,Vi,Prepaid,299.0,39,,2026-07-20,1,,onveer83@example.com,male
CUST03997,Hema Issac,36.0,,Mumbai,Arunachal Pradesh,BSNL,postpaid,1499.0,39,20230508,11-07-2026,0,NO,wgill@example.net,Female
CUST03998,Aradhana Pal,28.0,91-75484-37579,INDORE,Jharkhand,Jio,POST PAID,999.0,8,23-11-2025,20260715,0,NO,alexandermuni@example.com,FEMALE
CUST03999,gunbir prabhu,,07480281835,Kolkata,,Airtel,Postpaid,1999.0,68,19-12-2020,16/07/2026,1,N,zehaanmammen@example.org,Male
CUST04000,Harsh Pal,32.0,+917111760217,bhopal,Gujarat,Airtel,POST PAID,,82,26 Oct 2019,08/07/2026,0,n,qmuni@example.com,
CUST04001,Aarini Char,49.0,00612524178,hyderabad,Chhattisgarh,Vi,Prepaid,839.0,34,2023-10-05,07/07/2026,1,,qbhatia@example.com,F
CUST04002,Omisha De,18.0,9661690846,Bhopal,Manipur,BSNL,postpaid,699.0,31,20240103,07/09/2026,1,NO,,Male
CUST04003,Vidhi Saini,45.0,91-73705-81731,Poona,Punjab,Airtel,Pre-paid,999.0,52,13/04/2022,2026-07-16,0,NO,lsathe@example.org,M
CUST04004,Balhaar Subramaniam,63.0,91-12198-20169,BHOPAL,Madhya Pradesh,Jio,Pre-paid,839.0,2,,20/07/2026,1,0,rushilpurohit@example.org,MALE
CUST04005,ALEXANDER SUNDER,46.0,,chennai,Himachal Pradesh,Airtel,Post-paid,699.0,46,10/10/2022,07/13/2026,1,0,timothy21@example.org,Female
CUST04006,harrison badal,36.0,+916965540067,Kolkata,Gujarat,BSNL,POST PAID,399.0,78,20200223,18 Jul 2026,0,N,qushi88@example.org,Male
CUST04007,Lakshit Rai,54.0,91-45997-62529,Bhopal,Madhya Pradesh,BSNL,POST PAID,799.0,63,05/18/2021,2026-07-02,2,0,daniel61@example.net,F
CUST04008,Ati Goyal,18.0,03353682853,Amdavad,Maharashtra,BSNL,postpaid,699.0,39,08/05/2023,20260712,0,NO,qkhurana@example.org,MALE
CUST04009,GAURANG KALA,31.0,00031548414,delhi,Bihar,BSNL,PRE PAID,299.0,10,24-09-2025,15-07-2026,1,n,bansalmanbir@example.net,female
CUST04010,Michael Bakshi,49.0,+919270308449,NCR,Goa,BSNL,Post-paid,999.0,79,,2026-07-14,0,,guneetroy@example.net,MALE
CUST04011,Pratyush Basak,60.0,03935452356,nagpur,Manipur,BSNL,,299.0,52,20220413,08 Jul 2026,0,n,adyaprashad@example.com,
CUST04012,Bhavini Sachdeva,42.0,02542925773,Hyderabad,,BSNL,prepaid,719.0,78,23/02/2020,03/06/2026,3,0,vansha30@example.org,male
CUST04013,Xiti Sood,23.0,0399978755,New Delhi,Rajasthan,Vi,POST PAID,1999.0,73,07/22/2020,2026-07-07,0,n,,F
CUST04014,Ekaja Kamdar,44.0,3021914656,SURAT,Maharashtra,Vi,Post-paid,999.0,37,07/07/2023,07/12/2026,0,N,,M
CUST04015,Jagat Padmanabhan,40.0,05671092732,NCR,West Bengal,Jio,PREPAID,199.0,27,20240502,07/14/2026,0,0,alkajohal@example.org,male
CUST04016,Logan Dara,60.0,01813025547,SURAT,Karnataka,Vi,PREPAID,719.0,48,11/08/2022,09 Jul 2026,1,n,dharhardik@example.org,F
CUST04017,CHANDRAN MAGAR,62.0,5435279299,jaipur,,Airtel,Prepaid,999.0,27,05/02/2024,20260718,1,n,yohannanzayan@example.net,MALE
CUST04018,Yashvi Menon,56.0,+91 22108 08293,CHENNAI,Punjab,Airtel,Prepaid,299.0,70,10/20/2020,2026-07-13,1,NO,tankaryan@example.com,M
CUST04019,EKTA SENGUPTA,57.0,+91 48790 06822,Bhopal,Jharkhand,Jio,POST PAID,999.0,11,25 Aug 2025,07/04/2026,4,N,cgarg@example.org,
CUST04020,Gaurav Batta,23.0,,Mumbai,Arunachal Pradesh,Vi,PREPAID,599.0,47,2022-09-10,20260702,2,n,sainaik@example.com,F
CUST04021,Jack Bhalla,25.0,+91 21821 60879,JAIPUR,Tamil Nadu,Vi,,149.0,43,08 Jan 2023,,3,Y,edani@example.net,Male
CUST04022,Vamakshi Patla,46.0,+912964135653,hyderabad,Haryana,Jio,Postpaid,699.0,50,12 Jun 2022,07/08/2026,1,,usastry@example.com,F
CUST04023,yauvani shroff,34.0,91-44733-66357,Lucknow,Sikkim,Vi,PRE PAID,199.0,42,07-02-2023,,4,Y,chakradhar82@example.net,Male
CUST04024,MAHIKA SINGHAL,46.0,+912390349054,Surat,Haryana,BSNL,PRE PAID,149.0,83,26/09/2019,11/07/2026,0,N,ckhatri@example.net,
CUST04025,Kabir Sani,58.0,,bhopal,Andhra Pradesh,Vi,Postpaid,1199.0,41,20230309,20/07/2026,1,N,chaaya15@example.org,female
CUST04026,caleb wadhwa,52.0,09933685561,Amdavad,,Jio,prepaid,599.0,74,2020-06-22,07/21/2026,0,n,aurorakashish@example.net,Female
CUST04027,Dayamai Dube,39.0,+91 03330 27394,lucknow,Karnataka,Jio,prepaid,839.0,77,24/03/2020,07/18/2026,1,N,nairzarna@example.org,Female
CUST04028,Yachana Rama,56.0,05619598734,Bombay,Chhattisgarh,Vi,Prepaid,299.0,4,20260323,07/11/2026,0,n,harita44@example.com,F
CUST04029,Bhavini Venkatesh,37.0,,AHMEDABAD,Mizoram,Vi,Pre-paid,399.0,48,2022-08-11,14/07/2026,1,NO,ladli20@example.org,FEMALE
CUST04030,Brijesh Dhawan,53.0,03197784446,PATNA,Assam,BSNL,POST PAID,1999.0,27,02/05/2024,20260717,0,NO,qushimohan@example.net,male
CUST04031,Yutika Sood,39.0,,BHOPAL,West Bengal,Airtel,POST PAID,399.0,37,07/07/2023,07/15/2026,1,N,dhaliwaljai@example.com,female
CUST04032,Oni Dass,37.0,91-63856-49316,surat,,Jio,Post-paid,699.0,23,30-08-2024,20/07/2026,0,0,adweta22@example.org,
CUST04033,Forum Rastogi,23.0,+91 76654 50522,PATNA,Haryana,Airtel,,499.0,42,07-02-2023,04/07/2026,5,,,Female
CUST04034,Kai Shah,48.0,+91 42701 17135,patna,Chhattisgarh,Airtel,Pre-paid,149.0,43,01/08/2023,2026-06-19,3,NO,ojasvisarkar@example.org,male
CUST04035,chatura khanna,21.0,91-35586-25529,lucknow,Haryana,Airtel,POSTPAID,999.0,47,10 Sep 2022,07/10/2026,1,,amurthy@example.net,female
CUST04036,Kavya Misra,29.0,00672833815,Lucknow,Meghalaya,Jio,Postpaid,399.0,73,22/07/2020,07/15/2026,1,NO,niharikakamdar@example.net,M
CUST04037,Chandresh Cherian,58.0,+917311863147,jaipur,Odisha,Jio,PRE PAID,499.0,77,03/24/2020,20260708,0,N,bhavyaganesh@example.com,M
CUST04038,Chatresh Virk,61.0,+91 01289 12463,MUM,Assam,Jio,PRE PAID,299.0,64,20210418,16/07/2026,1,,agastya63@example.net,
CUST04039,Brijesh Palla,26.0,01115674305,BHOPAL,Madhya Pradesh,Jio,PRE PAID,839.0,64,2021-04-18,25-05-2026,2,N,krajan@example.org,MALE
CUST04040,Lohit Balakrishnan,18.0,,KOLKATA,Manipur,Airtel,PRE PAID,149.0,74,20200622,15 Jul 2026,1,N,baralmaya@example.net,MALE
CUST04041,Ridhi Chana,41.0,3683143921,JAIPUR,West Bengal,Vi,POSTPAID,1999.0,53,03/14/2022,21 Jul 2026,0,n,aashivarghese@example.org,Female
CUST04042,Chakradev Dubey,41.0,+91 56344 74887,CHENNAI,Sikkim,Jio,prepaid,299.0,49,20220712,20260610,4,0,,female
CUST04043,Neha Kari,23.0,8576777441,Amdavad,Chhattisgarh,Jio,PRE PAID,399.0,84,20190827,2026-07-13,0,0,chaaya91@example.org,male
CUST04044,reyansh bobal,40.0,91-78031-90682,Ahmedabad,West Bengal,Jio,PRE PAID,839.0,40,08/04/2023,20260717,1,n,birdaksha@example.com,Female
CUST04045,Omisha Babu,59.0,+91 63055 61037,surat,Goa,Vi,POST PAID,999.0,29,03/03/2024,20260707,0,n,irapatel@example.net,M
CUST04046,qasim mahajan,34.0,91-12254-49706,kolkata,Assam,Vi,,499.0,38,07 Jun 2023,2026-07-19,0,0,dubenirja@example.com,Male
CUST04047,CHATRESH CHADHA,35.0,91-65035-04969,INDORE,Uttar Pradesh,Airtel,PRE PAID,839.0,48,11-08-2022,20260701,5,NO,,FEMALE
CUST04048,Isha Manda,19.0,+91 66533 11912,Madras,Haryana,Vi,Postpaid,1999.0,33,2023-11-04,11/07/2026,0,NO,,female
CUST04049,WATIKA PAREKH,18.0,,Chennai,Bihar,Vi,POST PAID,399.0,14,27 May 2025,16/07/2026,0,NO,devhayer@example.org,F
CUST04050,Upasna Peri,,91-34166-75536,,Odisha,Airtel,,99.0,7,20251223,2026-07-10,1,NO,teerth61@example.org,female
CUST04051,Gaurang Karnik,31.0,+918509996428,pune,Assam,Jio,POSTPAID,1999.0,50,06/12/2022,02-07-2026,3,Y,widisha51@example.net,Female
CUST04052,maanas bahri,,3852038341,Madras,Haryana,Airtel,Pre-paid,839.0,51,2022-05-13,06/21/2026,4,0,tchaudhry@example.net,M
CUST04053,Yadavi Mall,33.0,1567466489,Surat,Assam,Jio,Post-paid,1999.0,30,2024-02-02,14/07/2026,1,0,dkeer@example.org,Female
CUST04054,YUG DIN,59.0,04849795940,Pune,Gujarat,Vi,Prepaid,,55,20220113,08-07-2026,0,NO,,male
CUST04055,Onkar Ray,43.0,0141858715,Bhopal,Uttarakhand,Vi,POST PAID,799.0,1,2026-06-21,04 Jun 2026,4,NO,garimasur@example.net,Female
CUST04056,Ojas Basu,29.0,04696957530,MUM,,BSNL,,199.0,58,20211015,06/21/2026,2,NO,dasssneha@example.net,FEMALE
CUST04057,Vedhika Pathak,24.0,02787504391,MUM,Madhya Pradesh,Airtel,prepaid,99.0,73,07/22/2020,07/15/2026,0,,,M
CUST04058,Umang Mohanty,37.0,6284278747,bhopal,Uttar Pradesh,Jio,Pre-paid,999.0,5,2026-02-21,2026-07-16,0,,shivansh38@example.net,M
CUST04059,Falan Bassi,65.0,06275204258,hyderabad,Chhattisgarh,Vi,postpaid,1199.0,28,20240402,07/20/2026,0,n,fbhasin@example.org,Male
CUST04060,kavya murthy,63.0,02731148803,Indore,Jharkhand,Airtel,postpaid,1999.0,80,25 Dec 2019,23-05-2026,3,Y,eloyal@example.org,female
CUST04061,Aryan Vasa,38.0,01079804314,surat,Kerala,BSNL,prepaid,839.0,45,2022-11-09,2026-07-18,1,0,onkargokhale@example.net,FEMALE
CUST04062,Atharv Chada,47.0,,indore,Punjab,Vi,PRE PAID,719.0,78,23 Feb 2020,06/26/2026,2,Y,nkhanna@example.org,MALE
CUST04063,Hemani Loyal,,07658341363,LUCKNOW,Arunachal Pradesh,Airtel,,839.0,70,20 Oct 2020,07/20/2026,1,n,xitibutala@example.com,male
CUST04064,UNNI SULE,63.0,2438448588,BHOPAL,Karnataka,Jio,Prepaid,399.0,41,09/03/2023,01 Jul 2026,4,,xdayal@example.com,Female
CUST04065,Liam Hayre,51.0,+91 16309 02739,bangalore,Chhattisgarh,Jio,PRE PAID,719.0,81,2019-11-25,2026-06-17,3,0,,MALE
CUST04066,Widisha Arora,22.0,+91 49456 89988,surat,Uttar Pradesh,BSNL,PRE PAID,719.0,66,17-02-2021,08/07/2026,1,NO,routdalbir@example.com,F
CUST04067,Aarav Ghosh,43.0,,Jaipur,Uttar Pradesh,Airtel,Postpaid,799.0,33,20231104,23 May 2026,4,,krishnakannan@example.com,F
CUST04068,Jagvi Boase,35.0,04871516171,BLR,Maharashtra,Airtel,Post-paid,699.0,63,18 May 2021,10-07-2026,0,n,kantjagdish@example.org,MALE
CUST04069,Wishi Devi,33.0,+91 90484 58789,bangalore,Madhya Pradesh,Vi,Postpaid,1199.0,42,07 Feb 2023,07/19/2026,0,,georgeramakrishnan@example.com,Male
CUST04070,arin thakkar,52.0,2201370297,hyderabad,Telangana,Vi,POSTPAID,999.0,9,10/24/2025,17-07-2026,1,NO,rdevan@example.org,Male
CUST04071,Brinda Borde,33.0,+916086753621,JAIPUR,Uttar Pradesh,Airtel,Post-paid,,26,06/01/2024,2026-07-14,0,,jchoudhary@example.net,F
CUST04072,Chavvi Sengupta,38.0,+91 49389 40516,patna,Assam,Jio,Postpaid,1999.0,40,20230408,07/15/2026,0,NO,amara39@example.org,
CUST04073,Henry Ravel,45.0,91-64300-54233,AHMEDABAD,Manipur,Vi,prepaid,839.0,16,2025-03-28,15/07/2026,0,0,dmisra@example.org,Male
CUST04074,Nakul Divan,60.0,4277956354,bhopal,Karnataka,BSNL,prepaid,299.0,59,15/09/2021,14 Jun 2026,3,Y,fkothari@example.net,male
CUST04075,Yachana Khatri,60.0,5190365421,surat,Tamil Nadu,BSNL,POSTPAID,999.0,36,20230806,21/07/2026,0,0,liyer@example.org,male
CUST04076,Ganga Bhatia,47.0,91-99833-61567,SURAT,Uttarakhand,Jio,Pre-paid,719.0,75,05/23/2020,11-07-2026,1,,skala@example.org,M
CUST04077,Logan Gulati,63.0,09906737197,indore,Bihar,Jio,Pre-paid,599.0,41,20230309,03 Jun 2026,3,n,patladev@example.org,Male
CUST04078,Oviya Dey,35.0,+91 99479 78360,Bombay,Karnataka,Airtel,prepaid,149.0,59,,07/09/2026,0,n,garima38@example.org,Male
CUST04079,Jacob Karpe,18.0,91-41616-84103,MUMBAI,Punjab,Airtel,PRE PAID,599.0,35,2023-09-05,07/14/2026,0,0,vamakshicherian@example.org,male
CUST04080,Champak Buch,25.0,91-78965-88721,Jaipur,Tamil Nadu,Jio,,199.0,4,23 Mar 2026,2026-07-19,0,0,krishna25@example.org,M
CUST04081,RAKSHA WADHWA,34.0,+913873647489,KOLKATA,Tamil Nadu,Airtel,Post-paid,399.0,69,19/11/2020,07/07/2026,0,0,tararamanathan@example.org,FEMALE
CUST04082,ZANSI PINGLE,29.0,,lucknow,Gujarat,Airtel,PREPAID,99.0,81,11/25/2019,15-07-2026,1,N,,
CUST04083,Warinder Bath,25.0,02877576921,HYDERABAD,Telangana,Vi,PREPAID,999.0,60,16 Aug 2021,20260719,1,N,ijayanazareth@example.com,MALE
CUST04084,Jagrati Dua,50.0,+91 73013 86037,pune,Chhattisgarh,BSNL,Pre-paid,839.0,82,26 Oct 2019,08 Jul 2026,0,,omyaaggarwal@example.com,Male
CUST04085,Pranav Chaudry,42.0,01213404544,bangalore,Jharkhand,Vi,POSTPAID,999.0,3,22 Apr 2026,20260713,1,,anmol26@example.org,MALE
CUST04086,Kritika Shroff,38.0,+91 02414 76341,Bhopal,Himachal Pradesh,Jio,POST PAID,699.0,58,15/10/2021,01 Jun 2026,2,Y,,male
CUST04087,Bimala Oza,60.0,91-10043-32875,Lucknow,Chhattisgarh,Airtel,,199.0,56,14 Dec 2021,12-07-2026,0,N,balakrishnanqabil@example.org,FEMALE
CUST04088,Vrishti Sant,18.0,08114251532,delhi,Tripura,Vi,postpaid,499.0,72,20200821,10/07/2026,0,n,joshuasunder@example.com,Male
CUST04089,libni dube,55.0,03043521356,Poona,Goa,Airtel,Post-paid,399.0,12,26/07/2025,21/07/2026,1,,pkrishnan@example.org,
CUST04090,Baljiwan Chatterjee,23.0,+91 95135 04740,Patna,,Vi,,599.0,52,2022-04-13,18/06/2026,2,N,jradhakrishnan@example.org,male
CUST04091,Liam Kumer,54.0,4205116841,Nagpur,,Airtel,Pre-paid,399.0,79,24-01-2020,2026-07-09,0,N,grewalazaan@example.net,
CUST04092,LEELA DUTT,55.0,1564402194,patna,West Bengal,Airtel,Post-paid,499.0,16,2025-03-28,2026-07-17,0,N,yogiwazir@example.net,M
CUST04093,Vasudha Kapur,29.0,91-14324-30735,JAIPUR,Assam,Vi,prepaid,299.0,10,24/09/2025,,1,n,uzachariah@example.net,
CUST04094,ekbal nagi,31.0,91-18243-66141,Patna,Manipur,Airtel,,299.0,3,2026-04-22,13/06/2026,5,N,hansmanbir@example.com,F
CUST04095,Azaan Bora,25.0,6911654077,Hyderabad,Manipur,Airtel,postpaid,1199.0,13,2025-06-26,11/07/2026,1,n,ekaja15@example.net,F
CUST04096,Warjas Cherian,,+919549006579,Amdavad,Tamil Nadu,Airtel,Postpaid,1199.0,62,,04-07-2026,5,Y,sekhonfalan@example.net,M
CUST04097,Wahab Palla,46.0,,Kolkata,Haryana,Vi,Postpaid,1499.0,18,27 Jan 2025,16-07-2026,0,,ssrivastava@example.com,FEMALE
CUST04098,oni jaggi,62.0,2303018037,Surat,Goa,Vi,Post-paid,399.0,19,28 Dec 2024,17-07-2026,1,n,snagarajan@example.org,male
CUST04099,LOPA MALL,51.0,91-14192-60378,PUNE,Goa,BSNL,Post-paid,499.0,79,24/01/2020,2026-07-13,0,N,xsura@example.org,Female
CUST04100,Lopa Patil,46.0,+910645130477,BENGALURU,Arunachal Pradesh,BSNL,Postpaid,699.0,52,20220413,20260716,1,,dbatra@example.org,Female
CUST04101,Hamsini Garg,19.0,91-69269-40881,bhopal,Haryana,Vi,POSTPAID,1199.0,28,02/04/2024,07 Jul 2026,0,n,xbatta@example.org,F
CUST04102,gayathri mallick,50.0,91-76425-08051,Delhi,West Bengal,Airtel,PRE PAID,719.0,42,,06/23/2026,2,Y,deolojasvi@example.org,Male
CUST04103,LAKSHIT BUCH,50.0,2329467668,jaipur,Telangana,Airtel,POSTPAID,1199.0,48,2022-08-11,16-07-2026,0,,jhaanamika@example.org,Female
CUST04104,Chakradhar Khalsa,32.0,+91 38931 77137,ahmedabad,Gujarat,Vi,POST PAID,499.0,27,05/02/2024,21/07/2026,0,NO,bhavinisibal@example.com,Female
CUST04105,AMRITA JAIN,20.0,0487439183,Jaipur,Gujarat,BSNL,Postpaid,499.0,1,20260621,2026-07-14,0,0,zachariahvasudha@example.net,F
CUST04106,Leena Parmer,29.0,,Mumbai,Assam,Airtel,Prepaid,999.0,23,30-08-2024,20260713,0,n,falanbera@example.org,M
CUST04107,Balveer Gokhale,60.0,+918956753859,Hyderabad,Tripura,Jio,POSTPAID,999.0,39,05/08/2023,,0,N,sarnageorge@example.com,male
CUST04108,Azaan Keer,55.0,08480321621,AHMEDABAD,Arunachal Pradesh,BSNL,POST PAID,699.0,37,2023-07-07,11/07/2026,0,NO,kharekritika@example.org,F
CUST04109,Nidhi Bali,50.0,+91 60646 67318,Mumbai,Tamil Nadu,BSNL,Prepaid,839.0,35,05/09/2023,,0,N,yhari@example.com,Male
CUST04110,Aahana Ghose,38.0,+917433190690,HYDERABAD,Uttar Pradesh,Jio,Postpaid,999.0,19,,2026-07-20,0,,,
CUST04111,Lakshit Gade,31.0,7432753171,Hyderabad,Meghalaya,Airtel,Post-paid,1999.0,3,04/22/2026,13-06-2026,4,NO,vmodi@example.net,M
CUST04112,Garima Suri,40.0,9952649331,surat,Uttar Pradesh,Vi,postpaid,499.0,42,07 Feb 2023,11/07/2026,1,n,aarnabala@example.net,male
CUST04113,Krishna Sarkar,47.0,+91 80919 33516,INDORE,Himachal Pradesh,Airtel,Postpaid,499.0,18,27/01/2025,27 May 2026,3,0,saanvi29@example.net,male
CUST04114,Pratyush Memon,53.0,91-11376-73179,Madras,Tamil Nadu,BSNL,,599.0,67,18-01-2021,20260609,5,Y,nakulvyas@example.com,male
CUST04115,Dipta Hora,24.0,+912326878622,AHMEDABAD,Karnataka,Vi,POSTPAID,399.0,81,11/25/2019,01/06/2026,4,Y,anvi06@example.com,MALE
CUST04116,Diya Hayre,49.0,91-38583-89833,bhopal,Gujarat,BSNL,PRE PAID,149.0,14,27-05-2025,06/23/2026,2,Y,swason@example.net,male
CUST04117,Suhani Sule,24.0,6929924401,MUMBAI,West Bengal,BSNL,PREPAID,149.0,30,02-02-2024,07 Jul 2026,0,0,turviparikh@example.com,M
CUST04118,Azad Hegde,35.0,+915738742175,Lucknow,Uttar Pradesh,Vi,,499.0,18,01/27/2025,20260618,3,Y,chaturadeep@example.org,Male
CUST04119,Aashi Gupta,37.0,+91 21238 99709,SURAT,Meghalaya,Airtel,Post-paid,,51,13-05-2022,14/07/2026,1,n,standon@example.net,F
CUST04120,Joshua Upadhyay,22.0,04799459559,Indore,Mizoram,Vi,POSTPAID,999.0,80,,20260628,5,N,,Female
CUST04121,Mugdha Behl,58.0,+911568683859,NCR,Maharashtra,BSNL,prepaid,719.0,8,2025-11-23,06/18/2026,4,NO,,FEMALE
CUST04122,Lila Kapur,,5444084857,Amdavad,Meghalaya,Jio,Postpaid,699.0,37,2023-07-07,20/07/2026,1,0,vincentchar@example.com,M
CUST04123,Dakshesh Kala,50.0,,bhopal,Haryana,Jio,Post-paid,1499.0,47,10-09-2022,07/15/2026,1,,chackolavanya@example.com,M
CUST04124,Joshua Grewal,,91-54579-49424,Madras,Telangana,Airtel,PRE PAID,599.0,11,25/08/2025,09-07-2026,0,n,ganesanyagnesh@example.org,
CUST04125,Chaman Sant,52.0,91-48313-21608,PUNE,Gujarat,Vi,Pre-paid,199.0,74,22 Jun 2020,16/07/2026,0,0,harshilsarkar@example.com,M
CUST04126,Radhika Date,60.0,+918817964192,pune,Tripura,Airtel,,719.0,60,2021-08-16,20260707,0,n,,Male
CUST04127,Kamala Badami,47.0,9987351997,indore,Goa,Vi,Pre-paid,149.0,59,15/09/2021,20260701,5,NO,galasamesh@example.com,FEMALE
CUST04128,Elijah Solanki,30.0,06142900816,CHENNAI,Odisha,Jio,Pre-paid,,77,24-03-2020,17-06-2026,5,N,vmadan@example.com,Male
CUST04129,HEMANGINI BARAD,38.0,+91 74553 83390,HYDERABAD,Himachal Pradesh,Jio,,199.0,35,2023-09-05,12/07/2026,1,,harsh15@example.org,male
CUST04130,Arunima Ray,46.0,+91 08715 59943,Lucknow,Haryana,Vi,,399.0,17,2025-02-26,14 Jul 2026,1,NO,dhruvbedi@example.com,F
CUST04131,Nidra Chacko,51.0,+917985021109,PATNA,Nagaland,Airtel,Postpaid,999.0,53,14-03-2022,21-07-2026,0,n,,M
CUST04132,Raksha Subramanian,63.0,91-28094-98237,bhopal,Uttarakhand,BSNL,Prepaid,999.0,5,02/21/2026,07/18/2026,1,NO,,FEMALE
CUST04133,Jyoti Dash,,,Poona,Tripura,BSNL,POSTPAID,999.0,81,20191125,09 Jun 2026,4,0,nakul10@example.net,M
CUST04134,Daniel Malhotra,47.0,,hyderabad,Mizoram,Jio,Post-paid,799.0,84,27/08/2019,15-07-2026,1,n,chandaraksha@example.com,MALE
CUST04135,Vinaya Choudhary,50.0,6857324278,NAGPUR,Tamil Nadu,Vi,,499.0,56,12/14/2021,19-07-2026,0,NO,tanvipadmanabhan@example.com,Male
CUST04136,Jatin Menon,21.0,3087652645,Pune,West Bengal,Jio,PREPAID,399.0,58,15-10-2021,20-07-2026,0,N,saxenamitesh@example.org,
CUST04137,janya de,35.0,+91 86020 76021,Bhopal,Assam,Airtel,Postpaid,799.0,21,10/29/2024,2026-07-07,1,N,lokealka@example.org,FEMALE
CUST04138,caleb bobal,42.0,+91 66286 80040,HYDERABAD,Madhya Pradesh,Airtel,prepaid,299.0,76,23 Apr 2020,20260708,1,,sarthak30@example.net,Male
CUST04139,Omkaar More,43.0,+91 84919 26022,PUNE,Bihar,BSNL,PRE PAID,299.0,45,2022-11-09,07/19/2026,0,,sai13@example.net,Male
CUST04140,Faqid Saraf,28.0,+91 33151 40649,jaipur,Andhra Pradesh,Airtel,PREPAID,399.0,15,27-04-2025,2026-07-18,1,,bmani@example.com,FEMALE
CUST04141,gaurang dass,28.0,04276106697,SURAT,Mizoram,BSNL,POSTPAID,699.0,57,20211114,2026-07-05,2,Y,shuklaakshay@example.org,male
CUST04142,Ishanvi Sharaf,35.0,06185936344,surat,Tamil Nadu,Jio,PREPAID,999.0,46,10/10/2022,,1,NO,saksham28@example.com,M
CUST04143,peter butala,38.0,+91 09071 08457,Ahmedabad,Uttarakhand,BSNL,Post-paid,1999.0,79,20200124,20260719,1,0,gandhilaban@example.net,MALE
CUST04144,Widisha Yadav,32.0,+91 38324 97376,Jaipur,Haryana,Jio,Post-paid,999.0,52,20220413,07/21/2026,1,,jalsapandya@example.net,FEMALE
CUST04145,Lakshmi Bala,54.0,0107040517,Surat,Madhya Pradesh,Jio,POSTPAID,699.0,4,23 Mar 2026,07/18/2026,0,n,zaitra68@example.com,female
CUST04146,omya pant,18.0,+91 23348 07775,patna,Uttarakhand,BSNL,,719.0,79,2020-01-24,20260709,0,,lgoyal@example.org,
CUST04147,NOAH WADHWA,44.0,02830415172,pune,Uttarakhand,BSNL,POST PAID,,51,13 May 2022,12/07/2026,1,n,,male
CUST04148,Amruta Kalla,22.0,+91 51802 95662,Bhopal,Rajasthan,Airtel,PREPAID,599.0,51,2022-05-13,20260709,0,,xsaha@example.com,M
CUST04149,akshay sandal,51.0,+911679700169,indore,Assam,BSNL,postpaid,399.0,66,02/17/2021,17/07/2026,0,n,golejanaki@example.com,FEMALE
CUST04150,Netra Raman,36.0,91-31013-83524,Lucknow,Telangana,BSNL,PRE PAID,99.0,82,26 Oct 2019,07/12/2026,1,N,,FEMALE
CUST04151,KARAN BHATIA,40.0,91-97382-25984,KOLKATA,Telangana,Jio,PRE PAID,839.0,49,12 Jul 2022,14/07/2026,1,0,nattkrishna@example.org,male
CUST04152,darika pingle,30.0,91-47735-45715,hyderabad,Jharkhand,Airtel,PRE PAID,719.0,21,29/10/2024,07/21/2026,1,n,nisha76@example.org,FEMALE
CUST04153,Lila Morar,20.0,3545512300,bangalore,Telangana,Airtel,PREPAID,599.0,41,09/03/2023,19/07/2026,0,NO,nimratswaminathan@example.net,
CUST04154,dakshesh vala,61.0,+916293624598,,Himachal Pradesh,Jio,PREPAID,719.0,26,01-06-2024,07/11/2026,0,NO,mallaadi@example.net,male
CUST04155,Chandani Sahota,57.0,,Ahmedabad,Punjab,Airtel,POST PAID,,50,2022-06-12,2026-07-14,1,0,,Male
CUST04156,Nimrat Dhaliwal,36.0,,nagpur,Mizoram,BSNL,,299.0,2,22-05-2026,06/01/2026,2,Y,arunimashroff@example.org,
CUST04157,eiravati karpe,62.0,8211916004,NAGPUR,,Vi,postpaid,699.0,64,04/18/2021,2026-06-22,5,Y,shettychakradev@example.net,F
CUST04158,Maanas Basak,32.0,7363918053,surat,Gujarat,Airtel,POST PAID,1499.0,39,08 May 2023,20260710,0,0,hmallick@example.org,F
CUST04159,Harish Mani,45.0,,Poona,Kerala,BSNL,POST PAID,1999.0,20,11/28/2024,11/07/2026,0,N,patelhemang@example.net,F
CUST04160,Unnati Varghese,56.0,8336612651,JAIPUR,Meghalaya,BSNL,prepaid,499.0,20,28/11/2024,24 May 2026,3,Y,cdada@example.net,Female
CUST04161,Tanish Sant,60.0,+912545229970,Hyd,Arunachal Pradesh,Vi,postpaid,999.0,51,20220513,20260714,1,NO,harrisonkale@example.org,
CUST04162,VASANA KHOSLA,57.0,+918235268040,Poona,Arunachal Pradesh,Jio,,599.0,59,20210915,22/06/2026,5,n,shankardayamai@example.com,female
CUST04163,Nihal Vora,33.0,5823754730,lucknow,Meghalaya,Vi,,199.0,6,22 Jan 2026,06/09/2026,2,NO,hritikratti@example.com,F
CUST04164,Lakshmi Dyal,39.0,1404300051,BLR,Gujarat,Vi,prepaid,299.0,9,2025-10-24,12/07/2026,1,NO,esachdeva@example.org,Female
CUST04165,Damyanti Ravel,29.0,91-20350-40049,Surat,Tamil Nadu,BSNL,Post-paid,1199.0,65,03/19/2021,13/07/2026,1,NO,,F
CUST04166,Sai Kade,30.0,+91 93975 10783,Indore,Manipur,Vi,Prepaid,599.0,79,2020-01-24,20-07-2026,0,NO,faqidsaraf@example.org,MALE
CUST04167,Ishwar Sangha,59.0,+917061322040,DELHI,Karnataka,Jio,prepaid,299.0,46,2022-10-10,21 Jun 2026,5,,banikharish@example.com,Female
CUST04168,Orinder Dhillon,29.0,06104726853,Ahmedabad,Maharashtra,BSNL,Prepaid,299.0,55,20220113,20260626,5,Y,madanmaya@example.com,MALE
CUST04169,Ekantika Sridhar,57.0,+918146633663,pune,Bihar,BSNL,PREPAID,149.0,62,17/06/2021,20260714,1,n,halderharrison@example.net,F
CUST04170,raksha konda,43.0,,Calcutta,Haryana,Airtel,postpaid,999.0,49,2022-07-12,20260713,1,,ramaswamyaarini@example.com,Female
CUST04171,Jagrati Chand,25.0,1966999870,Bhopal,Punjab,BSNL,POSTPAID,1999.0,82,26 Oct 2019,20260713,1,n,dkibe@example.net,FEMALE
CUST04172,Vamakshi Parsa,50.0,,Chennai,Uttarakhand,Vi,Post-paid,999.0,4,20260323,07/16/2026,0,0,kapurekta@example.com,M
CUST04173,Siya Buch,24.0,,Pune,Assam,Vi,,399.0,77,24/03/2020,07/09/2026,0,0,ggarg@example.com,MALE
CUST04174,Kai Mukhopadhyay,60.0,,surat,Haryana,BSNL,,999.0,69,19-11-2020,07-07-2026,1,N,libni81@example.net,Female
CUST04175,Anusha Karpe,51.0,+91 59212 33941,LUCKNOW,Jharkhand,Vi,postpaid,399.0,82,2019-10-26,15 Jul 2026,0,0,ekalingabajwa@example.org,
CUST04176,Ayush Dasgupta,20.0,,Chennai,Uttar Pradesh,Airtel,prepaid,199.0,39,08-05-2023,14/07/2026,1,NO,upadhritimani@example.org,
CUST04177,Fariq Tak,63.0,,Bombay,Chhattisgarh,Jio,PRE PAID,99.0,9,2025-10-24,10/06/2026,2,0,kkakar@example.com,Male
CUST04178,HEMA VENKATESH,60.0,91-62776-57024,Bhopal,Himachal Pradesh,Vi,Prepaid,999.0,4,23/03/2026,09-07-2026,1,0,varenyabail@example.net,Female
CUST04179,Udarsh Mistry,47.0,91-47169-60304,jaipur,Uttarakhand,Vi,Post-paid,999.0,2,22 May 2026,20260718,1,0,ayushrastogi@example.com,F
CUST04180,Shravya Nair,25.0,+910639708185,PUNE,Telangana,Vi,PRE PAID,,35,05 Sep 2023,20260721,0,0,anirudhgarg@example.com,FEMALE
CUST04181,UDANT MORAR,31.0,06976786518,Chennai,Goa,Vi,,399.0,46,20221010,07/10/2026,0,,aahanachander@example.net,male
CUST04182,Falan Kulkarni,,01364016162,Mumbai,Himachal Pradesh,Jio,Post-paid,1499.0,25,20240701,2026-07-14,1,n,,Female
CUST04183,URISHILLA SANGHA,43.0,01503858468,Bombay,Uttar Pradesh,Vi,PREPAID,149.0,60,2021-08-16,09-07-2026,1,,william25@example.net,female
CUST04184,Wahab Pandit,57.0,91-79588-53096,INDORE,Uttar Pradesh,Airtel,PRE PAID,599.0,8,23/11/2025,07 Jul 2026,1,0,amairabalay@example.org,M
CUST04185,Onkar Shanker,53.0,4936312588,Calcutta,Tamil Nadu,BSNL,PREPAID,399.0,1,21/06/2026,20260718,0,0,pbahl@example.net,FEMALE
CUST04186,Ishanvi Tata,44.0,,BLR,Madhya Pradesh,Jio,postpaid,999.0,34,05 Oct 2023,14-07-2026,0,,yuvraj32@example.org,Female
CUST04187,Hemangini Bera,37.0,06182286378,New Delhi,Andhra Pradesh,BSNL,PRE PAID,299.0,12,07/26/2025,10-07-2026,0,0,abhat@example.net,F
CUST04188,Mason Batta,22.0,,Nagpur,Punjab,Airtel,Postpaid,999.0,80,2019-12-25,20260605,3,N,nbalay@example.com,female
CUST04189,Arya Raval,23.0,,pune,Mizoram,Airtel,prepaid,719.0,21,29 Oct 2024,15/07/2026,0,n,upkaarbutala@example.org,female
CUST04190,Dalbir Nazareth,55.0,09009301217,Kolkata,Telangana,Vi,Prepaid,199.0,84,27/08/2019,07/06/2026,5,,lohit77@example.org,male
CUST04191,Veda Dugar,44.0,+913889848387,Surat,Tripura,Airtel,Pre-paid,399.0,16,03/28/2025,20260714,1,n,neelimarattan@example.com,M
CUST04192,Mekhala Mittal,20.0,+91 24053 31546,lucknow,Manipur,Airtel,Postpaid,399.0,29,2024-03-03,07/07/2026,1,n,omisha76@example.net,female
CUST04193,Robert Sharaf,29.0,+91 46209 73275,Patna,Madhya Pradesh,Jio,PREPAID,499.0,49,12-07-2022,2026-07-15,1,,anirudh74@example.org,Female
CUST04194,Jyoti Ratti,41.0,3573696872,chennai,Mizoram,Airtel,POST PAID,799.0,11,08/25/2025,07/15/2026,0,n,quincybanerjee@example.com,F
CUST04195,Victor Rastogi,28.0,+913448387176,New Delhi,Odisha,BSNL,,399.0,80,25-12-2019,13-06-2026,4,n,,Female
CUST04196,Kiaan Sarraf,28.0,,,Bihar,Airtel,Postpaid,499.0,10,09/24/2025,10 Jul 2026,1,N,vsem@example.org,MALE
CUST04197,Udarsh Sarma,26.0,,delhi,Goa,Airtel,Pre-paid,599.0,43,08 Jan 2023,20-06-2026,5,Y,okapadia@example.net,MALE
CUST04198,Inaya Dhillon,34.0,+914358859807,Hyd,Arunachal Pradesh,Airtel,PREPAID,599.0,34,05-10-2023,2026-07-09,0,NO,jacobsastry@example.net,Female
CUST04199,RISHI PALL,23.0,,INDORE,Nagaland,Vi,Pre-paid,299.0,73,22 Jul 2020,28 May 2026,2,,damini52@example.org,M
CUST04200,Vamakshi Raghavan,54.0,03376136791,Mumbai,Kerala,Airtel,Postpaid,399.0,39,08/05/2023,20260709,1,,,female
CUST04201,Baljiwan Jain,50.0,+91 59823 77214,Bhopal,Tripura,Vi,Prepaid,719.0,61,17 Jul 2021,20260707,1,n,,male
CUST04202,ladli kala,59.0,91-67404-24431,bangalore,Tripura,BSNL,prepaid,499.0,43,08/01/2023,10/06/2026,3,N,tara48@example.com,M
CUST04203,Zayyan Bansal,43.0,01765174789,MUMBAI,West Bengal,Airtel,PREPAID,399.0,64,04/18/2021,10/07/2026,1,N,ayushdalia@example.com,Male
CUST04204,Nitara Lala,22.0,+91 41273 33468,Kolkata,Jharkhand,Airtel,Prepaid,499.0,32,04/12/2023,24/06/2026,3,N,osha02@example.net,MALE
CUST04205,Om Nath,31.0,91-17489-68405,KOLKATA,Bihar,BSNL,POSTPAID,499.0,81,25/11/2019,2026-06-06,5,N,ebahl@example.net,F
CUST04206,Baghyawati Nadig,55.0,7652403473,mumbai,Andhra Pradesh,Vi,Post-paid,1999.0,10,24/09/2025,24-05-2026,5,Y,qasim48@example.org,F
CUST04207,Pranit Narang,52.0,91-94641-19771,delhi,Jharkhand,Airtel,PRE PAID,999.0,81,20191125,16/06/2026,5,Y,chatterjeefrederick@example.org,FEMALE
CUST04208,Vasatika Seshadri,55.0,+916420372254,BENGALURU,Assam,Airtel,prepaid,199.0,5,02/21/2026,07/19/2026,1,N,dinsuhani@example.net,
CUST04209,Gautami Dora,59.0,+91 21229 75059,Surat,Karnataka,BSNL,POSTPAID,499.0,74,06/22/2020,19/06/2026,2,Y,mlalla@example.com,male
CUST04210,Osha Maharaj,34.0,01637113454,Hyderabad,Uttarakhand,Jio,Prepaid,719.0,30,02-02-2024,07/17/2026,1,NO,jatinnayak@example.org,FEMALE
CUST04211,udyati jani,47.0,+916501837540,MUMBAI,Manipur,Jio,Postpaid,1499.0,46,2022-10-10,06/28/2026,4,Y,pbahl@example.com,F
CUST04212,Mohammed Kota,39.0,+917959704526,jaipur,Maharashtra,Vi,,499.0,80,20191225,09 Jul 2026,0,NO,amblegautami@example.com,F
CUST04213,Yashoda Banerjee,21.0,91-00746-54683,DELHI,Kerala,Airtel,POSTPAID,399.0,79,24-01-2020,2026-07-15,0,,ldhar@example.org,F
CUST04214,Darika Sidhu,39.0,91-96016-21736,NAGPUR,Himachal Pradesh,Vi,Postpaid,999.0,50,12 Jun 2022,,5,n,oeshiratta@example.com,MALE
CUST04215,Bimala Balan,59.0,,PUNE,Meghalaya,Jio,Prepaid,599.0,70,20-10-2020,20260711,1,NO,saxenaojas@example.net,MALE
CUST04216,ISHITA MANN,37.0,+91 81915 31875,KOLKATA,,Airtel,PRE PAID,499.0,54,12-02-2022,07/14/2026,1,N,eshana56@example.com,M
CUST04217,Nirja Arya,,+91 62556 58828,Bengaluru,,Jio,prepaid,499.0,83,20190926,16 Jun 2026,4,0,,MALE
CUST04218,Anthony Hora,18.0,+917299672374,Bengaluru,Haryana,Jio,Post-paid,399.0,33,04-11-2023,05/26/2026,4,N,,Female
CUST04219,upma bandi,21.0,+910096917802,Kolkata,Sikkim,BSNL,POST PAID,1999.0,60,2021-08-16,18 Jul 2026,0,N,ranagopal@example.net,Female
CUST04220,CHANDRAN BEHL,56.0,91-66684-57709,Chennai,Odisha,BSNL,,719.0,83,20190926,20260720,1,0,cshanker@example.net,Male
CUST04221,Harshil Vig,20.0,08455543205,SURAT,Haryana,Jio,Post-paid,999.0,36,06 Aug 2023,07/11/2026,0,NO,dhruvbanik@example.org,
CUST04222,ROBERT TARA,24.0,+916396609363,JAIPUR,Maharashtra,Vi,,719.0,81,25-11-2019,07/15/2026,1,n,amairachaudry@example.org,F
CUST04223,Oni Basak,25.0,4924769309,BLR,,BSNL,Pre-paid,719.0,56,14/12/2021,05 Jun 2026,2,n,jasmit93@example.net,FEMALE
CUST04224,ishwar bhandari,,09905259794,LUCKNOW,Punjab,Jio,Pre-paid,99.0,57,20211114,06/06/2026,4,Y,bagate@example.com,F
CUST04225,Jacob Raval,33.0,+919037844116,Bengaluru,Odisha,Vi,Pre-paid,999.0,68,19/12/2020,09 Jul 2026,1,,pjain@example.org,Female
CUST04226,Arunima Anne,32.0,+915294975930,Jaipur,Andhra Pradesh,BSNL,Post-paid,699.0,3,22 Apr 2026,20260717,1,N,indira10@example.net,FEMALE
CUST04227,Saanvi Dayal,55.0,4656537108,pune,Andhra Pradesh,Airtel,,199.0,8,23/11/2025,20260721,1,,jhahamsini@example.net,
CUST04228,Alka Nayar,63.0,+918539316611,Surat,,BSNL,POST PAID,1499.0,9,24 Oct 2025,2026-07-16,0,,azaan62@example.org,
CUST04229,Rohan Bhandari,59.0,+917584626397,Bombay,Rajasthan,Jio,PRE PAID,149.0,76,23-04-2020,20260708,0,N,karya@example.com,Male
CUST04230,parth sant,37.0,+91 84141 77173,ahmedabad,Haryana,Vi,Prepaid,399.0,33,2023-11-04,06/29/2026,3,N,nkara@example.com,F
CUST04231,Bakhshi Kata,38.0,,MUM,Tripura,Vi,POSTPAID,499.0,19,2024-12-28,,0,NO,brindavenkatesh@example.net,
CUST04232,Elijah Sridhar,31.0,9898835292,Bangalore,Kerala,BSNL,Prepaid,199.0,59,15 Sep 2021,17 Jul 2026,1,N,krishchanchal@example.org,male
CUST04233,Nilima Sane,64.0,+91 93804 30832,BENGALURU,Chhattisgarh,Airtel,POSTPAID,499.0,1,20260621,20260717,1,0,shaurya99@example.org,female
CUST04234,Amaira Sankar,55.0,+911728629514,,West Bengal,Vi,POSTPAID,799.0,50,12/06/2022,09 Jul 2026,0,NO,keya65@example.org,
CUST04235,DAVID PANDIT,31.0,+914450701456,Nagpur,Andhra Pradesh,Airtel,,719.0,49,12-07-2022,06 Jun 2026,5,n,iparsa@example.org,Female
CUST04236,HENRY KUNDA,31.0,+91 97750 79356,jaipur,Himachal Pradesh,Airtel,Prepaid,99.0,50,12 Jun 2022,07/16/2026,0,n,neha40@example.net,Male
CUST04237,Yashica Mand,48.0,8312623097,Chennai,Uttar Pradesh,Jio,Postpaid,699.0,80,12/25/2019,2026-07-09,1,n,georgerao@example.org,female
CUST04238,Orinder Batta,,06280738621,Bhopal,Punjab,Vi,,839.0,44,09/12/2022,20260719,0,n,wanand@example.com,male
CUST04239,Neelima Jaggi,,,Bombay,Haryana,Airtel,Prepaid,599.0,38,06/07/2023,2026-07-17,1,NO,wmaster@example.com,M
CUST04240,Yashica Sachdev,50.0,08763205268,,Meghalaya,Vi,Postpaid,499.0,8,23/11/2025,15 Jul 2026,0,n,turvicheema@example.com,female
CUST04241,Charvi Khosla,52.0,2204158175,Pune,Jharkhand,BSNL,POST PAID,1499.0,43,01/08/2023,20/07/2026,1,n,jagvi75@example.net,M
CUST04242,Warhi Sandhu,58.0,02532665490,BHOPAL,Rajasthan,Jio,postpaid,799.0,34,20231005,09-07-2026,0,NO,qshere@example.net,female
CUST04243,Gagan Setty,30.0,+919087807588,hyderabad,West Bengal,BSNL,Pre-paid,299.0,14,20250527,05/31/2026,4,Y,devanshkanda@example.com,M
CUST04244,Samarth Lall,38.0,+914255189313,NAGPUR,Sikkim,Jio,postpaid,399.0,5,02/21/2026,20/07/2026,1,0,wridesh46@example.net,FEMALE
CUST04245,Amol Gole,52.0,+91 85470 91284,MUMBAI,Karnataka,BSNL,Post-paid,499.0,16,28/03/2025,2026-07-21,0,NO,yshukla@example.org,male
CUST04246,Lopa Johal,47.0,91-29126-36235,CHENNAI,Tripura,BSNL,postpaid,1199.0,12,26/07/2025,20 Jul 2026,0,N,omaja21@example.net,FEMALE
CUST04247,Faraj Sarin,38.0,4672677085,Jaipur,Manipur,Jio,prepaid,839.0,77,2020-03-24,21/07/2026,0,,gopaldeshmukh@example.net,male
CUST04248,nathaniel varkey,52.0,91-43423-94453,kolkata,West Bengal,Vi,PRE PAID,839.0,12,26 Jul 2025,2026-07-15,1,,kala06@example.net,
CUST04249,Agastya Patil,65.0,,jaipur,Kerala,Vi,PREPAID,999.0,9,20251024,20-07-2026,0,N,gaurangbir@example.com,Male
CUST04250,Xavier Ram,63.0,4365037691,,Meghalaya,Jio,Pre-paid,99.0,3,22/04/2026,12-06-2026,3,0,pandyamanbir@example.com,F
CUST04251,Rachana Amble,22.0,91-18938-38298,CHENNAI,Chhattisgarh,Vi,Prepaid,149.0,4,23/03/2026,2026-07-21,0,0,rastogibrinda@example.org,M
CUST04252,Chatresh Taneja,33.0,+910285738643,BHOPAL,Uttar Pradesh,Jio,POST PAID,,6,01/22/2026,2026-07-14,1,NO,talwartheodore@example.com,Male
CUST04253,Megha Narain,22.0,+91 56792 57874,Chennai,Mizoram,Jio,,839.0,24,31 Jul 2024,,1,NO,vasudhatrivedi@example.com,Male
CUST04254,Aarini Warrior,42.0,91-36361-97908,MUMBAI,Odisha,Airtel,Post-paid,,13,2025-06-26,11-07-2026,1,,chamansuri@example.org,
CUST04255,Udyati Ray,19.0,91-97790-20923,jaipur,West Bengal,Vi,POST PAID,999.0,53,03/14/2022,2026-07-09,1,,aishanibhargava@example.com,female
CUST04256,sachi modi,47.0,06381637632,bhopal,Madhya Pradesh,Airtel,POST PAID,499.0,14,05/27/2025,29 Jun 2026,5,n,,M
CUST04257,Zehaan Tara,25.0,,Ahmedabad,Assam,BSNL,Post-paid,999.0,44,20221209,19 Jul 2026,0,0,ramayug@example.net,FEMALE
CUST04258,MEGHANA BAVA,23.0,+91 57239 72587,NAGPUR,Telangana,BSNL,POSTPAID,1499.0,57,11/14/2021,21-07-2026,1,,upasnasekhon@example.org,
CUST04259,Kashvi Lad,25.0,+91 49606 60934,bhopal,Odisha,Jio,POSTPAID,799.0,67,01/18/2021,07/21/2026,1,0,matthewbhakta@example.org,female
CUST04260,Udyati Munshi,33.0,91-16029-39553,Amdavad,Kerala,BSNL,Post-paid,799.0,29,03/03/2024,20260526,2,N,,female
CUST04261,Ojasvi Banik,64.0,,MUMBAI,Himachal Pradesh,Vi,PREPAID,599.0,6,22 Jan 2026,20260708,0,,lalnirja@example.com,F
CUST04262,Qarin Mital,34.0,91-89483-52690,Bhopal,Jharkhand,BSNL,postpaid,999.0,78,2020-02-23,2026-07-11,1,n,anayseshadri@example.com,M
CUST04263,Gaurangi Buch,28.0,2153338532,ahmedabad,Bihar,BSNL,Pre-paid,999.0,43,08 Jan 2023,29-05-2026,2,NO,ochaudhry@example.org,FEMALE
CUST04264,Ekalinga Agate,40.0,+91 78836 54564,AHMEDABAD,Manipur,Jio,Post-paid,399.0,53,03/14/2022,20260522,2,Y,raaginisibal@example.com,male
CUST04265,harrison bhasin,32.0,+91 86712 57234,nagpur,Maharashtra,Vi,PREPAID,719.0,54,20220212,2026-07-12,1,N,mittermugdha@example.org,F
CUST04266,Samesh Bail,52.0,+91 85725 74822,Amdavad,Bihar,Vi,,399.0,77,24 Mar 2020,12/07/2026,1,NO,mmodi@example.org,F
CUST04267,Chanchal Sarkar,39.0,3466183194,bangalore,Manipur,Jio,Post-paid,399.0,77,24-03-2020,2026-05-27,4,NO,,
CUST04268,Lopa Tripathi,,04212012405,Patna,Andhra Pradesh,Airtel,POSTPAID,499.0,38,06/07/2023,31/05/2026,5,0,reddychaitaly@example.org,female
CUST04269,Sanaya Talwar,35.0,06984050469,indore,Telangana,Airtel,postpaid,1199.0,42,20230207,07/11/2026,0,,omyaom@example.net,F
CUST04270,Zayyan Patla,37.0,6058865627,PUNE,Odisha,BSNL,POSTPAID,1999.0,54,20220212,2026-06-28,3,Y,,M
CUST04271,GAUTAM SOMAN,36.0,,Amdavad,Manipur,Jio,PRE PAID,999.0,38,06/07/2023,09 Jul 2026,1,n,venkataramangaurang@example.com,FEMALE
CUST04272,Harshil Pathak,56.0,+917457085330,PATNA,Uttar Pradesh,Vi,prepaid,399.0,40,08-04-2023,21 Jun 2026,4,NO,nathsneha@example.org,female
CUST04273,Hemal Gokhale,61.0,+919102744065,Lucknow,Bihar,BSNL,Postpaid,799.0,22,2024-09-29,31/05/2026,5,0,leena63@example.com,F
CUST04274,Fariq Patla,50.0,+911264906603,PATNA,Gujarat,BSNL,Prepaid,399.0,11,25-08-2025,07/07/2026,1,,georgebose@example.com,Female
CUST04275,Nitara Bhat,34.0,,Chennai,Meghalaya,Jio,Postpaid,799.0,19,28 Dec 2024,16-07-2026,0,NO,ichadha@example.org,male
CUST04276,Aahana Swamy,21.0,9979499000,patna,Karnataka,Airtel,POSTPAID,799.0,78,23-02-2020,25/05/2026,3,Y,subramanianmichael@example.com,Male
CUST04277,Sachi Kale,25.0,1096342851,Chennai,Manipur,Vi,Post-paid,499.0,66,20210217,07/04/2026,2,NO,gbhandari@example.net,FEMALE
CUST04278,Advaith Menon,53.0,04848173158,Amdavad,Himachal Pradesh,BSNL,POSTPAID,799.0,29,03-03-2024,14 Jul 2026,1,NO,waliazad@example.com,F
CUST04279,Lekha Nair,58.0,7291095965,MUMBAI,,Airtel,Prepaid,149.0,18,01/27/2025,07/07/2026,0,0,apau@example.com,MALE
CUST04280,Yasti Garg,52.0,+912339694130,bangalore,Gujarat,Vi,Post-paid,799.0,69,11/19/2020,2026-07-21,1,N,pradhanfarhan@example.net,male
CUST04281,Ishaan Patla,40.0,,Lucknow,Madhya Pradesh,Airtel,postpaid,1199.0,49,20220712,2026-06-24,2,N,detimothy@example.net,FEMALE
CUST04282,Ekapad Gulati,40.0,,surat,Nagaland,Vi,Post-paid,399.0,41,09 Mar 2023,17-07-2026,1,n,,
CUST04283,Warinder Raghavan,25.0,+91 80772 50459,nagpur,Chhattisgarh,Airtel,Postpaid,699.0,35,2023-09-05,20260707,1,0,arjunramesh@example.net,M
CUST04284,Banjeet Krish,22.0,+910621126509,mumbai,Madhya Pradesh,BSNL,,719.0,24,2024-07-31,07/05/2026,3,0,hsrivastava@example.net,FEMALE
CUST04285,Indira Tak,18.0,00891318373,Ahmedabad,Jharkhand,BSNL,,399.0,20,28 Nov 2024,01-06-2026,2,n,manthan36@example.net,FEMALE
CUST04286,Nihal Konda,22.0,7474237796,surat,Uttar Pradesh,Airtel,Prepaid,599.0,78,02/23/2020,11/07/2026,0,,,Male
CUST04287,Samarth Biswas,27.0,,bhopal,Meghalaya,BSNL,POSTPAID,999.0,31,01/03/2024,13 Jul 2026,1,N,,FEMALE
CUST04288,Devansh Kari,26.0,91-97615-74356,hyderabad,Mizoram,Airtel,PRE PAID,199.0,5,20260221,2026-06-01,2,,,male
CUST04289,Vivaan Barad,26.0,+91 29457 29275,INDORE,Bihar,Airtel,POSTPAID,1999.0,51,2022-05-13,07/10/2026,1,n,etakurian@example.org,female
CUST04290,Hemal Babu,40.0,,BHOPAL,Nagaland,Vi,Pre-paid,,40,2023-04-08,05/26/2026,5,0,sampathlakshit@example.net,male
CUST04291,David Shenoy,43.0,03418470663,ahmedabad,Karnataka,Vi,PREPAID,499.0,46,2022-10-10,07/13/2026,1,NO,harish13@example.com,M
CUST04292,JAIRAJ CHERIAN,24.0,06152998362,Ahmedabad,Bihar,BSNL,Pre-paid,499.0,73,2020-07-22,19/06/2026,3,Y,krishrao@example.net,male
CUST04293,Yadavi Sinha,,91-06029-01588,PATNA,Karnataka,Jio,PREPAID,199.0,41,03/09/2023,11 Jul 2026,1,,hritiksarraf@example.net,M
CUST04294,Zarna Shanker,59.0,91-33845-59058,JAIPUR,Gujarat,Airtel,PREPAID,149.0,45,11/09/2022,05-06-2026,3,Y,om75@example.net,male
CUST04295,Benjamin Bose,45.0,+916382611722,indore,Kerala,Vi,Post-paid,499.0,45,09/11/2022,16/06/2026,5,Y,soodlipika@example.net,M
CUST04296,Indali Bedi,65.0,91-37205-64759,New Delhi,Tripura,Jio,PREPAID,99.0,56,2021-12-14,06/25/2026,2,Y,ojasvikumar@example.net,
CUST04297,eta krishna,32.0,,Bombay,Manipur,Jio,PREPAID,,25,01 Jul 2024,19 Jul 2026,1,N,chauhanviraj@example.com,MALE
CUST04298,OSCAR PAREKH,45.0,+913588911758,New Delhi,Sikkim,Vi,postpaid,1999.0,12,26 Jul 2025,05/06/2026,5,,,female
CUST04299,Atharv Mahajan,45.0,91-15823-72713,LUCKNOW,West Bengal,BSNL,PREPAID,299.0,72,08/21/2020,07/11/2026,1,NO,ugole@example.org,M
CUST04300,Amaira Sachar,65.0,+91 19380 78364,bhopal,Kerala,BSNL,Prepaid,149.0,41,09 Mar 2023,07/11/2026,1,,routchristopher@example.com,Female
CUST04301,Yutika Bedi,39.0,+91 68202 18630,Hyderabad,Tripura,Jio,,149.0,75,20200523,15/07/2026,1,n,,FEMALE
CUST04302,Upadhriti Patla,33.0,8677297309,bhopal,Gujarat,BSNL,POSTPAID,399.0,64,18-04-2021,2026-07-15,1,,aarini95@example.net,male
CUST04303,Akshay Dhawan,39.0,04840586557,Surat,Kerala,Vi,Pre-paid,599.0,38,06/07/2023,20-07-2026,0,NO,jhalakdevan@example.net,Male
CUST04304,Radhika Khurana,47.0,91-89442-66425,Mumbai,Chhattisgarh,Vi,postpaid,699.0,21,29-10-2024,19 Jul 2026,1,0,jsachdev@example.org,male
CUST04305,Aashi Hans,60.0,+913863825826,JAIPUR,Tripura,Jio,POST PAID,999.0,80,25-12-2019,30 Jun 2026,2,NO,aadhyarastogi@example.net,female
CUST04306,Qushi Sane,54.0,+91 06849 21015,surat,Mizoram,Jio,POST PAID,699.0,15,27/04/2025,18 Jul 2026,1,NO,chavvibuch@example.com,Female
CUST04307,Samar Roy,47.0,,KOLKATA,Andhra Pradesh,BSNL,Postpaid,,71,09/20/2020,20260716,1,,,MALE
CUST04308,Samesh Warrior,44.0,7202265996,LUCKNOW,,BSNL,Pre-paid,499.0,11,25-08-2025,20260717,0,NO,nitarabedi@example.net,M
CUST04309,Omkaar Basu,48.0,91-57543-60406,patna,Telangana,Airtel,postpaid,999.0,18,2025-01-27,12/07/2026,0,NO,dubeymugdha@example.com,female
CUST04310,Balhaar Ganesh,28.0,+91 36078 43344,Chennai,Meghalaya,Airtel,POST PAID,799.0,19,20241228,2026-06-26,5,0,dsaran@example.com,MALE
CUST04311,Ranbir Desai,22.0,4951042089,Calcutta,Gujarat,BSNL,POST PAID,499.0,14,27 May 2025,20260714,1,,subramanianarjun@example.net,female
CUST04312,Eesha Dash,62.0,+91 79972 38219,JAIPUR,Odisha,Vi,Pre-paid,299.0,14,20250527,07/17/2026,0,n,jhalakbalan@example.com,Female
CUST04313,Udyati Seshadri,21.0,,Calcutta,Maharashtra,Vi,PRE PAID,399.0,35,2023-09-05,31-05-2026,3,,aadhya48@example.com,Female
CUST04314,Dakshesh Khurana,24.0,,Ahmedabad,Mizoram,Vi,POSTPAID,699.0,9,24/10/2025,2026-07-09,1,n,aryangupta@example.net,female
CUST04315,Vasudha Batra,,+918044046913,PATNA,Meghalaya,Vi,PREPAID,719.0,37,07-07-2023,18 Jul 2026,1,n,,FEMALE
CUST04316,Darika Chanda,57.0,07054736530,indore,Nagaland,Jio,POST PAID,499.0,83,26-09-2019,20260709,0,N,gaurav54@example.net,MALE
CUST04317,SARA VENKATARAMAN,39.0,08566146994,pune,Tamil Nadu,Airtel,Postpaid,1199.0,76,23-04-2020,20260706,3,0,handazansi@example.com,MALE
CUST04318,Lopa Ranganathan,41.0,0084688886,Kolkata,Bihar,Airtel,Postpaid,1199.0,68,2020-12-19,2026-07-16,1,n,varmafariq@example.org,Female
CUST04319,janani walia,37.0,+913303198376,jaipur,Assam,Vi,prepaid,839.0,5,02/21/2026,10-07-2026,1,0,jsarma@example.org,female
CUST04320,Zarna Yohannan,57.0,+912350138039,CHENNAI,Arunachal Pradesh,Vi,Pre-paid,719.0,41,09 Mar 2023,15 Jul 2026,0,N,wridesh24@example.net,Female
CUST04321,Reva Gara,65.0,02670755010,surat,West Bengal,Jio,PREPAID,399.0,36,,20260717,0,0,rbakshi@example.net,Female
CUST04322,PRISHA DEVI,26.0,+915438655075,LUCKNOW,Tripura,BSNL,postpaid,399.0,82,26-10-2019,19 Jul 2026,1,N,echanda@example.net,Female
CUST04323,Krisha Dixit,48.0,2412530496,Ahmedabad,West Bengal,Jio,Postpaid,399.0,2,20260522,07/08/2026,1,0,balendra85@example.net,male
CUST04324,Girik Saha,65.0,91-92975-37613,Nagpur,Uttar Pradesh,Airtel,Pre-paid,99.0,3,04/22/2026,2026-07-08,0,,lnagy@example.com,M
CUST04325,Urmi Khanna,43.0,+91 66250 78622,Bombay,,Vi,Post-paid,1999.0,6,01/22/2026,15/07/2026,0,n,,MALE
CUST04326,Dakshesh Dasgupta,63.0,+914395571201,Delhi,Arunachal Pradesh,Vi,Post-paid,1199.0,67,18/01/2021,2026-07-21,0,N,eshanagade@example.com,MALE
CUST04327,Hardik Buch,44.0,91-56862-15355,indore,Assam,Vi,PRE PAID,,38,07/06/2023,20/07/2026,0,N,lipikakapur@example.org,Female
CUST04328,Balendra Pandit,57.0,,PUNE,Tamil Nadu,Vi,PRE PAID,999.0,30,02-02-2024,18 Jul 2026,1,NO,riyatripathi@example.net,male
CUST04329,Ekalinga Pai,27.0,01385920438,New Delhi,,Vi,Post-paid,499.0,51,13 May 2022,16 Jul 2026,1,,pallavi78@example.org,F
CUST04330,BHAVNA NADKARNI,28.0,,Ahmedabad,Maharashtra,Vi,POSTPAID,699.0,26,01-06-2024,07/18/2026,1,NO,rsingh@example.org,
CUST04331,Dhruv Prakash,43.0,91-71934-00292,indore,Jharkhand,Airtel,prepaid,99.0,50,12/06/2022,20260717,0,0,madanshivansh@example.net,Female
CUST04332,Jatin Ramesh,23.0,91-89925-93087,bhopal,Gujarat,BSNL,POSTPAID,1499.0,9,10/24/2025,10-07-2026,1,n,sarmaudarsh@example.com,F
CUST04333,LABAN GUPTA,48.0,+915028219105,Madras,Meghalaya,Airtel,Pre-paid,999.0,7,23-12-2025,2026-07-14,1,n,ojasvi58@example.net,Male
CUST04334,Jatin Chandra,38.0,9206245809,hyderabad,Maharashtra,BSNL,,719.0,55,13/01/2022,20-07-2026,0,n,lsane@example.net,MALE
CUST04335,Kamya Shah,42.0,+917881276443,KOLKATA,Sikkim,Airtel,Prepaid,149.0,48,11 Aug 2022,,1,,januja76@example.com,MALE
CUST04336,Sara Gill,56.0,2743871793,Pune,Kerala,Vi,POSTPAID,399.0,52,13-04-2022,2026-06-04,5,Y,aryavarsha@example.net,female
CUST04337,Unnati Soni,32.0,+91 49822 83594,MUM,Tripura,Airtel,Postpaid,999.0,59,20210915,20 Jul 2026,1,N,geetikakrishnan@example.net,MALE
CUST04338,Jacob Mohanty,29.0,+912753487266,lucknow,Tripura,BSNL,Pre-paid,99.0,17,20250226,,0,,vartypratyush@example.org,F
CUST04339,sudiksha kapadia,54.0,7882021044,mumbai,Goa,Jio,Pre-paid,999.0,8,23-11-2025,2026-07-08,0,0,anandanya@example.com,male
CUST04340,Aarnav Gupta,,09886586326,indore,Tripura,BSNL,Pre-paid,299.0,83,26/09/2019,05-06-2026,4,,amol94@example.com,female
CUST04341,Rudra Bhandari,59.0,,BENGALURU,Maharashtra,Jio,Postpaid,699.0,80,25-12-2019,2026-07-20,0,n,,Female
CUST04342,Imaran Bhatnagar,30.0,06763352250,HYDERABAD,Himachal Pradesh,BSNL,POST PAID,699.0,49,20220712,16/07/2026,0,n,tlalla@example.net,FEMALE
CUST04343,Damyanti Contractor,30.0,6576921725,bhopal,Tamil Nadu,Jio,prepaid,,37,07/07/2023,07/16/2026,1,NO,ygola@example.net,
CUST04344,Ekbal Parekh,41.0,+919561130259,surat,Bihar,BSNL,postpaid,1999.0,2,20260522,2026-07-19,1,NO,,F
CUST04345,nicholas trivedi,32.0,,Poona,Manipur,BSNL,Postpaid,799.0,57,11/14/2021,14/07/2026,1,NO,pdani@example.org,F
CUST04346,Yuvraj Raval,31.0,03362691585,bhopal,Karnataka,Vi,POST PAID,699.0,82,20191026,2026-05-24,3,Y,hchhabra@example.com,F
CUST04347,matthew ganesh,47.0,01255120499,PUNE,Chhattisgarh,Airtel,PREPAID,599.0,35,09/05/2023,2026-07-18,1,,rudraborah@example.org,M
CUST04348,WRIDESH MAJUMDAR,28.0,+91 18633 91238,bangalore,Uttar Pradesh,Vi,,399.0,19,,2026-06-01,3,NO,warinder68@example.com,
CUST04349,Victor Mutti,48.0,,PATNA,Jharkhand,Vi,Prepaid,599.0,79,01/24/2020,2026-07-21,0,n,jagrati44@example.org,M
CUST04350,Aditya Loyal,65.0,+916345955872,Lucknow,Karnataka,Vi,POSTPAID,499.0,38,07-06-2023,06/25/2026,3,NO,gbabu@example.org,MALE
CUST04351,Ojasvi Dash,43.0,7558459839,Hyd,Assam,Jio,POSTPAID,699.0,49,12 Jul 2022,2026-07-21,0,n,,Female
CUST04352,Frederick Yogi,45.0,,Poona,Mizoram,Airtel,Postpaid,399.0,28,,08/07/2026,1,N,simon62@example.org,male
CUST04353,Gopal Palla,60.0,03351708654,bangalore,Arunachal Pradesh,Vi,postpaid,1499.0,36,06-08-2023,27 May 2026,3,n,caleb38@example.net,FEMALE
CUST04354,Vansha Sachar,46.0,01500904425,KOLKATA,Rajasthan,Airtel,prepaid,149.0,20,28 Nov 2024,28/05/2026,2,Y,karan95@example.net,F
CUST04355,SARTHAK PATLA,21.0,5216050551,Bengaluru,,BSNL,Postpaid,1499.0,18,27/01/2025,21/07/2026,1,N,wsama@example.org,MALE
CUST04356,Sai Krishnamurthy,50.0,91-70299-39791,BLR,West Bengal,Airtel,PRE PAID,719.0,53,2022-03-14,07/02/2026,4,0,aahuja@example.com,FEMALE
CUST04357,ikshita viswanathan,24.0,91-29266-73939,BENGALURU,Uttar Pradesh,Jio,PRE PAID,999.0,50,2022-06-12,07/20/2026,1,0,qbhatnagar@example.org,male
CUST04358,Amaira Lall,,91-13619-06573,patna,Jharkhand,Airtel,Postpaid,799.0,33,04/11/2023,27/05/2026,4,Y,indalirajan@example.com,Female
CUST04359,Gaurav Sani,50.0,3826816066,Amdavad,Odisha,Vi,PRE PAID,839.0,12,26 Jul 2025,20260720,1,N,subramaniameesha@example.com,F
CUST04360,Bhavya Krishna,43.0,05539738460,HYDERABAD,Meghalaya,Airtel,Pre-paid,299.0,8,20251123,20260523,4,N,wiyer@example.com,FEMALE
CUST04361,Eta Barman,63.0,,patna,Odisha,Vi,POSTPAID,799.0,76,23 Apr 2020,08/07/2026,0,NO,kmittal@example.com,MALE
CUST04362,Vedika Munshi,25.0,4093030606,NAGPUR,Gujarat,Airtel,Prepaid,839.0,69,11/19/2020,2026-05-27,3,,manngaurang@example.org,
CUST04363,Benjamin Ahuja,24.0,00385289316,Lucknow,Mizoram,Airtel,Postpaid,399.0,27,05/02/2024,06 Jun 2026,5,0,wakeeta33@example.org,F
CUST04364,Jalsa Pillay,,+916535881856,Patna,Andhra Pradesh,Airtel,POST PAID,499.0,29,2024-03-03,08-07-2026,1,NO,prakashchaitaly@example.org,female
CUST04365,Anvi Mutti,48.0,+911757415909,Bhopal,Maharashtra,Jio,POST PAID,999.0,79,2020-01-24,14 Jul 2026,1,n,lwason@example.net,MALE
CUST04366,Nitesh Som,46.0,91-70912-36358,DELHI,Andhra Pradesh,Airtel,postpaid,699.0,11,20250825,07/16/2026,0,N,merchantadvaith@example.com,male
CUST04367,Isaiah Lal,63.0,+911037938492,Poona,Chhattisgarh,BSNL,Postpaid,999.0,84,2019-08-27,19 Jul 2026,0,N,sbajaj@example.org,MALE
CUST04368,Bhavini Palla,26.0,+916547496578,lucknow,Karnataka,Vi,PRE PAID,719.0,69,20201119,29-06-2026,4,n,ishita74@example.net,Female
CUST04369,Sanya Goswami,18.0,03863006512,PUNE,Maharashtra,Airtel,prepaid,839.0,47,10/09/2022,21-07-2026,0,,dubefarhan@example.net,
CUST04370,Samesh Baral,43.0,,Calcutta,Haryana,Airtel,prepaid,719.0,14,27 May 2025,20-07-2026,0,,hansojas@example.org,
CUST04371,Yadavi Bora,34.0,,CHENNAI,Karnataka,Vi,POST PAID,999.0,48,08/11/2022,15/07/2026,0,NO,ekansh60@example.com,FEMALE
CUST04372,ikshita mitra,22.0,,kolkata,Haryana,Jio,prepaid,99.0,71,09/20/2020,12-07-2026,1,n,qkala@example.net,FEMALE
CUST04373,UPASNA GUHA,47.0,+914403308392,Surat,Jharkhand,BSNL,Prepaid,499.0,60,16-08-2021,23/06/2026,3,N,odutt@example.net,F
CUST04374,Champak Narang,56.0,7470800514,patna,Rajasthan,Airtel,postpaid,,71,,12 Jul 2026,1,0,bpau@example.org,F
CUST04375,SUHANI SETHI,54.0,,MUMBAI,Rajasthan,Airtel,,499.0,9,10/24/2025,,3,Y,cahluwalia@example.net,male
CUST04376,Baghyawati Ganguly,42.0,91-33931-20897,Bangalore,Nagaland,Jio,Pre-paid,299.0,5,20260221,05/24/2026,5,Y,aggarwalwarhi@example.com,female
CUST04377,warda mandal,56.0,+912955972917,Surat,Tamil Nadu,Airtel,Postpaid,499.0,41,09-03-2023,20260714,1,N,chaitalysom@example.com,
CUST04378,Ishanvi Ramakrishnan,24.0,+91 47131 68752,lucknow,Odisha,BSNL,Post-paid,699.0,51,13-05-2022,20260712,1,N,tandonaashi@example.com,Male
CUST04379,Ishita Rai,37.0,07878486095,chennai,Assam,Airtel,Pre-paid,719.0,47,10/09/2022,07/09/2026,0,NO,bakhshi10@example.net,Male
CUST04380,Vamakshi Dey,26.0,91-14451-14048,indore,Haryana,BSNL,POST PAID,399.0,43,08-01-2023,2026-07-13,0,,bsidhu@example.com,
CUST04381,Harshil Aggarwal,19.0,91-52767-01769,Hyderabad,Telangana,Airtel,POSTPAID,1199.0,44,09 Dec 2022,20260713,0,NO,vinaya20@example.org,Male
CUST04382,MADHAV KHANNA,34.0,,CHENNAI,Karnataka,BSNL,Post-paid,1999.0,46,10 Oct 2022,15-07-2026,1,0,tvaidya@example.com,M
CUST04383,Radha Mahal,54.0,00193338180,INDORE,Meghalaya,Airtel,POST PAID,399.0,35,05 Sep 2023,2026-07-20,0,0,fradomukherjee@example.net,
CUST04384,Girish Bhasin,37.0,+911665643376,PATNA,Rajasthan,BSNL,Pre-paid,299.0,82,26-10-2019,2026-06-19,5,,dugarunnati@example.net,
CUST04385,Yashvi Pillai,19.0,06440078094,patna,Punjab,BSNL,POSTPAID,1199.0,23,2024-08-30,2026-07-19,1,n,raaginiwadhwa@example.net,female
CUST04386,Viraj Bains,33.0,91-47672-29773,Ahmedabad,Tamil Nadu,Airtel,POST PAID,1499.0,32,2023-12-04,2026-07-13,1,N,kkar@example.org,FEMALE
CUST04387,Advaith Muni,27.0,91-99370-42689,New Delhi,Uttar Pradesh,Jio,POST PAID,999.0,24,20240731,12-07-2026,0,n,gabrielsant@example.org,M
CUST04388,WRIDESH RAJA,34.0,91-01092-74179,delhi,Telangana,BSNL,PREPAID,99.0,17,02/26/2025,2026-07-11,1,N,eiravatigoswami@example.org,
CUST04389,bhanumati kulkarni,49.0,91-83885-21587,nagpur,Haryana,BSNL,Post-paid,399.0,78,,06/26/2026,2,Y,pdhar@example.org,male
CUST04390,Victor Raj,57.0,2000526647,Hyd,Haryana,Airtel,PREPAID,499.0,51,13-05-2022,20260712,0,,htiwari@example.net,female
CUST04391,shivani ganesan,53.0,91-25878-26675,Poona,Gujarat,Airtel,prepaid,99.0,31,03-01-2024,11-07-2026,0,n,kevin80@example.com,male
CUST04392,Caleb Lala,25.0,09138674716,Lucknow,Jharkhand,BSNL,PRE PAID,,75,2020-05-23,31-05-2026,2,Y,,female
CUST04393,Vidhi Dasgupta,,91-71385-20477,Calcutta,Manipur,Jio,postpaid,1999.0,53,14 Mar 2022,13/07/2026,0,N,karanray@example.net,male
CUST04394,Forum Rajagopal,34.0,+918604239899,kolkata,Andhra Pradesh,Jio,postpaid,1199.0,78,23-02-2020,20260720,0,NO,manyasaran@example.net,female
CUST04395,Jeevika Gara,47.0,+916745999027,Poona,Andhra Pradesh,Vi,postpaid,999.0,29,03-03-2024,13/06/2026,4,Y,jairaj89@example.org,Female
CUST04396,Geetika Saran,38.0,+910761779680,Patna,Nagaland,BSNL,Postpaid,1199.0,12,07/26/2025,20 Jul 2026,0,n,vedhikawadhwa@example.net,
CUST04397,Urvashi Baral,18.0,+915815560079,PUNE,Uttar Pradesh,Jio,POST PAID,1499.0,39,08 May 2023,07/12/2026,1,n,kalekrisha@example.org,
CUST04398,Mitesh Sharaf,30.0,+91 28082 14168,,Karnataka,Airtel,POST PAID,799.0,25,07/01/2024,07/07/2026,0,0,leelasinghal@example.com,Male
CUST04399,HEMAL ARORA,46.0,+91 13910 13424,BHOPAL,Uttar Pradesh,Vi,PREPAID,149.0,28,02 Apr 2024,20-07-2026,0,N,caleb26@example.net,Male
CUST04400,Bishakha Chander,41.0,07948969930,CHENNAI,Arunachal Pradesh,BSNL,Postpaid,399.0,80,25 Dec 2019,,0,n,nishadhar@example.org,male
CUST04401,Faris Konda,55.0,91-73674-36651,Poona,Odisha,Airtel,Post-paid,499.0,1,21-06-2026,09/07/2026,1,,owensrinivas@example.org,male
CUST04402,BALHAAR BALI,50.0,,Hyderabad,Madhya Pradesh,Jio,postpaid,799.0,13,2025-06-26,14 Jul 2026,0,0,manbirsrinivasan@example.net,M
CUST04403,Amruta Rajan,61.0,+916787229774,Madras,Telangana,Airtel,Prepaid,719.0,25,01/07/2024,18 Jul 2026,1,NO,bbrar@example.net,
CUST04404,Omaja Mital,59.0,,AHMEDABAD,Assam,Airtel,PREPAID,999.0,4,23-03-2026,12/07/2026,1,N,urattan@example.org,Female
CUST04405,Advik Master,35.0,+914382452507,surat,Telangana,Vi,PRE PAID,719.0,72,21 Aug 2020,20260711,0,,chaitalymangat@example.org,Male
CUST04406,Ijaya Badal,44.0,91-59591-84085,,Goa,Vi,postpaid,1999.0,18,27 Jan 2025,15/07/2026,0,N,pmadan@example.net,Female
CUST04407,Henry Kalita,20.0,+918662717786,Indore,Haryana,Airtel,Post-paid,799.0,40,08-04-2023,20260607,4,,edwinkrisha@example.org,FEMALE
CUST04408,Luke Naidu,35.0,+91 42483 51815,LUCKNOW,Andhra Pradesh,BSNL,prepaid,149.0,55,13/01/2022,07/15/2026,0,NO,avi82@example.org,MALE
CUST04409,GAURIKA SARIN,58.0,,Kolkata,Uttarakhand,Airtel,Postpaid,999.0,9,24-10-2025,18-07-2026,1,N,etaupadhyay@example.net,M
CUST04410,Anusha Kala,44.0,91-06753-54620,Hyd,Kerala,Jio,PRE PAID,199.0,45,2022-11-09,07/19/2026,0,NO,gmann@example.org,MALE
CUST04411,Yashodhara Cheema,27.0,91-05632-54293,lucknow,Madhya Pradesh,BSNL,postpaid,999.0,53,14/03/2022,20260708,0,N,mohammedprasad@example.org,
CUST04412,Hema Ahluwalia,60.0,6612120967,Hyd,Andhra Pradesh,BSNL,POSTPAID,699.0,27,02 May 2024,20260719,1,N,lkuruvilla@example.com,FEMALE
CUST04413,Nathan Konda,65.0,,lucknow,West Bengal,BSNL,postpaid,1999.0,35,2023-09-05,20260707,0,,chandrudra@example.org,MALE
CUST04414,Chatura Kuruvilla,52.0,9454298658,nagpur,Sikkim,Jio,POST PAID,699.0,60,16 Aug 2021,08-07-2026,0,,poojakumar@example.org,FEMALE
CUST04415,Isaac Garg,58.0,+91 38535 00544,PUNE,Himachal Pradesh,Vi,Postpaid,499.0,68,12/19/2020,20260708,1,N,hborah@example.org,MALE
CUST04416,janani wason,61.0,+911478322881,Madras,Nagaland,Jio,Prepaid,99.0,45,09/11/2022,06/02/2026,5,N,snehajhaveri@example.net,
CUST04417,nandini prakash,19.0,91-58488-47796,LUCKNOW,Andhra Pradesh,Vi,PREPAID,719.0,30,02 Feb 2024,08 Jun 2026,2,N,ddar@example.com,F
CUST04418,Victor Sant,60.0,8476079983,indore,Nagaland,Vi,prepaid,599.0,38,06/07/2023,27/06/2026,3,Y,shankeryashica@example.com,MALE
CUST04419,Udarsh Brahmbhatt,34.0,9117823840,Bhopal,Telangana,Vi,PRE PAID,149.0,2,22-05-2026,2026-07-03,4,NO,ethanpalla@example.org,F
CUST04420,Shivani Dhaliwal,37.0,07843206700,Kolkata,,BSNL,Prepaid,999.0,27,05/02/2024,20260712,0,n,ahujajagat@example.net,
CUST04421,Theodore Din,64.0,91-98368-92097,Indore,Punjab,BSNL,Post-paid,799.0,41,09-03-2023,2026-06-12,5,N,kluthra@example.com,Female
CUST04422,Keya Barman,25.0,+91 03209 44678,chennai,Rajasthan,Vi,Postpaid,799.0,57,14/11/2021,19-07-2026,1,n,rehaannigam@example.com,F
CUST04423,ABHA SARRAF,30.0,+918363060415,Pune,Haryana,Jio,postpaid,1499.0,42,2023-02-07,20260708,0,0,yashvi33@example.net,F
CUST04424,Ekta Nadkarni,,06673822530,lucknow,Andhra Pradesh,Jio,PRE PAID,99.0,50,12-06-2022,08 Jul 2026,0,0,megha23@example.net,male
CUST04425,Ishani Keer,45.0,91-11180-30580,Amdavad,Tripura,BSNL,,149.0,32,20231204,11/07/2026,1,N,radhakrishnanyachana@example.org,MALE
CUST04426,Christopher Subramanian,32.0,7716437513,Jaipur,Sikkim,Vi,PREPAID,999.0,43,08 Jan 2023,20260604,4,Y,yoshitamital@example.net,male
CUST04427,Aarnav Dugal,31.0,08250406584,Indore,Meghalaya,Vi,Post-paid,,22,29/09/2024,20260528,2,NO,ravalvihaan@example.com,Female
CUST04428,Lavanya Pradhan,49.0,91-42496-32336,chennai,Goa,Airtel,Prepaid,99.0,3,22-04-2026,19/07/2026,1,0,chawlavivaan@example.org,Male
CUST04429,Warda Arora,58.0,+912669248182,Jaipur,,BSNL,Postpaid,1199.0,76,23-04-2020,07/19/2026,1,NO,,
CUST04430,EIRAVATI RADHAKRISHNAN,64.0,+91 12590 82810,patna,Meghalaya,Airtel,Prepaid,719.0,29,2024-03-03,,0,,badamirishi@example.com,FEMALE
CUST04431,LIBNI SETTY,18.0,91-71507-43281,Jaipur,Uttar Pradesh,BSNL,PRE PAID,,30,02/02/2024,19-07-2026,0,N,rishikala@example.org,female
CUST04432,gaurang sem,46.0,91-66337-52124,Bangalore,Manipur,Airtel,PRE PAID,719.0,56,14/12/2021,20 Jul 2026,0,0,xitianand@example.net,
CUST04433,GAURANG NADKARNI,37.0,+91 07830 96263,HYDERABAD,Madhya Pradesh,Airtel,POSTPAID,1499.0,70,2020-10-20,20260601,5,n,victor50@example.org,M
CUST04434,Tanvi Gokhale,32.0,03914914370,Patna,Manipur,Vi,PRE PAID,149.0,10,09/24/2025,2026-07-20,1,NO,llad@example.com,M
CUST04435,Leena Issac,55.0,7314473609,hyderabad,Madhya Pradesh,Airtel,PRE PAID,199.0,19,28-12-2024,20260711,1,N,,M
CUST04436,Mekhala Luthra,55.0,3185512114,AHMEDABAD,Goa,Vi,Postpaid,1499.0,31,03-01-2024,13-07-2026,0,0,sanayamohan@example.com,Male
CUST04437,Tanmayi Mand,55.0,91-33592-99793,jaipur,Mizoram,Vi,Prepaid,839.0,22,09/29/2024,20260711,1,,,
CUST04438,Kritika Lal,35.0,03178020938,SURAT,Madhya Pradesh,BSNL,POST PAID,999.0,6,22-01-2026,07/17/2026,0,,krishna61@example.org,female
CUST04439,Yagnesh Lala,26.0,+913083164094,PUNE,Telangana,Jio,postpaid,699.0,58,20211015,07 Jul 2026,1,NO,,Female
CUST04440,Vasatika Rajan,36.0,+917945733201,Calcutta,Arunachal Pradesh,Vi,Pre-paid,599.0,45,2022-11-09,20-07-2026,1,N,boradominic@example.net,
CUST04441,lopa jani,20.0,1702731465,ahmedabad,Andhra Pradesh,Jio,PRE PAID,499.0,29,2024-03-03,07/13/2026,1,0,aborde@example.com,Female
CUST04442,Chaitaly Kata,47.0,+915301612351,lucknow,Punjab,Vi,POSTPAID,499.0,51,13-05-2022,12 Jul 2026,0,N,dmutti@example.net,
CUST04443,Pavani Wason,22.0,08348849030,JAIPUR,Bihar,Airtel,Postpaid,799.0,22,09/29/2024,2026-07-12,0,,ranveermall@example.org,female
CUST04444,bhavini peri,50.0,,MUMBAI,Arunachal Pradesh,Vi,POSTPAID,1199.0,37,,17 Jul 2026,1,,lrattan@example.org,F
CUST04445,Vihaan Ramanathan,39.0,,Bengaluru,Madhya Pradesh,Vi,postpaid,1499.0,45,20221109,20260712,0,,charita31@example.org,female
CUST04446,Abhiram Sharma,25.0,06922154578,AHMEDABAD,,Vi,postpaid,1999.0,33,2023-11-04,06 Jun 2026,4,N,nakshchaudhuri@example.org,F
CUST04447,Zinal Dash,49.0,02301737531,INDORE,Haryana,Vi,POSTPAID,499.0,17,26 Feb 2025,20260719,0,0,janaki21@example.com,FEMALE
CUST04448,Alka Savant,62.0,91-36376-67356,ahmedabad,Meghalaya,Vi,Pre-paid,599.0,21,10/29/2024,09/07/2026,0,0,zashilparsa@example.com,female
CUST04449,Avi Om,64.0,8715451650,nagpur,West Bengal,Vi,,599.0,4,23/03/2026,10/07/2026,1,0,jackson50@example.net,FEMALE
CUST04450,Ishanvi Boase,30.0,91-07275-65227,Calcutta,Karnataka,Vi,,199.0,55,20220113,16/07/2026,1,NO,mbrar@example.net,
CUST04451,jeevika bhatia,27.0,6079262067,Patna,,Jio,POSTPAID,1999.0,67,20210118,11-07-2026,1,,harshagate@example.org,F
CUST04452,Tanvi Biswas,30.0,91-76073-70685,PUNE,Sikkim,BSNL,Pre-paid,199.0,75,05/23/2020,2026-07-13,1,N,janujaprabhakar@example.com,F
CUST04453,Vihaan Dugar,31.0,+91 34010 73019,NAGPUR,Manipur,Airtel,Pre-paid,999.0,52,2022-04-13,20260715,1,N,daniijaya@example.net,female
CUST04454,Rohan Sundaram,38.0,+916805065707,Jaipur,Chhattisgarh,Vi,POSTPAID,1999.0,39,2023-05-08,20260702,5,Y,,female
CUST04455,ria borra,18.0,,patna,Assam,BSNL,Post-paid,1199.0,79,24 Jan 2020,22 May 2026,2,NO,tanish90@example.net,female
CUST04456,Gagan Goswami,52.0,+910322467788,surat,Meghalaya,Vi,PREPAID,999.0,51,2022-05-13,18 Jul 2026,0,NO,nitesh07@example.net,female
CUST04457,Gauri Loyal,60.0,4419678332,LUCKNOW,Uttar Pradesh,Airtel,POST PAID,999.0,18,27 Jan 2025,18 Jul 2026,1,0,janani10@example.com,Male
CUST04458,veda dhawan,28.0,08289441718,bhopal,Kerala,Airtel,Postpaid,999.0,3,22-04-2026,22/06/2026,2,,priya74@example.org,FEMALE
CUST04459,Chatresh Goswami,50.0,91-77062-23031,NAGPUR,Rajasthan,Airtel,PREPAID,999.0,11,20250825,2026-07-17,0,N,jairajbhavsar@example.net,Male
CUST04460,Urvi Suresh,34.0,91-00093-60965,jaipur,Himachal Pradesh,Jio,Postpaid,1999.0,39,08 May 2023,20260523,5,Y,,
CUST04461,Madhav Samra,50.0,91-69148-44540,surat,Arunachal Pradesh,Vi,postpaid,,4,2026-03-23,,0,NO,dsodhi@example.org,Male
CUST04462,Daniel Deo,64.0,+91 75563 33871,Surat,Telangana,Jio,POST PAID,399.0,9,24 Oct 2025,20260531,5,Y,esundaram@example.com,Male
CUST04463,Vasatika Buch,31.0,+91 18175 75308,PATNA,Himachal Pradesh,Jio,PRE PAID,839.0,3,04/22/2026,05-07-2026,5,0,rayaanbir@example.net,FEMALE
CUST04464,Upadhriti Gara,,+912261213341,Poona,Mizoram,Airtel,PRE PAID,199.0,36,06-08-2023,20260710,1,n,zaitracherian@example.net,MALE
CUST04465,Ayaan Savant,35.0,+91 39044 12307,mumbai,Mizoram,Jio,POSTPAID,1499.0,23,30 Aug 2024,30-06-2026,3,0,alkarana@example.net,M
CUST04466,Raksha Yadav,29.0,1233709744,indore,Andhra Pradesh,Vi,Post-paid,1199.0,55,2022-01-13,15-07-2026,0,0,orajagopal@example.net,female
CUST04467,Ojasvi Bassi,41.0,+911505733807,patna,Kerala,Jio,PRE PAID,299.0,58,10/15/2021,17 Jul 2026,1,0,nkohli@example.org,Female
CUST04468,Amaira Jani,21.0,+911036210365,surat,,Vi,,999.0,75,23-05-2020,07/13/2026,1,0,chatreshchatterjee@example.org,Female
CUST04469,Vansha Dewan,29.0,+91 49939 71267,NCR,Uttarakhand,Airtel,Pre-paid,199.0,34,05-10-2023,20-07-2026,1,n,wkapadia@example.com,Female
CUST04470,Bhavini Patla,50.0,+91 34213 33751,surat,Assam,Jio,,399.0,60,2021-08-16,14/07/2026,1,N,,F
CUST04471,Fitan Choudhury,47.0,+91 18212 14278,Jaipur,Andhra Pradesh,Airtel,Prepaid,149.0,57,11/14/2021,12 Jul 2026,1,NO,zansinagy@example.net,
CUST04472,Charles Chawla,50.0,5063502645,NCR,Sikkim,BSNL,POST PAID,399.0,57,14-11-2021,10/07/2026,0,,bradhakrishnan@example.org,
CUST04473,Chaaya Kibe,19.0,4096423927,Madras,Himachal Pradesh,Jio,POSTPAID,1199.0,44,12/09/2022,09-07-2026,0,n,zmani@example.com,female
CUST04474,Gayathri Dhar,42.0,,,Bihar,Airtel,,599.0,13,06/26/2025,2026-07-13,0,N,tarakibe@example.com,MALE
CUST04475,rachita prashad,62.0,3968286986,,Uttar Pradesh,Jio,Prepaid,839.0,61,07/17/2021,07/09/2026,1,NO,omkaarwarrior@example.org,M
CUST04476,Saanvi Koshy,47.0,91-29142-86364,LUCKNOW,Tamil Nadu,Vi,Postpaid,1199.0,73,07/22/2020,05/24/2026,2,Y,ramaswamyaishani@example.org,Male
CUST04477,Michael Garde,19.0,07225935554,KOLKATA,Arunachal Pradesh,Jio,Pre-paid,719.0,24,31-07-2024,2026-07-06,4,Y,ayaanmishra@example.org,M
CUST04478,Meghana Dhillon,64.0,+917828940604,kolkata,Karnataka,Airtel,PREPAID,719.0,47,10-09-2022,13 Jul 2026,1,0,shettyimaran@example.org,Male
CUST04479,harini dara,64.0,09442708021,DELHI,Manipur,Vi,POST PAID,799.0,2,2026-05-22,12 Jul 2026,1,NO,ckara@example.com,Female
CUST04480,Nidra Naik,32.0,,Jaipur,Goa,Airtel,POST PAID,1499.0,77,03/24/2020,2026-07-08,1,n,,Female
CUST04481,Upasna Dhingra,55.0,+91 22940 57488,surat,Jharkhand,Airtel,Prepaid,199.0,27,02 May 2024,2026-06-28,4,Y,bandimahika@example.net,
CUST04482,Barkha Bhavsar,64.0,+919145873495,lucknow,Bihar,Airtel,POSTPAID,1199.0,65,19-03-2021,07/21/2026,0,0,balirobert@example.net,M
CUST04483,Lakshmi Chand,,91-04862-02106,surat,Nagaland,Jio,Pre-paid,199.0,81,20191125,07/12/2026,1,N,yaminibarman@example.org,Male
CUST04484,gaurav tailor,62.0,7801834766,delhi,Uttarakhand,BSNL,Pre-paid,839.0,31,2024-01-03,07/07/2026,1,,nmistry@example.org,Female
CUST04485,Idika Chacko,54.0,+912587352089,Bangalore,Gujarat,Vi,,999.0,33,2023-11-04,09 Jul 2026,1,N,suraadvika@example.com,Female
CUST04486,Pushti Sachar,54.0,91-76374-53793,MUMBAI,Odisha,BSNL,POSTPAID,1499.0,50,06/12/2022,07/07/2026,0,,tdoctor@example.com,FEMALE
CUST04487,OLIVER KURIAN,48.0,+915093560033,AHMEDABAD,Chhattisgarh,Airtel,POST PAID,1499.0,36,08/06/2023,12 Jul 2026,1,n,rehaan09@example.com,MALE
CUST04488,Warhi Dar,51.0,91-93525-40402,KOLKATA,Madhya Pradesh,Jio,PREPAID,839.0,65,19/03/2021,2026-06-13,4,NO,vedika22@example.org,F
CUST04489,Priya Hora,63.0,91-29985-47234,Bengaluru,Andhra Pradesh,Airtel,POSTPAID,999.0,45,20221109,2026-07-18,1,0,varughesebalendra@example.net,FEMALE
CUST04490,ZASHIL RATTAN,59.0,,PUNE,Meghalaya,Airtel,Postpaid,399.0,8,11/23/2025,07/07/2026,1,0,rachit27@example.com,FEMALE
CUST04491,Patrick Bhasin,55.0,0181196782,Surat,Tamil Nadu,Airtel,PRE PAID,399.0,77,20200324,2026-07-16,0,N,patelpeter@example.com,male
CUST04492,ADWETA DYAL,18.0,91-45362-81226,Bhopal,Manipur,Jio,postpaid,499.0,48,11/08/2022,13 Jul 2026,1,NO,mkapoor@example.com,female
CUST04493,Fiyaz Wali,39.0,+913133812343,,West Bengal,Vi,Postpaid,1999.0,14,27-05-2025,2026-06-17,2,N,mugdha68@example.net,F
CUST04494,ANIKA KHANNA,25.0,+91 71827 02125,surat,Uttarakhand,BSNL,,499.0,18,27/01/2025,20 Jun 2026,2,Y,ramadevika@example.org,Female
CUST04495,Unni Thaker,36.0,+91 07754 84872,Lucknow,Haryana,Airtel,postpaid,399.0,41,09 Mar 2023,01/06/2026,3,,,F
CUST04496,Ayaan Tak,47.0,,JAIPUR,Himachal Pradesh,Airtel,PREPAID,999.0,66,,07/14/2026,0,NO,kandra@example.net,Male
CUST04497,Sarthak D’Alia,43.0,8553819117,bhopal,Himachal Pradesh,Vi,postpaid,699.0,72,21-08-2020,20260706,3,Y,varenya58@example.com,male
CUST04498,Dev Sunder,38.0,+91 27769 92807,Patna,Himachal Pradesh,Vi,Prepaid,839.0,37,07-07-2023,10 Jul 2026,1,0,kulkarniharinakshi@example.net,male
CUST04499,Charan Hayer,49.0,07608171211,JAIPUR,Odisha,Airtel,,199.0,9,24-10-2025,10 Jul 2026,1,N,qadimahuja@example.net,male
CUST04500,Geetika Mohan,64.0,+91 98473 26156,Poona,Haryana,Jio,POSTPAID,1499.0,23,08/30/2024,01 Jul 2026,2,Y,lohitsavant@example.com,male
CUST04501,Anya Hari,54.0,03499764914,nagpur,Chhattisgarh,BSNL,postpaid,1199.0,11,25/08/2025,14-07-2026,0,n,vpall@example.net,male
CUST04502,Vyanjana Lalla,54.0,+91 65862 24189,Bengaluru,Nagaland,Jio,Pre-paid,99.0,63,05/18/2021,11-07-2026,1,,sarrafranveer@example.com,F
CUST04503,Wriddhish Yogi,18.0,,NAGPUR,Uttar Pradesh,Airtel,POSTPAID,1499.0,15,2025-04-27,2026-07-17,0,NO,moredayita@example.com,male
CUST04504,CALEB SANGHA,62.0,91-24170-01373,patna,Andhra Pradesh,Vi,Postpaid,1499.0,25,01-07-2024,18 Jul 2026,0,0,nbuch@example.com,MALE
CUST04505,Saanvi Morar,43.0,3826447777,Ahmedabad,Jharkhand,Vi,postpaid,1199.0,49,20220712,06/16/2026,3,n,modythomas@example.net,FEMALE
CUST04506,Kevin Balasubramanian,55.0,,Delhi,Madhya Pradesh,BSNL,,839.0,32,04 Dec 2023,07/07/2026,0,n,frederick78@example.com,Female
CUST04507,Isaiah Trivedi,52.0,,Ahmedabad,Rajasthan,BSNL,POST PAID,699.0,26,01 Jun 2024,2026-07-12,0,NO,chavvirana@example.com,MALE
CUST04508,Tanmayi Shroff,57.0,+910304243388,bangalore,,Airtel,Postpaid,1499.0,4,03/23/2026,20260616,5,Y,chameliarya@example.org,M
CUST04509,Falak Dara,51.0,+91 15074 42017,Calcutta,Tamil Nadu,Airtel,PREPAID,149.0,83,09/26/2019,20260711,1,N,manefitan@example.net,Male
CUST04510,Chatresh Mann,38.0,+91 90303 55320,MUM,Assam,Airtel,PRE PAID,719.0,38,20230607,25/05/2026,5,0,ogill@example.net,FEMALE
CUST04511,Veda Aurora,29.0,04638062027,Bengaluru,Nagaland,BSNL,POSTPAID,399.0,3,04/22/2026,11/07/2026,1,,pathakmaanav@example.com,F
CUST04512,Udyati Pillay,35.0,,Patna,Gujarat,Vi,POSTPAID,1999.0,52,13/04/2022,2026-06-25,3,N,fbaria@example.net,MALE
CUST04513,Siya Deol,46.0,03349110045,Madras,Meghalaya,Vi,POSTPAID,699.0,42,20230207,07/06/2026,3,n,falakdua@example.net,Male
CUST04514,Pavani Deo,62.0,02924450519,Ahmedabad,,Vi,Prepaid,149.0,65,19-03-2021,06-06-2026,3,Y,fsarraf@example.com,Female
CUST04515,Anthony Tak,34.0,91-11924-37069,bangalore,Andhra Pradesh,Vi,POSTPAID,1199.0,33,04/11/2023,10-07-2026,1,,jasmitraja@example.org,Male
CUST04516,Lekha Rastogi,40.0,+910191821340,Bombay,,BSNL,Post-paid,1999.0,52,13/04/2022,20260625,5,NO,farhansabharwal@example.com,FEMALE
CUST04517,Vanya Varma,20.0,91-16069-22057,BENGALURU,Tamil Nadu,Jio,POSTPAID,699.0,63,18 May 2021,13/06/2026,5,Y,rkashyap@example.net,F
CUST04518,Zinal Sibal,41.0,6448178200,,Tamil Nadu,Vi,Postpaid,1199.0,77,24-03-2020,24 May 2026,3,N,ipatil@example.net,FEMALE
CUST04519,ridhi mukhopadhyay,57.0,0749263515,patna,Karnataka,Airtel,prepaid,149.0,64,04/18/2021,05/30/2026,2,Y,vrinda91@example.com,
CUST04520,Niharika Brahmbhatt,62.0,+916152093217,Poona,Odisha,Airtel,prepaid,199.0,43,20230108,24 May 2026,5,Y,krisha49@example.net,M
CUST04521,dayamai munshi,65.0,+910406751515,PATNA,Karnataka,Airtel,PREPAID,599.0,57,11/14/2021,07/07/2026,0,,adityaswamy@example.org,M
CUST04522,Lakshit Randhawa,64.0,+91 09672 18106,indore,Bihar,BSNL,POSTPAID,699.0,14,20250527,19 Jul 2026,0,n,eiravati57@example.org,Female
CUST04523,Sanaya Khosla,65.0,+912993800915,nagpur,Maharashtra,BSNL,Post-paid,799.0,62,17 Jun 2021,20260719,0,N,omyazacharia@example.com,M
CUST04524,Bakhshi Dhar,65.0,,MUMBAI,Punjab,Airtel,prepaid,599.0,46,2022-10-10,20260713,1,,pavani73@example.com,male
CUST04525,Libni Mitter,49.0,91-83801-88848,Bengaluru,Arunachal Pradesh,Airtel,POST PAID,799.0,44,2022-12-09,03/07/2026,3,Y,agarwalaahana@example.org,MALE
CUST04526,Gavin Chana,48.0,+913427225890,Patna,Haryana,BSNL,PREPAID,999.0,36,06-08-2023,20260712,1,,rajatasaxena@example.org,F
CUST04527,Yug Sampath,53.0,,Poona,Nagaland,Airtel,PREPAID,719.0,16,20250328,2026-06-03,4,,pkonda@example.net,Male
CUST04528,QUINCY GOPAL,30.0,+91 88004 42293,Amdavad,Tripura,Jio,POST PAID,699.0,74,22-06-2020,20260721,0,,,
CUST04529,Urmi Pandey,24.0,00858026032,LUCKNOW,Karnataka,BSNL,Pre-paid,,28,20240402,08-06-2026,2,N,joshua54@example.net,
CUST04530,Nathan Bawa,21.0,+91 26324 13774,CHENNAI,Tripura,Jio,PRE PAID,199.0,65,03/19/2021,2026-06-05,4,,wahab34@example.net,
CUST04531,Ladli Bhatnagar,35.0,4496280471,Bhopal,Mizoram,Airtel,prepaid,149.0,76,04/23/2020,07 Jul 2026,0,n,ranbir71@example.org,Female
CUST04532,gauri kata,63.0,+91 94374 64364,JAIPUR,Bihar,BSNL,prepaid,199.0,65,19-03-2021,2026-07-11,0,,zayanchoudhury@example.org,F
CUST04533,Manthan Dara,28.0,04838865979,Indore,,BSNL,Prepaid,299.0,13,06/26/2025,2026-07-15,1,,damini20@example.org,FEMALE
CUST04534,Lajita Jaggi,57.0,9746144853,indore,Gujarat,Vi,PRE PAID,999.0,40,08 Apr 2023,15 Jul 2026,0,N,praghavan@example.net,F
CUST04535,Udarsh Wali,30.0,,Hyderabad,Haryana,Airtel,Post-paid,,80,25 Dec 2019,07/16/2026,1,N,,MALE
CUST04536,Liam Dhar,,91-52239-35207,jaipur,Bihar,Vi,prepaid,299.0,68,19/12/2020,24-05-2026,5,Y,alexander75@example.org,female
CUST04537,Abhiram Bhatti,53.0,,Madras,Tripura,Vi,prepaid,149.0,14,27-05-2025,13-07-2026,0,n,esankar@example.net,FEMALE
CUST04538,Indrajit Dani,42.0,,BLR,Kerala,Airtel,PREPAID,149.0,16,20250328,07/15/2026,0,,aviraghavan@example.com,Male
CUST04539,Anya Arya,25.0,91-67539-57515,,Goa,BSNL,PREPAID,99.0,34,05-10-2023,06-07-2026,4,n,damyanti96@example.net,M
CUST04540,Zayyan Mander,64.0,1734312200,Jaipur,Jharkhand,BSNL,Pre-paid,599.0,5,20260221,2026-06-02,5,0,bhegde@example.net,MALE
CUST04541,raagini natt,29.0,6443307269,BHOPAL,Chhattisgarh,BSNL,POSTPAID,1199.0,60,16-08-2021,20-07-2026,1,n,bhargavahitesh@example.org,M
CUST04542,Hemal Ray,57.0,,BLR,Chhattisgarh,BSNL,PREPAID,399.0,66,02/17/2021,2026-07-12,0,N,prattan@example.com,MALE
CUST04543,Rohan Mitra,59.0,3136638108,delhi,Uttar Pradesh,Vi,Postpaid,999.0,78,23 Feb 2020,20260717,0,n,nirja38@example.org,
CUST04544,Vansha Mishra,54.0,+91 00564 02392,NCR,Tamil Nadu,Jio,POST PAID,1999.0,10,20250924,07/11/2026,0,,saneadvika@example.com,male
CUST04545,Sai Kakar,64.0,,BHOPAL,Kerala,BSNL,POST PAID,1199.0,43,20230108,20260622,2,Y,ranashivani@example.net,female
CUST04546,Krishna Andra,48.0,+91 15986 25830,LUCKNOW,Bihar,Airtel,prepaid,299.0,52,13/04/2022,13-07-2026,0,,,male
CUST04547,LEELA LUTHRA,51.0,+91 02582 57212,lucknow,Rajasthan,Vi,,599.0,33,2023-11-04,09 Jul 2026,0,0,,female
CUST04548,Falguni Pradhan,28.0,+919063659093,Mumbai,Telangana,Jio,POST PAID,1199.0,32,04 Dec 2023,,1,n,alexandersalvi@example.net,Male
CUST04549,Azad Konda,48.0,04940655832,CHENNAI,Sikkim,Jio,,299.0,69,11/19/2020,07 Jul 2026,1,,kmitter@example.com,Male
CUST04550,Ria Kalla,27.0,,MUMBAI,Madhya Pradesh,Jio,,399.0,62,2021-06-17,20260708,0,n,elijahlall@example.org,male
CUST04551,Geetika Agarwal,37.0,,Amdavad,Uttar Pradesh,Jio,Postpaid,999.0,67,18 Jan 2021,13-07-2026,1,0,aarushkapur@example.net,MALE
CUST04552,Ronith Pandit,35.0,+915252158054,Calcutta,Jharkhand,Jio,POSTPAID,499.0,56,20211214,18 Jul 2026,0,NO,,FEMALE
CUST04553,Om Das,41.0,+91 08088 85154,Indore,Chhattisgarh,BSNL,Post-paid,799.0,37,,11 Jul 2026,1,NO,upkaarseshadri@example.org,F
CUST04554,Lila Khurana,46.0,,mumbai,Gujarat,BSNL,POSTPAID,1199.0,28,02/04/2024,20260712,0,NO,chakrabortyxiti@example.net,FEMALE
CUST04555,Joshua Kashyap,28.0,+91 19769 44891,nagpur,Chhattisgarh,Jio,Pre-paid,149.0,12,26-07-2025,10-07-2026,0,N,varsha28@example.org,F
CUST04556,Chakrika Rout,49.0,06077646777,Mumbai,Assam,BSNL,Postpaid,399.0,54,12 Feb 2022,12/07/2026,0,NO,deokiaan@example.net,
CUST04557,Hiral Karpe,20.0,,Amdavad,Uttarakhand,BSNL,Postpaid,799.0,14,27/05/2025,20-07-2026,0,n,yuvraj60@example.com,Male
CUST04558,Netra Kothari,33.0,,nagpur,,BSNL,Post-paid,999.0,27,2024-05-02,2026-07-17,1,NO,hjayaraman@example.net,FEMALE
CUST04559,Siya Bassi,64.0,,PATNA,Jharkhand,Airtel,PRE PAID,719.0,68,19/12/2020,20260701,2,n,utkarshloyal@example.net,female
CUST04560,Mugdha Venkataraman,45.0,1098439328,Lucknow,Bihar,Jio,POSTPAID,799.0,65,19/03/2021,20260720,0,NO,misrajoshua@example.com,female
CUST04561,Harita Subramaniam,35.0,5081162759,Madras,Odisha,Airtel,PREPAID,99.0,24,31-07-2024,,1,N,ekaraj44@example.net,Female
CUST04562,Hredhaan Kaur,61.0,,Hyd,Assam,Airtel,POSTPAID,1499.0,69,19/11/2020,07/06/2026,4,0,hemang20@example.org,female
CUST04563,Raagini Agarwal,18.0,+91 45755 72229,,Jharkhand,Airtel,Post-paid,399.0,22,20240929,08-07-2026,0,,darika48@example.net,FEMALE
CUST04564,Dipta Majumdar,63.0,,mumbai,Telangana,BSNL,prepaid,299.0,21,29-10-2024,07/09/2026,0,,,FEMALE
CUST04565,Advaith Kunda,22.0,+91 71606 29008,indore,Nagaland,Airtel,,199.0,38,20230607,16-06-2026,3,NO,,MALE
CUST04566,Ansh Bedi,28.0,04429979582,Bangalore,,BSNL,,99.0,52,13 Apr 2022,14/07/2026,1,N,,Female
CUST04567,Banjeet Gokhale,64.0,91-50314-10983,hyderabad,West Bengal,BSNL,postpaid,1199.0,46,20221010,17-07-2026,0,n,,male
CUST04568,ekantika manne,58.0,91-16837-80800,Patna,Maharashtra,BSNL,Post-paid,1999.0,23,30/08/2024,2026-07-11,1,NO,anay68@example.net,Female
CUST04569,Samuel Chad,32.0,1421195637,Lucknow,Kerala,BSNL,POSTPAID,1999.0,82,2019-10-26,12/07/2026,0,n,harrison59@example.com,FEMALE
CUST04570,Kalpit Kamdar,40.0,91-97462-49995,Surat,Odisha,BSNL,PREPAID,839.0,77,2020-03-24,07/05/2026,4,NO,kakartara@example.net,female
CUST04571,Jyoti Maharaj,64.0,91-77322-80967,indore,Uttarakhand,Airtel,POST PAID,799.0,36,2023-08-06,20260708,1,N,rishi19@example.org,FEMALE
CUST04572,Arjun Seth,30.0,+911547249264,JAIPUR,Haryana,Airtel,Pre-paid,499.0,16,28 Mar 2025,05/23/2026,2,Y,nitesh71@example.com,female
CUST04573,Ekantika Khare,19.0,,PATNA,Odisha,Jio,,999.0,10,2025-09-24,2026-07-07,0,n,sakshambora@example.net,male
CUST04574,Anita More,53.0,09522512850,NAGPUR,West Bengal,BSNL,postpaid,,84,20190827,2026-07-14,0,NO,urishillaatwal@example.org,FEMALE
CUST04575,Falak Chokshi,32.0,06353190956,BHOPAL,Jharkhand,Vi,postpaid,499.0,25,01-07-2024,07/21/2026,1,N,ansh61@example.net,Male
CUST04576,Ronith Nath,26.0,91-98778-42253,Hyderabad,Odisha,BSNL,postpaid,799.0,27,05/02/2024,2026-07-13,1,,umody@example.org,
CUST04577,Varsha Kothari,55.0,2942321765,Hyd,Kerala,Vi,Postpaid,499.0,3,22/04/2026,06/08/2026,3,n,ksaran@example.com,female
CUST04578,Advaith Palla,37.0,+918297424035,Pune,Punjab,Vi,prepaid,599.0,41,03/09/2023,09-07-2026,1,0,fmukhopadhyay@example.org,M
CUST04579,Indrajit Virk,44.0,4772894155,hyderabad,Gujarat,Vi,PRE PAID,839.0,75,2020-05-23,07/18/2026,0,NO,tvenkataraman@example.net,female
CUST04580,Indali Datta,35.0,+91 54965 29888,Mumbai,Manipur,BSNL,PRE PAID,499.0,67,2021-01-18,,0,0,yadavi21@example.net,Male
CUST04581,Tara Thaker,19.0,91-04640-45799,Kolkata,Himachal Pradesh,BSNL,POSTPAID,1999.0,21,29-10-2024,2026-06-25,2,Y,choudhryisaiah@example.net,MALE
CUST04582,Yashvi Sen,48.0,2524738069,Patna,Rajasthan,BSNL,prepaid,399.0,12,20250726,2026-05-24,4,,rajata14@example.net,female
CUST04583,Gautami Dhillon,22.0,+916847715539,jaipur,Maharashtra,Airtel,PREPAID,599.0,81,25/11/2019,22/05/2026,5,n,aradhanadhillon@example.net,MALE
CUST04584,Zayan Zacharia,24.0,,Bhopal,Andhra Pradesh,Airtel,Prepaid,999.0,80,2019-12-25,14/07/2026,1,NO,giriktrivedi@example.net,FEMALE
CUST04585,Urmi Buch,21.0,+915131456775,PATNA,,Jio,Prepaid,299.0,18,20250127,18-06-2026,5,n,,M
CUST04586,Shivansh Memon,,5911142547,SURAT,Karnataka,Jio,Post-paid,1199.0,42,,2026-07-21,0,NO,ishaansarma@example.org,Male
CUST04587,Isha Om,32.0,6846934012,PATNA,Karnataka,Airtel,PRE PAID,999.0,50,20220612,2026-06-16,4,Y,purohitbhavani@example.net,F
CUST04588,Jason Tak,38.0,+91 28617 93169,HYDERABAD,Uttar Pradesh,Airtel,,299.0,13,26 Jun 2025,14 Jul 2026,0,N,,FEMALE
CUST04589,Nimrat Banerjee,45.0,+915738069538,surat,Uttar Pradesh,Airtel,PREPAID,499.0,10,24/09/2025,14/07/2026,1,0,vohragirindra@example.org,male
CUST04590,Aarnav Aurora,62.0,+91 01965 16207,SURAT,Arunachal Pradesh,Jio,POST PAID,1499.0,11,08/25/2025,12-07-2026,1,N,yasti40@example.com,
CUST04591,Raghav Madan,64.0,,HYDERABAD,Odisha,Vi,PREPAID,999.0,73,,10/07/2026,1,NO,yborah@example.org,male
CUST04592,Jalsa Puri,35.0,91-98103-39633,jaipur,Nagaland,Jio,POST PAID,799.0,35,05/09/2023,06/16/2026,5,n,neelimavarty@example.com,MALE
CUST04593,Kevin Balay,29.0,,JAIPUR,Gujarat,BSNL,Pre-paid,719.0,3,20260422,11/06/2026,3,0,tbains@example.com,F
CUST04594,Ryan Sheth,50.0,+91 19436 81533,Pune,Andhra Pradesh,BSNL,POSTPAID,,55,20220113,20260623,4,,thans@example.com,MALE
CUST04595,jasmit goswami,18.0,5108284081,Poona,Sikkim,BSNL,Post-paid,,16,20250328,19-07-2026,0,,nagykala@example.net,MALE
CUST04596,Inaya Luthra,45.0,,HYDERABAD,Uttarakhand,Jio,Prepaid,399.0,74,22/06/2020,07/10/2026,1,N,keya92@example.com,Male
CUST04597,Charita Sampath,45.0,03964063016,PUNE,Odisha,Airtel,POST PAID,1999.0,68,19-12-2020,17 Jun 2026,5,Y,ekaja62@example.com,Male
CUST04598,Wriddhish Viswanathan,39.0,91-51337-32094,Bombay,Maharashtra,BSNL,Post-paid,399.0,39,05/08/2023,07/14/2026,1,N,guneet90@example.org,male
CUST04599,Gaurangi Tailor,45.0,01954392167,Indore,Uttar Pradesh,Vi,PRE PAID,199.0,57,14 Nov 2021,15-06-2026,4,Y,bhavinishroff@example.net,male
CUST04600,zehaan bala,48.0,,Nagpur,Karnataka,Airtel,PREPAID,839.0,18,,07/09/2026,1,0,,F
CUST04601,reyansh shukla,25.0,,SURAT,Meghalaya,Jio,POSTPAID,1499.0,2,20260522,07/10/2026,1,NO,achopra@example.net,female
CUST04602,Patrick Khatri,22.0,9810495723,PATNA,Andhra Pradesh,Vi,Pre-paid,,25,01-07-2024,27/06/2026,3,Y,aarinisuresh@example.com,FEMALE
CUST04603,Yashvi Baral,30.0,+913112808547,BENGALURU,Karnataka,BSNL,Prepaid,999.0,17,26 Feb 2025,,1,NO,deepakunda@example.com,F
CUST04604,Nimrat Murthy,62.0,,Madras,Bihar,Vi,prepaid,149.0,69,11/19/2020,16/07/2026,1,,dattaanita@example.net,F
CUST04605,Triya Ramanathan,39.0,,LUCKNOW,Haryana,Jio,,499.0,42,07 Feb 2023,20260713,0,NO,aarav08@example.com,Male
CUST04606,Maanav Sarma,57.0,+91 38822 38288,Surat,Himachal Pradesh,Vi,POSTPAID,399.0,70,20-10-2020,20260718,0,n,ftailor@example.org,F
CUST04607,Lakshmi Kala,,,Lucknow,Himachal Pradesh,BSNL,Post-paid,499.0,65,20210319,20260721,0,N,qwadhwa@example.org,Male
CUST04608,Brinda Cheema,58.0,+910448085118,BHOPAL,Madhya Pradesh,Vi,POST PAID,1499.0,9,24 Oct 2025,07/10/2026,1,,zbrahmbhatt@example.com,Male
CUST04609,Jonathan Srinivas,58.0,91-97704-01068,DELHI,Mizoram,BSNL,POSTPAID,1499.0,13,26-06-2025,07/11/2026,0,NO,varshamall@example.net,Male
CUST04610,Vansha Kala,21.0,8667299429,surat,Kerala,Vi,POST PAID,499.0,29,03-03-2024,2026-07-14,0,N,tarak35@example.org,male
CUST04611,gunbir kadakia,25.0,+913472519213,LUCKNOW,Arunachal Pradesh,Vi,Post-paid,499.0,20,28/11/2024,20260711,0,N,lamble@example.com,Female
CUST04612,AACHAL PATLA,34.0,91-34258-59119,pune,,BSNL,,999.0,27,02-05-2024,07/12/2026,1,0,,FEMALE
CUST04613,sanya bedi,,+91 39365 65416,Nagpur,Haryana,Jio,PREPAID,839.0,79,2020-01-24,06-07-2026,2,Y,kapurmanya@example.net,female
CUST04614,Anita Rau,20.0,0687524527,chennai,Tamil Nadu,Airtel,,719.0,45,09-11-2022,2026-06-03,4,Y,omsagar@example.com,male
CUST04615,Jagvi Dayal,63.0,91-05327-65496,Bombay,Tamil Nadu,BSNL,PRE PAID,839.0,33,2023-11-04,,0,n,dayita75@example.net,M
CUST04616,vasatika dave,43.0,03618820730,Poona,Uttarakhand,Jio,PRE PAID,199.0,61,07/17/2021,14/06/2026,3,Y,ldhar@example.com,Male
CUST04617,Xavier Yohannan,31.0,01735186173,PUNE,Mizoram,Jio,PREPAID,99.0,70,20 Oct 2020,2026-07-14,0,,balijack@example.org,FEMALE
CUST04618,Oni Bhatia,49.0,5911072003,Chennai,Uttar Pradesh,Vi,,719.0,66,17-02-2021,04 Jun 2026,3,0,manthankibe@example.net,MALE
CUST04619,Dominic Dayal,54.0,91-17791-29852,bhopal,Madhya Pradesh,Airtel,Pre-paid,299.0,34,05 Oct 2023,17/07/2026,1,NO,echeema@example.net,female
CUST04620,yashasvi vaidya,56.0,+918991876671,Indore,Meghalaya,BSNL,postpaid,1999.0,53,2022-03-14,17 Jul 2026,0,n,theodorekannan@example.com,female
CUST04621,Urmi Raj,,91-08044-31622,lucknow,Arunachal Pradesh,Jio,Pre-paid,999.0,49,12 Jul 2022,07 Jul 2026,1,,,FEMALE
CUST04622,sudiksha dugar,24.0,91-94502-70314,BENGALURU,Uttar Pradesh,Vi,prepaid,999.0,43,08-01-2023,11-07-2026,1,,chatreshchanda@example.net,F
CUST04623,Bimala Subramanian,58.0,,Bangalore,Chhattisgarh,Vi,POSTPAID,499.0,72,08/21/2020,08 Jul 2026,1,N,daveishwar@example.net,female
CUST04624,Samuel Mishra,28.0,91-57811-18746,surat,Nagaland,Vi,POSTPAID,1999.0,8,20251123,20260611,5,Y,cchatterjee@example.net,F
CUST04625,Nicholas Venkataraman,54.0,8979187626,surat,Jharkhand,Airtel,POST PAID,699.0,51,20220513,2026-07-05,2,N,praneel17@example.com,M
CUST04626,falak narayanan,25.0,+919895774027,INDORE,Arunachal Pradesh,Jio,Pre-paid,599.0,65,19/03/2021,20260628,4,0,,M
CUST04627,NOAH SAVANT,34.0,+912367051112,KOLKATA,Madhya Pradesh,Vi,POSTPAID,999.0,69,,02-06-2026,2,,madhavwadhwa@example.com,M
CUST04628,Frado Mitter,20.0,+91 97976 62627,Calcutta,Bihar,Vi,Prepaid,499.0,21,29 Oct 2024,07/15/2026,1,n,ireddy@example.net,MALE
CUST04629,Daksha Ben,44.0,+917586264820,Ahmedabad,Chhattisgarh,Jio,PRE PAID,99.0,12,26/07/2025,20-07-2026,0,,advaybarad@example.org,FEMALE
CUST04630,Girik Kara,41.0,91-92793-44324,surat,Assam,Jio,PREPAID,,23,30-08-2024,20260612,5,,jasmitsabharwal@example.net,
CUST04631,Meera Aggarwal,41.0,+916720367887,Lucknow,Odisha,Jio,prepaid,99.0,67,18 Jan 2021,2026-07-21,1,,jagdishnaik@example.net,male
CUST04632,qarin morar,59.0,09190902254,KOLKATA,Tripura,Jio,Pre-paid,999.0,51,13 May 2022,08/07/2026,0,NO,bmangal@example.org,
CUST04633,Yasti Dey,39.0,91-30690-82345,Surat,Jharkhand,Vi,POST PAID,999.0,56,14 Dec 2021,11/07/2026,1,,vasudharay@example.net,male
CUST04634,Victor Mangal,65.0,,ahmedabad,Karnataka,Jio,Postpaid,1999.0,54,02/12/2022,20260720,1,0,zehaanthaker@example.net,male
CUST04635,Pooja Sankaran,38.0,+91 89224 21485,nagpur,Uttarakhand,BSNL,PREPAID,99.0,28,04/02/2024,22-05-2026,5,NO,vrishtikumer@example.net,MALE
CUST04636,Hitesh Hans,30.0,+91 84642 41565,mumbai,Goa,Jio,Prepaid,299.0,18,27/01/2025,2026-07-18,0,n,lsom@example.net,Male
CUST04637,Nikita Kala,28.0,,CHENNAI,Andhra Pradesh,BSNL,PRE PAID,399.0,50,12/06/2022,20260708,0,N,alka47@example.net,
CUST04638,Udyati Nagarajan,58.0,+911238690139,Pune,Odisha,Airtel,PRE PAID,149.0,56,14 Dec 2021,08-07-2026,1,NO,omaharaj@example.org,Female
CUST04639,Ethan Aggarwal,,,HYDERABAD,Nagaland,BSNL,,399.0,67,2021-01-18,2026-07-15,0,NO,gdatta@example.com,M
CUST04640,daniel arora,62.0,91-06500-17747,surat,Tripura,Airtel,Pre-paid,399.0,21,29/10/2024,07/11/2026,0,N,kandaupkaar@example.net,FEMALE
CUST04641,Tanay Konda,40.0,01054824697,Lucknow,Uttarakhand,Jio,Post-paid,399.0,32,04 Dec 2023,2026-06-02,3,N,psamra@example.net,FEMALE
CUST04642,Akshay Cherian,47.0,,Pune,Mizoram,Airtel,Prepaid,199.0,25,07/01/2024,20260712,0,n,kharesuhani@example.net,Female
CUST04643,Tamanna Rana,53.0,+914086713709,Ahmedabad,,Jio,prepaid,299.0,74,22 Jun 2020,13-07-2026,1,0,ysarma@example.org,F
CUST04644,kai sathe,33.0,09701279275,Madras,Meghalaya,Jio,,199.0,51,20220513,15/07/2026,0,0,kaulwaida@example.net,Female
CUST04645,Triya Sem,39.0,+915879035045,DELHI,Rajasthan,Jio,POSTPAID,,57,14 Nov 2021,07 Jul 2026,1,0,jagvimanne@example.com,female
CUST04646,Oviya Iyengar,54.0,06025674865,INDORE,Mizoram,Jio,PRE PAID,399.0,11,25-08-2025,20260607,5,,palllaban@example.com,M
CUST04647,Vedant Sehgal,62.0,+915930850346,Ahmedabad,Jharkhand,Vi,,99.0,15,27-04-2025,20260711,0,N,kulkarnilibni@example.com,
CUST04648,ODIKA HANS,46.0,91-08340-68450,indore,Rajasthan,Jio,Postpaid,1999.0,35,05 Sep 2023,05/30/2026,5,N,,male
CUST04649,Pallavi Chopra,29.0,+918203412695,mumbai,Madhya Pradesh,Jio,Postpaid,1199.0,8,11/23/2025,2026-07-14,1,,minhasojas@example.com,FEMALE
CUST04650,Januja Pandit,55.0,6071683027,Lucknow,Mizoram,Jio,prepaid,839.0,13,20250626,07/10/2026,1,n,samakshluthra@example.org,female
CUST04651,Dev Varma,58.0,8396448248,CHENNAI,Goa,Vi,Pre-paid,99.0,32,04/12/2023,13/07/2026,1,n,jshroff@example.com,M
CUST04652,Elijah Kuruvilla,31.0,+916027323885,,Tamil Nadu,Jio,POSTPAID,1499.0,17,26-02-2025,07/17/2026,0,N,umaharaj@example.org,Male
CUST04653,Aarini Nayar,52.0,+913132894038,kolkata,Assam,BSNL,PRE PAID,199.0,73,22/07/2020,19-07-2026,0,0,bhavika25@example.net,male
CUST04654,Omisha Dara,45.0,+916041325550,BHOPAL,Andhra Pradesh,Vi,,99.0,49,2022-07-12,15-06-2026,4,,sharmachakradev@example.org,Male
CUST04655,Gunbir Kalla,35.0,,NAGPUR,Andhra Pradesh,Airtel,PREPAID,99.0,6,22-01-2026,07 Jun 2026,2,0,janakimann@example.net,
CUST04656,Ikbal Gala,50.0,+910290159386,BHOPAL,Mizoram,BSNL,Pre-paid,839.0,37,07 Jul 2023,18-06-2026,3,0,warhi41@example.net,Female
CUST04657,Upadhriti Sha,25.0,04492951154,Lucknow,Punjab,Jio,prepaid,999.0,53,20220314,20260604,2,n,pbhakta@example.org,MALE
CUST04658,Isaac Sem,41.0,,JAIPUR,Himachal Pradesh,Vi,Postpaid,499.0,75,2020-05-23,16/07/2026,0,0,,male
CUST04659,Rachit Deshpande,37.0,04652428134,New Delhi,Goa,Vi,Post-paid,1199.0,22,29/09/2024,20260613,2,N,gayathridesai@example.com,FEMALE
CUST04660,Jason Chowdhury,59.0,+91 39456 27214,Nagpur,Uttarakhand,Vi,Prepaid,149.0,20,11/28/2024,29 Jun 2026,5,Y,chhabrahemang@example.com,
CUST04661,Lohit Kohli,22.0,+91 43102 30302,,Himachal Pradesh,Jio,postpaid,699.0,80,25 Dec 2019,20260712,1,NO,bgera@example.com,female
CUST04662,Tejas Arora,21.0,,Patna,Kerala,BSNL,POSTPAID,499.0,48,11-08-2022,14/07/2026,1,N,,Male
CUST04663,yashasvi chana,20.0,+91 79948 08707,MUM,Uttar Pradesh,Airtel,Prepaid,299.0,83,09/26/2019,11 Jul 2026,0,N,nchaudry@example.net,M
CUST04664,Chasmum Mohanty,,0647855207,Hyd,Sikkim,Jio,POSTPAID,799.0,3,04/22/2026,2026-07-15,1,NO,jeevikasama@example.org,female
CUST04665,Zilmil Bhat,35.0,+91 60086 23889,Mumbai,Himachal Pradesh,Vi,Post-paid,1499.0,35,09/05/2023,15-07-2026,1,N,dominicarora@example.org,male
CUST04666,Azad Verma,21.0,02915573855,Lucknow,Mizoram,Vi,Prepaid,499.0,17,26/02/2025,20/07/2026,1,n,prisha00@example.org,Male
CUST04667,Samuel Date,46.0,,Ahmedabad,Sikkim,Jio,POSTPAID,1999.0,9,2025-10-24,07/12/2026,1,0,chaudhryaahana@example.net,M
CUST04668,Suhani Lala,34.0,07969675601,Patna,Meghalaya,Vi,PREPAID,199.0,61,17-07-2021,20260721,0,,bimala93@example.net,M
CUST04669,Harrison Kar,62.0,06595307953,Amdavad,Maharashtra,Airtel,PREPAID,399.0,52,13/04/2022,07/08/2026,0,NO,eiravatibora@example.com,Female
CUST04670,Viraj Pathak,33.0,08247119248,NCR,Mizoram,Jio,PRE PAID,149.0,17,20250226,20 Jun 2026,4,,warda35@example.net,male
CUST04671,Gunbir Sachdev,50.0,7814832565,AHMEDABAD,Arunachal Pradesh,Airtel,PRE PAID,599.0,14,05/27/2025,13 Jul 2026,0,0,hayerjagdish@example.com,FEMALE
CUST04672,Tanay Jayaraman,,,Amdavad,Kerala,Vi,POSTPAID,1499.0,2,2026-05-22,2026-06-30,4,n,riyasankaran@example.org,M
CUST04673,Luke Narasimhan,52.0,0105544471,Jaipur,Mizoram,Airtel,postpaid,799.0,27,20240502,2026-06-15,5,Y,vlad@example.net,M
CUST04674,Abdul Chawla,56.0,+917602546041,LUCKNOW,Uttarakhand,Jio,Pre-paid,719.0,83,20190926,20260610,4,,iradhakrishnan@example.net,MALE
CUST04675,Darsh Sankaran,47.0,+915184077267,Surat,Odisha,BSNL,PRE PAID,599.0,11,2025-08-25,07/12/2026,1,,karalajita@example.org,female
CUST04676,Abha Bail,28.0,4301721448,AHMEDABAD,,Airtel,POST PAID,1499.0,11,25-08-2025,03/06/2026,5,Y,,F
CUST04677,Pranav Kalita,55.0,1107663301,Kolkata,Punjab,BSNL,,99.0,65,19 Mar 2021,13-07-2026,1,NO,esagar@example.com,F
CUST04678,imaran chaudhary,18.0,91-88936-68477,HYDERABAD,,BSNL,POSTPAID,1999.0,12,26/07/2025,2026-06-25,2,,dakshesh53@example.net,
CUST04679,Viraj Gill,32.0,08139849499,MUM,Rajasthan,BSNL,PRE PAID,719.0,45,09/11/2022,12/06/2026,2,NO,bariaishanvi@example.org,Male
CUST04680,Chandran Sur,56.0,+915883243998,BHOPAL,Meghalaya,BSNL,postpaid,499.0,55,13/01/2022,07/07/2026,0,N,,Male
CUST04681,Watika Madan,44.0,,lucknow,Arunachal Pradesh,Jio,postpaid,1499.0,64,20210418,20260709,1,,reddygaurangi@example.net,Male
CUST04682,Shivani Loke,36.0,+91 29420 40853,lucknow,Punjab,BSNL,POSTPAID,499.0,16,03/28/2025,14-07-2026,0,NO,vchanda@example.org,Male
CUST04683,Abhimanyu Ahuja,55.0,,NAGPUR,Rajasthan,Vi,,719.0,19,20241228,10 Jul 2026,0,,dashvedhika@example.net,
CUST04684,yashoda mitter,20.0,5215765307,surat,Chhattisgarh,Airtel,PRE PAID,999.0,5,20260221,16 Jul 2026,1,NO,csaini@example.net,female
CUST04685,Bhavya Kara,43.0,+915513797675,LUCKNOW,Tamil Nadu,Jio,,999.0,23,30 Aug 2024,2026-05-22,3,,barianicholas@example.net,Male
CUST04686,Anthony Subramaniam,29.0,,jaipur,Goa,Jio,Pre-paid,99.0,54,12-02-2022,11/07/2026,0,n,shravya57@example.net,FEMALE
CUST04687,Mugdha Venkatesh,35.0,,NAGPUR,Tripura,Vi,Postpaid,1499.0,20,11/28/2024,20260710,1,n,binatiwari@example.net,Female
CUST04688,Upadhriti Gole,32.0,91-80134-01151,Chennai,Uttar Pradesh,Vi,Post-paid,399.0,24,31-07-2024,07/19/2026,1,N,badalbhavya@example.net,F
CUST04689,Isaiah Shroff,48.0,+919525101710,Calcutta,Sikkim,BSNL,Prepaid,99.0,36,08/06/2023,2026-07-14,1,N,charles15@example.org,female
CUST04690,NIHARIKA RANGANATHAN,19.0,+919576106535,PUNE,Odisha,BSNL,PREPAID,399.0,53,03/14/2022,04/07/2026,5,Y,dsehgal@example.net,Female
CUST04691,Charan Batra,21.0,0493523447,SURAT,Chhattisgarh,Vi,postpaid,999.0,22,29-09-2024,16/07/2026,0,NO,dassharish@example.net,Female
CUST04692,upadhriti nagar,48.0,05902448434,PATNA,Uttar Pradesh,Jio,POSTPAID,999.0,13,26 Jun 2025,15/06/2026,2,Y,hratti@example.org,male
CUST04693,Tristan Patla,50.0,+91 75073 86425,mumbai,Maharashtra,BSNL,postpaid,799.0,77,24 Mar 2020,07/17/2026,1,0,igarde@example.com,M
CUST04694,Kabir Sankar,47.0,04225433577,chennai,Andhra Pradesh,BSNL,Post-paid,1499.0,54,02/12/2022,01 Jul 2026,5,Y,periabhimanyu@example.com,Male
CUST04695,Logan Dash,57.0,9160561945,NCR,Uttarakhand,Airtel,PREPAID,149.0,34,2023-10-05,2026-06-02,3,Y,kthaman@example.org,Female
CUST04696,Dhruv Bumb,54.0,,NAGPUR,Haryana,Vi,Post-paid,499.0,27,02 May 2024,08 Jul 2026,0,0,purianvi@example.net,Male
CUST04697,Balendra Sangha,38.0,+91 43606 83719,JAIPUR,Punjab,Jio,Post-paid,999.0,61,07/17/2021,20/07/2026,1,,srivastavageorge@example.org,F
CUST04698,Laban Butala,28.0,,PUNE,West Bengal,Airtel,Pre-paid,299.0,63,2021-05-18,19/07/2026,1,n,,
CUST04699,Eshana Pillay,,+91 79500 84266,Patna,Haryana,Vi,Prepaid,149.0,20,2024-11-28,13 Jul 2026,0,N,vganguly@example.com,F
CUST04700,Daksh Varma,56.0,91-08433-57632,Mumbai,Karnataka,Vi,Postpaid,799.0,53,03/14/2022,08/07/2026,0,NO,yogisathvik@example.com,male
CUST04701,Rajeshri Bawa,42.0,,surat,Rajasthan,Vi,Postpaid,499.0,78,02/23/2020,07/17/2026,1,,falak28@example.com,female
CUST04702,Fiyaz Madan,29.0,,delhi,Odisha,Vi,PREPAID,839.0,44,09/12/2022,09/07/2026,1,N,indrajitrege@example.org,F
CUST04703,ISHANI LAD,47.0,+912386249918,Bombay,Mizoram,Vi,POSTPAID,799.0,12,2025-07-26,07/10/2026,1,N,ykala@example.com,Male
CUST04704,Faqid Basu,51.0,00778155089,Surat,Tamil Nadu,Jio,POST PAID,1499.0,7,23 Dec 2025,2026-07-05,4,n,vaishnavigulati@example.com,male
CUST04705,Sachi Patla,28.0,01796677004,SURAT,Andhra Pradesh,Jio,,999.0,28,02 Apr 2024,20260721,1,NO,edwinluke@example.org,female
CUST04706,Girindra Lad,47.0,,BHOPAL,Himachal Pradesh,Jio,Postpaid,399.0,1,20260621,05/22/2026,4,0,suriqasim@example.com,MALE
CUST04707,WARDA SETHI,51.0,08691269561,Hyd,Uttar Pradesh,BSNL,Post-paid,1499.0,6,22-01-2026,17 Jul 2026,1,NO,qadimbanerjee@example.net,Female
CUST04708,Girish Kakar,35.0,,jaipur,Telangana,Airtel,POSTPAID,1199.0,13,06/26/2025,2026-07-07,1,NO,rachanakhalsa@example.com,M
CUST04709,keya thakkar,43.0,,Bombay,Andhra Pradesh,Airtel,Pre-paid,999.0,58,15 Oct 2021,20-07-2026,0,,lajitadyal@example.org,FEMALE
CUST04710,Gautam Chacko,21.0,+912665773337,DELHI,West Bengal,Airtel,POSTPAID,999.0,3,20260422,16-06-2026,5,,wriddhish93@example.com,Female
CUST04711,Shivani Choudhary,44.0,01035493635,JAIPUR,Assam,Jio,Post-paid,1199.0,51,13/05/2022,07/12/2026,1,,ahluwaliawriddhish@example.net,M
CUST04712,Dalbir Banik,34.0,+91 98294 11322,bhopal,Karnataka,BSNL,Postpaid,999.0,28,20240402,20260716,0,NO,rachitganguly@example.org,F
CUST04713,Gaurika Rau,27.0,91-47513-44088,Patna,Bihar,BSNL,POSTPAID,1999.0,77,03/24/2020,19/07/2026,1,N,divya59@example.org,
CUST04714,om apte,47.0,,Delhi,Nagaland,BSNL,postpaid,499.0,30,20240202,20260718,1,,tkant@example.com,MALE
CUST04715,Bhavna Dada,21.0,,Bombay,Jharkhand,Jio,PRE PAID,999.0,81,25-11-2019,07/08/2026,0,NO,mangalgarima@example.org,F
CUST04716,Thomas Batta,20.0,+91 79303 36220,MUM,Andhra Pradesh,Jio,POST PAID,,16,03/28/2025,22-05-2026,4,,,FEMALE
CUST04717,Nathan Brahmbhatt,39.0,1206349904,Bombay,Kerala,Vi,Post-paid,499.0,63,20210518,2026-06-12,5,Y,mbhalla@example.net,M
CUST04718,imaran dora,22.0,+91 71978 37051,indore,Gujarat,BSNL,postpaid,1999.0,31,2024-01-03,29 May 2026,5,n,wadhwabhanumati@example.org,M
CUST04719,Idika Deol,24.0,91-66243-44120,Patna,Tamil Nadu,BSNL,PRE PAID,499.0,64,18 Apr 2021,20260721,1,N,,male
CUST04720,anay merchant,31.0,+91 17551 59157,PATNA,Arunachal Pradesh,Airtel,prepaid,999.0,17,02/26/2025,2026-07-09,1,,fkale@example.org,FEMALE
CUST04721,akshay srivastava,45.0,4899515716,Patna,Goa,BSNL,POST PAID,399.0,40,04/08/2023,20260708,1,0,alka17@example.org,female
CUST04722,Aarini Muni,53.0,,Bhopal,Jharkhand,Airtel,Postpaid,1499.0,36,06 Aug 2023,12 Jul 2026,0,0,zmisra@example.com,MALE
CUST04723,Deepa Bhatt,57.0,+915190020491,INDORE,Maharashtra,Airtel,Post-paid,499.0,46,10/10/2022,12 Jun 2026,3,0,christopher16@example.net,Female
CUST04724,Aryan Sawhney,37.0,3097121639,BENGALURU,Tripura,Airtel,PRE PAID,99.0,23,30/08/2024,06-06-2026,4,0,sodhiqarin@example.net,
CUST04725,Irya Korpal,28.0,06358784772,BLR,Karnataka,Vi,POST PAID,999.0,27,2024-05-02,20260718,0,N,ekaja16@example.net,M
CUST04726,Ikbal Johal,55.0,09826821211,jaipur,Madhya Pradesh,Jio,,599.0,59,20210915,20260702,4,Y,abhardwaj@example.com,
CUST04727,Fariq Rao,28.0,+918670488266,Bhopal,Himachal Pradesh,Airtel,PRE PAID,499.0,29,20240303,18-07-2026,1,NO,tanay21@example.com,female
CUST04728,Advay Sharma,42.0,91-75271-28687,chennai,Assam,Vi,postpaid,499.0,67,2021-01-18,17/06/2026,3,Y,ravidalbir@example.net,Female
CUST04729,Madhav Krishnan,38.0,+916886119120,Surat,Tamil Nadu,Airtel,PREPAID,299.0,55,01/13/2022,13 Jul 2026,0,NO,zchander@example.org,FEMALE
CUST04730,Qushi Halder,40.0,07905144949,Madras,Chhattisgarh,Jio,postpaid,399.0,62,2021-06-17,20-07-2026,0,NO,bina18@example.net,FEMALE
CUST04731,Girindra Lall,41.0,+919853721518,INDORE,Madhya Pradesh,BSNL,POST PAID,1199.0,44,09-12-2022,2026-05-29,2,NO,mahajanomya@example.net,F
CUST04732,Isaiah Pandey,50.0,00916202313,,Mizoram,Jio,POSTPAID,399.0,13,26 Jun 2025,2026-07-08,1,0,tellaradha@example.net,F
CUST04733,Kiaan Wali,32.0,08917485623,Chennai,Chhattisgarh,Jio,,399.0,45,2022-11-09,2026-06-27,2,Y,manthanravi@example.com,M
CUST04734,Mitali Bhattacharyya,37.0,+917146182418,Mumbai,Kerala,Vi,Prepaid,399.0,25,01-07-2024,18/07/2026,1,,gauri57@example.net,Female
CUST04735,Onveer Sarkar,63.0,05827406943,BENGALURU,Tamil Nadu,BSNL,Postpaid,1199.0,17,02/26/2025,20 Jul 2026,0,0,jairaj83@example.net,
CUST04736,Ayush Vora,23.0,00847387098,PATNA,Sikkim,Airtel,prepaid,399.0,78,23 Feb 2020,14 Jul 2026,1,0,qushichahal@example.com,F
CUST04737,Ekapad Palan,53.0,91-83013-93503,patna,Andhra Pradesh,Vi,postpaid,999.0,36,20230806,19 Jul 2026,0,NO,kapadiawarhi@example.net,Male
CUST04738,Deepa Narang,39.0,01038073702,DELHI,Punjab,Airtel,POST PAID,1499.0,79,24 Jan 2020,07/13/2026,1,n,jbansal@example.com,MALE
CUST04739,Tara Shroff,54.0,7308203130,jaipur,Odisha,Jio,Postpaid,699.0,23,20240830,20260717,1,,lalaharsh@example.com,female
CUST04740,Naksh Dhar,33.0,06553927537,SURAT,West Bengal,BSNL,postpaid,1499.0,38,20230607,20260716,0,N,dewanrobert@example.net,Female
CUST04741,Kamala Narain,48.0,91-21800-90804,nagpur,Kerala,Jio,Post-paid,699.0,32,04/12/2023,09/07/2026,0,N,sharmaayush@example.org,
CUST04742,Onveer Choudhary,59.0,6955317149,lucknow,Tripura,Airtel,PREPAID,499.0,66,2021-02-17,21/07/2026,0,NO,pchawla@example.net,Female
CUST04743,Libni Salvi,49.0,+91 21378 72740,Poona,Gujarat,Jio,Pre-paid,599.0,73,22/07/2020,20260714,0,,wishi59@example.com,female
CUST04744,Raksha Dalal,51.0,07345869298,Bangalore,Gujarat,Jio,PREPAID,599.0,32,2023-12-04,07/19/2026,1,,adyadate@example.org,
CUST04745,Yatin Khurana,60.0,+91 00931 78527,Calcutta,,Airtel,POST PAID,,1,20260621,17-07-2026,1,N,bensudiksha@example.net,
CUST04746,Lipika Parsa,27.0,7830448803,jaipur,Sikkim,Airtel,,999.0,24,20240731,2026-07-05,4,Y,virkazad@example.net,Female
CUST04747,Kashish Trivedi,47.0,02731991644,indore,Arunachal Pradesh,Airtel,postpaid,1199.0,82,26-10-2019,2026-07-10,1,0,takfarhan@example.net,F
CUST04748,ELIJAH SANGHVI,36.0,+910093026487,PATNA,Odisha,Airtel,,719.0,16,28/03/2025,07/07/2026,0,0,,Male
CUST04749,Leena Boase,50.0,,LUCKNOW,Karnataka,Airtel,PRE PAID,149.0,34,10/05/2023,19-07-2026,0,,,Female
CUST04750,Frado Madan,32.0,91-68738-88883,BENGALURU,Rajasthan,Airtel,Pre-paid,719.0,27,02 May 2024,19/07/2026,1,0,rehaanmanne@example.net,
CUST04751,Samarth Wagle,42.0,+918560670091,MUM,Sikkim,Vi,Prepaid,199.0,75,23-05-2020,21-07-2026,0,0,kannanubika@example.net,M
CUST04752,Chaman Savant,52.0,00276291436,Patna,Assam,BSNL,Postpaid,699.0,32,2023-12-04,2026-07-08,1,0,vargheseupma@example.net,Female
CUST04753,Meera Lad,65.0,+918839702712,Patna,Tripura,Jio,PREPAID,199.0,27,02/05/2024,21/07/2026,1,N,ndutt@example.org,Male
CUST04754,Rajeshri Dhaliwal,62.0,+914201013689,pune,Goa,BSNL,prepaid,399.0,47,09/10/2022,2026-07-13,0,0,vdada@example.net,
CUST04755,Ethan Bajwa,28.0,+91 25896 98066,KOLKATA,Odisha,Vi,Prepaid,499.0,2,22-05-2026,2026-07-08,0,N,lopa89@example.org,female
CUST04756,Ishita Garde,20.0,+917633731408,hyderabad,,Vi,PRE PAID,149.0,53,20220314,20260707,0,n,vpall@example.com,M
CUST04757,Abhiram Toor,32.0,3324933188,Chennai,Tripura,Airtel,PRE PAID,839.0,82,2019-10-26,20260715,0,n,balakrishnanlila@example.net,female
CUST04758,Hritik Raj,20.0,+918056151923,kolkata,Jharkhand,Vi,Postpaid,399.0,40,08/04/2023,24/05/2026,2,Y,harihritik@example.org,FEMALE
CUST04759,Mugdha Kata,65.0,+919876362663,chennai,Punjab,BSNL,prepaid,399.0,38,07 Jun 2023,2026-07-14,0,,aadhya81@example.com,female
CUST04760,CHAMAN KASHYAP,37.0,+918406695445,indore,Telangana,Vi,PRE PAID,499.0,12,26-07-2025,2026-07-18,1,N,aarnavguha@example.net,FEMALE
CUST04761,ONKAR SUNDER,45.0,4906049650,jaipur,Rajasthan,Vi,Post-paid,799.0,18,2025-01-27,,2,Y,fpillay@example.com,Male
CUST04762,tamanna batra,45.0,91-15322-29153,chennai,Gujarat,Vi,prepaid,199.0,63,18 May 2021,20260625,3,Y,,male
CUST04763,Hitesh Grover,19.0,00890971160,Kolkata,Punjab,Jio,Prepaid,599.0,18,20250127,25 May 2026,3,Y,eshana12@example.org,Male
CUST04764,hritik dey,61.0,91-78551-16951,Bombay,Andhra Pradesh,Airtel,PREPAID,299.0,69,19/11/2020,12-06-2026,2,N,lavanya23@example.com,
CUST04765,Jai Hora,36.0,5192624377,Bombay,Bihar,Airtel,Pre-paid,199.0,24,31-07-2024,2026-07-10,0,N,kumarmaanav@example.net,male
CUST04766,Manbir Chahal,36.0,+911846503186,PATNA,Uttar Pradesh,Vi,Postpaid,999.0,64,20210418,10-06-2026,2,,goyalisha@example.org,Male
CUST04767,Simon Magar,46.0,+919029904057,Jaipur,Odisha,BSNL,postpaid,1199.0,43,08 Jan 2023,08-07-2026,1,0,nagyjagvi@example.org,female
CUST04768,Arya Sharma,30.0,07316839631,Lucknow,Odisha,Airtel,prepaid,99.0,26,01 Jun 2024,10 Jul 2026,0,0,baralveer@example.net,Female
CUST04769,Max Lata,63.0,+91 88062 35395,patna,Karnataka,BSNL,Prepaid,99.0,20,11/28/2024,20260624,5,NO,jagratiom@example.net,male
CUST04770,Vansha Narayanan,28.0,+917327845118,Calcutta,Manipur,Jio,PREPAID,599.0,65,20210319,17-07-2026,1,,sachi68@example.org,M
CUST04771,Jacob Barad,41.0,1325299794,SURAT,Rajasthan,BSNL,Postpaid,1999.0,23,2024-08-30,2026-05-23,3,n,mangatviraj@example.com,male
CUST04772,Ekapad Nadkarni,26.0,91-09681-30389,Nagpur,Jharkhand,BSNL,Pre-paid,399.0,68,2020-12-19,20260712,1,n,damyantisaran@example.org,Male
CUST04773,Vrinda Andra,58.0,+915868045336,Bombay,Chhattisgarh,BSNL,Postpaid,499.0,2,22-05-2026,20260716,0,N,sudiksha05@example.com,male
CUST04774,Owen Devi,54.0,05785028124,BHOPAL,Tamil Nadu,Airtel,Prepaid,149.0,22,09/29/2024,2026-07-08,1,NO,harshilvenkatesh@example.org,FEMALE
CUST04775,Agastya Parmar,61.0,91-06799-00673,Surat,Meghalaya,BSNL,Postpaid,799.0,51,2022-05-13,16/06/2026,4,N,hredhaankulkarni@example.com,Female
CUST04776,Avi Gala,50.0,4636196208,Patna,Telangana,Jio,POSTPAID,1199.0,41,09 Mar 2023,2026-07-14,0,NO,sseshadri@example.org,F
CUST04777,Vansha Kunda,62.0,91-37688-59245,NAGPUR,West Bengal,BSNL,Postpaid,1999.0,37,,22-05-2026,4,N,gautam55@example.net,
CUST04778,Oscar Dutta,49.0,+91 48541 37458,Amdavad,Meghalaya,BSNL,POSTPAID,1499.0,17,26 Feb 2025,2026-07-07,0,0,dewandamyanti@example.org,MALE
CUST04779,Ojas Pau,58.0,+913428925648,surat,Assam,Airtel,Postpaid,699.0,12,26 Jul 2025,15 Jul 2026,0,n,jeremiah08@example.org,Male
CUST04780,Wishi Gandhi,41.0,91-49177-75092,chennai,Madhya Pradesh,Vi,Postpaid,,65,03/19/2021,07 Jul 2026,0,n,gvora@example.net,FEMALE
CUST04781,KABIR KARAN,39.0,91-10194-56213,SURAT,Tripura,BSNL,postpaid,699.0,47,10-09-2022,,1,0,sanya73@example.org,Male
CUST04782,ZILMIL MAJUMDAR,47.0,03049015359,PATNA,West Bengal,Jio,Post-paid,999.0,74,22-06-2020,20260719,1,NO,tpandit@example.net,FEMALE
CUST04783,Sachi Bhavsar,40.0,8285602628,DELHI,Arunachal Pradesh,BSNL,PREPAID,719.0,45,,06/05/2026,4,n,zayanvenkatesh@example.org,Male
CUST04784,finn batra,41.0,+91 14371 99294,Surat,Nagaland,Vi,postpaid,1499.0,4,23-03-2026,05/26/2026,4,Y,ayush58@example.com,female
CUST04785,dayamai ray,29.0,,Bombay,Andhra Pradesh,Vi,PREPAID,499.0,75,20200523,15 Jul 2026,0,0,wakeeta32@example.net,Male
CUST04786,Benjamin Chacko,33.0,,indore,Punjab,Airtel,Post-paid,999.0,10,24 Sep 2025,09-07-2026,0,NO,osunder@example.net,M
CUST04787,Chaman Seth,39.0,91-45563-41664,Hyd,Haryana,Vi,,,17,26 Feb 2025,,1,n,,
CUST04788,Zilmil Kalita,42.0,,KOLKATA,Uttarakhand,Airtel,prepaid,99.0,83,26 Sep 2019,10/07/2026,0,0,,FEMALE
CUST04789,Vinaya Bora,22.0,+911423431837,Calcutta,Sikkim,BSNL,postpaid,499.0,48,11/08/2022,20260526,4,n,xitibarman@example.com,MALE
CUST04790,IRA OAK,33.0,7874248399,Nagpur,Meghalaya,Vi,PRE PAID,839.0,19,28-12-2024,20260711,1,NO,gangasingh@example.com,MALE
CUST04791,Yamini Chakraborty,57.0,05847666655,indore,Haryana,Jio,,399.0,66,2021-02-17,21-07-2026,1,NO,arin56@example.org,M
CUST04792,Leela Vasa,49.0,4113579673,Hyd,Sikkim,Vi,POST PAID,1999.0,37,20230707,07-07-2026,1,,faqidseth@example.com,female
CUST04793,Gautami Balay,31.0,91-36922-00258,Hyd,Arunachal Pradesh,BSNL,postpaid,799.0,7,2025-12-23,,1,n,,female
CUST04794,mitesh batta,65.0,+916103419285,INDORE,Mizoram,BSNL,POSTPAID,499.0,54,12/02/2022,20260709,0,n,pratyush48@example.com,
CUST04795,Ekanta Modi,57.0,1642606251,BHOPAL,Kerala,Airtel,Post-paid,499.0,29,03 Mar 2024,07/19/2026,1,0,,Female
CUST04796,Isha Keer,54.0,08747627742,indore,Kerala,BSNL,Post-paid,999.0,5,21/02/2026,,4,N,balendradalia@example.net,Male
CUST04797,gayathri kohli,,,bhopal,Sikkim,Jio,POST PAID,499.0,16,28 Mar 2025,14-07-2026,1,,harinakshi77@example.org,female
CUST04798,krishna sane,29.0,,CHENNAI,Punjab,BSNL,POSTPAID,999.0,3,22 Apr 2026,01 Jul 2026,4,N,krishna34@example.org,Male
CUST04799,Ucchal Bora,46.0,,hyderabad,Karnataka,Airtel,POST PAID,799.0,59,09/15/2021,2026-07-21,1,N,mhanda@example.com,Male
CUST04800,Umang Bala,41.0,+918209751864,NCR,,Airtel,POSTPAID,,27,02-05-2024,08/07/2026,0,n,chakradev77@example.com,male
CUST04801,Jagvi Atwal,62.0,4178151885,patna,Himachal Pradesh,Jio,Post-paid,499.0,43,20230108,26 Jun 2026,4,,dkale@example.org,female
CUST04802,Orinder Gandhi,51.0,91-32096-36074,LUCKNOW,Sikkim,Vi,POST PAID,1499.0,64,18/04/2021,2026-05-24,3,Y,hemal44@example.com,FEMALE
CUST04803,Yochana Srinivasan,57.0,91-08596-72621,PATNA,Sikkim,Vi,POSTPAID,499.0,69,20201119,2026-07-11,0,NO,nicholassoman@example.org,MALE
CUST04804,Nitara Pingle,55.0,91-45886-84239,Calcutta,Maharashtra,Vi,POSTPAID,699.0,50,2022-06-12,2026-07-08,0,N,rdivan@example.net,M
CUST04805,Falak Sharma,32.0,0253216718,DELHI,Chhattisgarh,Jio,PRE PAID,499.0,11,25-08-2025,20 Jul 2026,1,0,vrau@example.com,FEMALE
CUST04806,ADVAITH SIDHU,21.0,+91 59194 91516,JAIPUR,Haryana,Jio,PRE PAID,199.0,84,27 Aug 2019,20260721,1,,,Male
CUST04807,Raagini Ram,53.0,0964022163,Poona,West Bengal,Airtel,POSTPAID,1499.0,35,09/05/2023,2026-05-25,4,NO,rajatachakrabarti@example.net,FEMALE
CUST04808,Edhitha Mani,45.0,0513430782,Pune,Madhya Pradesh,Airtel,Postpaid,999.0,12,07/26/2025,21/07/2026,0,,rameshjhalak@example.org,MALE
CUST04809,Unnati Narula,65.0,+91 74854 19232,Surat,Tamil Nadu,Jio,PREPAID,299.0,66,17 Feb 2021,18 Jun 2026,3,,ayaan52@example.org,MALE
CUST04810,Panini Singh,28.0,06895578649,JAIPUR,Sikkim,Vi,PREPAID,99.0,12,26 Jul 2025,06-07-2026,5,Y,nmittal@example.org,M
CUST04811,Watika Kale,28.0,7665642398,lucknow,Meghalaya,Vi,POST PAID,1199.0,59,15-09-2021,07/20/2026,1,NO,neelchar@example.com,FEMALE
CUST04812,Indrajit Dey,57.0,91-07825-49584,Patna,Uttarakhand,Jio,Postpaid,399.0,40,2023-04-08,19 Jul 2026,1,0,qabil12@example.org,
CUST04813,advaith keer,48.0,+91 71364 31942,Pune,Manipur,Airtel,PRE PAID,999.0,38,07/06/2023,18-07-2026,1,n,tsuresh@example.com,male
CUST04814,Ronith Dalal,64.0,+919100959673,Ahmedabad,Chhattisgarh,Jio,Postpaid,499.0,58,15 Oct 2021,20260716,0,n,jagrati99@example.com,MALE
CUST04815,Sachi Karnik,35.0,4060736095,PUNE,Andhra Pradesh,Airtel,Prepaid,399.0,9,24 Oct 2025,19-07-2026,1,,srattan@example.net,Female
CUST04816,Tanish Chand,25.0,,BHOPAL,Meghalaya,Airtel,PRE PAID,499.0,41,,20260710,1,n,cseth@example.org,MALE
CUST04817,JONATHAN DIXIT,,,Bangalore,Goa,Airtel,PRE PAID,999.0,68,19/12/2020,2026-05-30,2,Y,pateldayita@example.com,male
CUST04818,Ekiya Kale,19.0,+913149855715,JAIPUR,Mizoram,Jio,Pre-paid,299.0,15,27 Apr 2025,15 Jul 2026,1,NO,vlala@example.net,MALE
CUST04819,Gunbir Guha,46.0,+91 62986 69965,PATNA,Madhya Pradesh,Airtel,,719.0,24,31-07-2024,07/09/2026,1,NO,muppal@example.org,MALE
CUST04820,megha mital,43.0,+91 16694 10758,pune,Karnataka,Vi,,599.0,45,11/09/2022,13/07/2026,0,NO,nathanloke@example.org,Male
CUST04821,William Loyal,58.0,+914828073645,Indore,Uttar Pradesh,Jio,PRE PAID,99.0,1,06/21/2026,04-06-2026,5,Y,hemangbose@example.com,male
CUST04822,Lucky Grewal,26.0,01786408580,HYDERABAD,Jharkhand,Vi,POSTPAID,699.0,18,20250127,20260609,3,n,qsachdeva@example.net,female
CUST04823,Aarnav Nagi,25.0,09363522352,hyderabad,Karnataka,Airtel,PREPAID,839.0,81,11/25/2019,07/08/2026,1,N,zayanchaudhari@example.net,male
CUST04824,zansi sachdev,23.0,3633167947,Kolkata,Odisha,Jio,POST PAID,999.0,43,01/08/2023,09-07-2026,1,NO,naiduyashasvi@example.com,F
CUST04825,Chandani Guha,51.0,9935828118,Patna,Bihar,Jio,Prepaid,149.0,24,31-07-2024,20260714,1,,chandaamaira@example.net,F
CUST04826,Zilmil Loke,62.0,+915167957080,Jaipur,Uttarakhand,Vi,POST PAID,1499.0,31,03 Jan 2024,20260710,1,n,widishaseshadri@example.net,male
CUST04827,Devansh Rattan,20.0,4217716558,AHMEDABAD,,Vi,PRE PAID,499.0,1,06/21/2026,2026-07-17,0,N,ojas17@example.net,Male
CUST04828,Oviya Pillay,34.0,+91 36765 45342,,Tripura,Vi,POSTPAID,699.0,9,2025-10-24,07/18/2026,0,n,jagdish17@example.com,female
CUST04829,Daksha Borah,35.0,6380170656,Ahmedabad,Himachal Pradesh,Airtel,Post-paid,399.0,16,2025-03-28,14/07/2026,0,,thomasraman@example.net,MALE
CUST04830,Falguni Sama,61.0,+910531344944,MUMBAI,Manipur,Jio,Postpaid,499.0,81,20191125,14-07-2026,1,0,utkarshvarty@example.com,M
CUST04831,Bhavini Pall,36.0,2326853488,bhopal,Tamil Nadu,Vi,Postpaid,1999.0,32,04-12-2023,2026-07-11,1,n,senguptavasudha@example.net,M
CUST04832,Oscar Agarwal,20.0,03350822124,Hyd,Odisha,Vi,Pre-paid,299.0,69,19-11-2020,2026-07-19,0,0,osha35@example.org,female
CUST04833,Akshay Banerjee,31.0,8568679148,Poona,Haryana,Airtel,Post-paid,699.0,54,2022-02-12,15-07-2026,1,N,wkakar@example.net,Female
CUST04834,Jeremiah Chowdhury,18.0,9113426313,Calcutta,Manipur,Jio,Prepaid,599.0,6,2026-01-22,20260714,1,,mandaldamini@example.com,FEMALE
CUST04835,Frederick Sengupta,48.0,6404969595,Nagpur,Maharashtra,Jio,Prepaid,719.0,20,20241128,2026-07-14,0,0,bhavinisoni@example.com,female
CUST04836,Theodore Batta,45.0,+912429138741,PATNA,Andhra Pradesh,Airtel,Post-paid,,54,12-02-2022,2026-07-14,1,,,F
CUST04837,Simon Prasad,35.0,91-20363-56542,BHOPAL,Mizoram,Airtel,PRE PAID,599.0,24,31 Jul 2024,20260709,0,NO,panininaidu@example.net,M
CUST04838,BRINDA SAMA,20.0,01969881366,BHOPAL,Arunachal Pradesh,Jio,Prepaid,499.0,51,20220513,30 Jun 2026,3,NO,vray@example.org,Male
CUST04839,Laban Raj,21.0,,Surat,Tamil Nadu,Airtel,POSTPAID,1999.0,18,2025-01-27,2026-06-10,5,Y,rnadkarni@example.net,Female
CUST04840,Omisha Din,21.0,+91 70954 38285,jaipur,Sikkim,BSNL,PREPAID,719.0,51,20220513,08 Jul 2026,0,N,harini39@example.com,FEMALE
CUST04841,Udyati Dash,23.0,,bhopal,Punjab,Jio,postpaid,1499.0,33,04 Nov 2023,16/07/2026,1,n,ishamukherjee@example.org,female
CUST04842,Ladli Rao,56.0,00987836833,INDORE,Assam,Jio,POSTPAID,699.0,29,03/03/2024,2026-06-05,3,Y,pushti30@example.org,Female
CUST04843,Jalsa Nadig,,91-30620-02573,Pune,Assam,Vi,Post-paid,399.0,60,20210816,12-07-2026,0,N,jagrati50@example.com,M
CUST04844,Rajeshri Bains,56.0,91-49951-64990,chennai,Sikkim,Airtel,Prepaid,99.0,58,2021-10-15,07/17/2026,0,,vyanjanasrivastava@example.org,F
CUST04845,Arunima Tandon,59.0,91-86578-34655,AHMEDABAD,Andhra Pradesh,BSNL,PREPAID,999.0,36,20230806,20260711,1,n,,M
CUST04846,anthony mitter,53.0,2435172946,Bangalore,Goa,Vi,PREPAID,999.0,42,02/07/2023,2026-07-16,0,0,chowdhuryforum@example.com,female
CUST04847,Nicholas Bhasin,58.0,,Patna,Uttarakhand,Vi,Postpaid,799.0,45,2022-11-09,07 Jul 2026,1,n,yatanbhat@example.org,female
CUST04848,Yashasvi Kapur,56.0,04658730889,Chennai,Madhya Pradesh,Jio,Post-paid,699.0,42,07-02-2023,20260719,1,,nitesh55@example.net,MALE
CUST04849,Manthan Dayal,47.0,91-96120-24657,AHMEDABAD,Gujarat,Vi,Prepaid,,54,12-02-2022,,0,NO,maharajjyoti@example.com,FEMALE
CUST04850,Pratyush Sarraf,31.0,+911359744937,Indore,Mizoram,Jio,Post-paid,799.0,65,03/19/2021,30/05/2026,5,NO,yashodanagi@example.net,
CUST04851,Jairaj Chad,57.0,,Nagpur,Arunachal Pradesh,Vi,Postpaid,799.0,20,20241128,28/06/2026,3,0,deybalvan@example.org,male
CUST04852,JEEVIKA MISHRA,45.0,+91 95319 00567,Jaipur,Maharashtra,Vi,POSTPAID,799.0,41,2023-03-09,2026-07-17,1,,sachdevaraagini@example.net,
CUST04853,Siddharth Warrior,24.0,91-07468-07488,PUNE,Tamil Nadu,Vi,POST PAID,1499.0,81,2019-11-25,05/07/2026,2,N,cmohan@example.net,female
CUST04854,Lakshit Misra,59.0,05649290947,Poona,Sikkim,BSNL,postpaid,1199.0,78,20200223,07/10/2026,0,n,ishanilal@example.net,female
CUST04855,Samar Chadha,50.0,+91 02428 36130,nagpur,Meghalaya,Vi,postpaid,1999.0,44,12/09/2022,07/18/2026,1,n,divanyatin@example.com,Female
CUST04856,MEGHANA DARA,45.0,7660017889,SURAT,Rajasthan,Vi,postpaid,399.0,62,2021-06-17,18 Jul 2026,0,n,geetika35@example.net,male
CUST04857,ikbal modi,26.0,,indore,Haryana,Jio,Prepaid,299.0,9,24/10/2025,20260717,1,NO,,male
CUST04858,UCCHAL AGATE,61.0,+91 89756 88110,indore,Tripura,Airtel,Postpaid,1499.0,15,04/27/2025,15/07/2026,1,,girishdugar@example.com,Female
CUST04859,Yasti Narula,33.0,+91 83690 74570,Amdavad,Andhra Pradesh,Airtel,Pre-paid,499.0,37,07/07/2023,25/05/2026,3,,pdar@example.org,MALE
CUST04860,Christopher Radhakrishnan,27.0,3067271407,Madras,Madhya Pradesh,Airtel,POST PAID,1999.0,43,20230108,16-07-2026,0,0,shravya33@example.net,female
CUST04861,Jalsa Arora,53.0,,NCR,Assam,BSNL,POST PAID,799.0,43,01/08/2023,2026-07-11,1,n,guptahritik@example.com,Female
CUST04862,Ekanta Narula,52.0,+91 36369 02804,lucknow,Maharashtra,Vi,Prepaid,719.0,65,19-03-2021,21 Jul 2026,0,N,chakradhar24@example.com,Female
CUST04863,Indali Solanki,65.0,+910963474272,Ahmedabad,Nagaland,Vi,postpaid,1499.0,77,2020-03-24,2026-06-22,5,Y,tarakkumer@example.net,female
CUST04864,Ekani Kala,27.0,5673853313,surat,Himachal Pradesh,Jio,Post-paid,1499.0,68,19/12/2020,2026-07-14,0,n,kotharicharan@example.org,FEMALE
CUST04865,Oviya Nayak,38.0,,CHENNAI,Chhattisgarh,Jio,Postpaid,1199.0,72,21 Aug 2020,10-07-2026,1,N,wadhwaowen@example.net,female
CUST04866,Nakul Dugar,46.0,7732513558,ahmedabad,Karnataka,Vi,,99.0,3,04/22/2026,07/17/2026,1,n,bkonda@example.com,FEMALE
CUST04867,SANYA DEVAN,22.0,91-78427-62908,Lucknow,Maharashtra,BSNL,Prepaid,199.0,49,07/12/2022,08-07-2026,0,0,ymani@example.net,Female
CUST04868,Harrison Chaudhary,,+912600534906,Poona,Manipur,Vi,PRE PAID,999.0,23,30/08/2024,2026-06-12,5,,ykamdar@example.com,MALE
CUST04869,Caleb Varughese,57.0,,Bengaluru,Maharashtra,Airtel,Postpaid,399.0,54,02/12/2022,12-07-2026,0,,qasimshroff@example.net,female
CUST04870,Dalaja Prabhu,65.0,+91 22732 13874,PATNA,West Bengal,Jio,Post-paid,399.0,40,08 Apr 2023,2026-06-02,3,N,ksridhar@example.com,female
CUST04871,Christopher Bath,49.0,+914383717647,delhi,,BSNL,Pre-paid,399.0,61,17 Jul 2021,11/07/2026,0,N,narainzinal@example.org,F
CUST04872,Zaid Pau,47.0,,delhi,Odisha,Airtel,PREPAID,199.0,41,20230309,07/07/2026,0,0,,M
CUST04873,Oni Dhawan,22.0,0071479564,Delhi,Tamil Nadu,BSNL,POSTPAID,799.0,60,2021-08-16,07/07/2026,0,n,joshuasachdev@example.org,F
CUST04874,Ranveer Kakar,61.0,3917555282,Jaipur,Kerala,BSNL,prepaid,299.0,51,13 May 2022,,0,NO,warinder39@example.net,Female
CUST04875,Rajeshri Garde,22.0,00758066542,Bhopal,Tripura,BSNL,Prepaid,99.0,30,02-02-2024,20260525,5,0,auroramahika@example.net,M
CUST04876,Varsha Ghosh,62.0,+91 52591 44580,Hyd,Nagaland,BSNL,Pre-paid,499.0,26,01-06-2024,20260715,1,n,,female
CUST04877,Zansi Bansal,55.0,91-37275-73252,mumbai,Assam,Vi,,499.0,66,17 Feb 2021,2026-07-20,0,NO,brahmbhattarin@example.net,female
CUST04878,amaira varma,18.0,00648330785,Kolkata,Odisha,Vi,PREPAID,149.0,56,14-12-2021,23 Jun 2026,2,Y,prakashprisha@example.org,F
CUST04879,Vasana Shah,20.0,,JAIPUR,Goa,Vi,POSTPAID,799.0,80,25-12-2019,07/06/2026,2,n,mitesh42@example.com,male
CUST04880,anamika prashad,49.0,02389988139,patna,Assam,Airtel,POST PAID,799.0,75,23 May 2020,16 Jul 2026,0,NO,manitamanna@example.org,M
CUST04881,Reva Dani,57.0,+91 08454 35412,hyderabad,Himachal Pradesh,Jio,POSTPAID,499.0,66,02/17/2021,16-07-2026,0,N,pwalia@example.net,F
CUST04882,Jagat Parmar,65.0,+919619861443,Pune,Jharkhand,Vi,Pre-paid,599.0,3,04/22/2026,08/07/2026,0,n,jeevikadani@example.net,Male
CUST04883,Maanas Rajan,46.0,4539616113,lucknow,Chhattisgarh,Jio,,149.0,8,23 Nov 2025,24/06/2026,5,Y,xjayaraman@example.net,FEMALE
CUST04884,Praneel Chanda,29.0,+91 38151 11303,Bangalore,Manipur,BSNL,POSTPAID,399.0,79,24-01-2020,11/07/2026,0,N,iraagarwal@example.com,MALE
CUST04885,Sathvik Chaudhuri,53.0,,HYDERABAD,,Airtel,,399.0,53,03/14/2022,17/07/2026,0,N,vchanda@example.org,Male
CUST04886,Rohan Joshi,18.0,+914182221306,Nagpur,Telangana,Vi,POST PAID,799.0,48,2022-08-11,2026-07-18,1,N,waidaprabhu@example.com,M
CUST04887,Unnati Varty,41.0,+917192205330,mumbai,Assam,Airtel,PRE PAID,149.0,38,2023-06-07,07/21/2026,1,NO,manbirsinha@example.com,male
CUST04888,Dakshesh Swamy,50.0,,CHENNAI,Karnataka,Jio,Post-paid,999.0,47,09/10/2022,21/07/2026,0,NO,parmarharrison@example.net,FEMALE
CUST04889,Robert Shukla,31.0,91-03478-30911,Nagpur,Jharkhand,BSNL,POSTPAID,399.0,16,03/28/2025,07/21/2026,1,,balanaarnav@example.com,F
CUST04890,william johal,53.0,+910781252876,INDORE,Uttar Pradesh,Jio,Post-paid,799.0,22,29/09/2024,20260526,2,Y,jagratidugar@example.net,
CUST04891,Karan Atwal,52.0,,Surat,Telangana,BSNL,Pre-paid,299.0,46,20221010,10-07-2026,0,0,,male
CUST04892,Mitesh Parmer,,2096056688,,Haryana,Airtel,Prepaid,499.0,52,13/04/2022,25 May 2026,5,n,deoamrita@example.com,Male
CUST04893,Sarthak Mukhopadhyay,52.0,+910368537919,nagpur,Karnataka,BSNL,PRE PAID,999.0,75,20200523,12 Jul 2026,0,NO,laban21@example.org,M
CUST04894,Ekaja Mann,,91-03164-42828,Chennai,,Vi,Post-paid,1199.0,2,20260522,20260711,1,n,siyabuch@example.net,MALE
CUST04895,Aashi Khosla,63.0,+918880540981,Bhopal,Bihar,Jio,PREPAID,999.0,4,03/23/2026,17-06-2026,2,0,,FEMALE
CUST04896,Indira Agate,36.0,04777080334,LUCKNOW,Telangana,BSNL,PREPAID,149.0,37,07-07-2023,20260610,4,Y,shankernandini@example.com,Female
CUST04897,Amara Kulkarni,49.0,,,Arunachal Pradesh,BSNL,PREPAID,199.0,54,12 Feb 2022,07/13/2026,1,N,kai28@example.net,MALE
CUST04898,Bimala Dyal,,,Poona,,Airtel,Prepaid,399.0,66,02/17/2021,2026-07-20,1,N,pinglevidhi@example.org,male
CUST04899,Manthan Mahajan,47.0,+919334206012,JAIPUR,,BSNL,PREPAID,99.0,84,20190827,20260720,0,NO,koshychasmum@example.org,male
CUST04900,Zilmil Sen,61.0,3754259931,Bengaluru,Nagaland,Vi,prepaid,399.0,52,13 Apr 2022,20260526,3,N,chandranchopra@example.org,F
CUST04901,Yauvani Samra,42.0,02662258001,Hyd,Himachal Pradesh,Vi,POSTPAID,1499.0,83,20190926,13-07-2026,1,NO,kamdaradvik@example.org,MALE
CUST04902,ronith vyas,33.0,09294495069,NAGPUR,Gujarat,Vi,PRE PAID,399.0,4,03/23/2026,20-07-2026,1,NO,raiadya@example.com,Female
CUST04903,IJAYA RAJAGOPAL,50.0,8681410888,LUCKNOW,Rajasthan,Airtel,Post-paid,799.0,22,2024-09-29,20260624,4,Y,amaira20@example.org,FEMALE
CUST04904,William Ghosh,52.0,91-57610-58821,BENGALURU,Telangana,Jio,,719.0,51,13 May 2022,10-07-2026,1,N,hsunder@example.net,FEMALE
CUST04905,Pushti Narasimhan,24.0,04516144001,Bangalore,Goa,Airtel,POSTPAID,999.0,16,2025-03-28,,1,N,sethansh@example.org,Male
CUST04906,Neelima Buch,26.0,07383765522,Lucknow,Mizoram,BSNL,Prepaid,839.0,26,20240601,20 Jul 2026,1,NO,sai43@example.org,MALE
CUST04907,JALSA BOASE,55.0,+916691419927,Kolkata,Meghalaya,BSNL,,719.0,62,06/17/2021,16 Jul 2026,0,NO,khuranalakshit@example.com,
CUST04908,Kamala Rajagopalan,29.0,+91 94755 20660,JAIPUR,Goa,Airtel,POST PAID,999.0,82,20191026,19 Jul 2026,0,n,zehaan11@example.net,Male
CUST04909,Balveer Chopra,34.0,+91 87226 86261,DELHI,Punjab,Vi,Prepaid,199.0,72,21-08-2020,2026-07-07,1,n,thakerupadhriti@example.org,FEMALE
CUST04910,Chanakya Ghosh,50.0,,Hyd,Bihar,Airtel,Prepaid,399.0,82,26 Oct 2019,2026-07-18,0,,harita10@example.com,
CUST04911,Falak Bhavsar,62.0,,DELHI,Haryana,Vi,POSTPAID,,83,26/09/2019,16-07-2026,0,0,cdatta@example.org,FEMALE
CUST04912,leena borde,52.0,+911289053878,MUMBAI,Gujarat,BSNL,POSTPAID,999.0,70,10/20/2020,10-07-2026,0,n,nakshoommen@example.com,Male
CUST04913,Yochana Palan,38.0,8850650013,hyderabad,Karnataka,Jio,POST PAID,1199.0,59,15-09-2021,15/07/2026,1,0,simondass@example.org,M
CUST04914,siddharth hayer,29.0,+916619222831,AHMEDABAD,Nagaland,Vi,PREPAID,199.0,9,24 Oct 2025,2026-07-21,1,n,pdhar@example.net,F
CUST04915,Aditya Gola,30.0,+91 08884 20547,bangalore,Jharkhand,BSNL,Pre-paid,299.0,45,09/11/2022,03-06-2026,4,Y,pooja21@example.com,female
CUST04916,Anthony Mukherjee,61.0,9146512038,INDORE,Telangana,Airtel,prepaid,399.0,57,11/14/2021,24-05-2026,5,n,ayaanupadhyay@example.org,male
CUST04917,Suhani Bhalla,40.0,+91 77139 65548,DELHI,Bihar,Airtel,POST PAID,1499.0,83,26-09-2019,20260527,5,NO,damyantisarkar@example.com,F
CUST04918,saumya bali,34.0,1255179948,NAGPUR,Himachal Pradesh,Vi,Postpaid,699.0,8,23-11-2025,18-07-2026,1,NO,vyanjanachandra@example.org,Male
CUST04919,Divya Shere,30.0,91-05854-11431,mumbai,Kerala,Airtel,Pre-paid,999.0,73,07/22/2020,2026-07-11,0,0,yashicasur@example.com,male
CUST04920,Upasna Mukhopadhyay,34.0,+914249299520,Lucknow,Telangana,Jio,Pre-paid,839.0,44,2022-12-09,15 Jul 2026,1,n,ikbal63@example.com,M
CUST04921,Adya Mand,44.0,+915225604251,patna,Nagaland,Vi,,199.0,70,20201020,2026-07-10,1,n,adityasharma@example.com,MALE
CUST04922,NITARA DEEP,20.0,,mumbai,Kerala,Jio,prepaid,399.0,70,20-10-2020,2026-07-16,1,NO,yashoda76@example.com,Male
CUST04923,Wazir Buch,18.0,91-19150-49591,Lucknow,Bihar,Airtel,Pre-paid,719.0,71,20/09/2020,11 Jul 2026,1,,jeremiahdeshmukh@example.com,male
CUST04924,Ayush Misra,21.0,,lucknow,Arunachal Pradesh,Jio,Pre-paid,719.0,47,20220910,2026-06-19,5,Y,pillaibaghyawati@example.org,MALE
CUST04925,ojas bhardwaj,65.0,08606512447,bangalore,West Bengal,BSNL,,999.0,72,21 Aug 2020,07-07-2026,1,NO,rkibe@example.org,M
CUST04926,Hritik Wagle,63.0,91-74504-16731,Bombay,Rajasthan,Airtel,POSTPAID,399.0,20,20241128,2026-07-12,1,N,saikibe@example.com,FEMALE
CUST04927,Yauvani Nanda,52.0,91-81249-98326,SURAT,Madhya Pradesh,Airtel,Pre-paid,599.0,67,18 Jan 2021,13 Jul 2026,0,N,vamakshichaudhry@example.org,female
CUST04928,Jyoti Vyas,18.0,91-96302-88158,pune,Gujarat,Airtel,Post-paid,999.0,19,2024-12-28,20260711,0,n,brijesh49@example.org,FEMALE
CUST04929,Qabil Sane,29.0,+91 61514 09792,SURAT,Maharashtra,BSNL,POST PAID,499.0,41,03/09/2023,13/07/2026,1,,kthaker@example.net,female
CUST04930,Jonathan Dalal,49.0,0628795506,Lucknow,Assam,BSNL,POSTPAID,699.0,58,15 Oct 2021,16 Jul 2026,0,NO,ivarughese@example.net,FEMALE
CUST04931,DAKSHA GERA,35.0,+911904916878,ahmedabad,Himachal Pradesh,BSNL,Postpaid,999.0,68,19/12/2020,03 Jul 2026,2,n,sahniwishi@example.com,male
CUST04932,Jagvi Hari,56.0,8728025129,Chennai,Jharkhand,Airtel,Postpaid,1199.0,35,09/05/2023,2026-07-09,0,n,chaudhryaishani@example.org,Male
CUST04933,AADI BANSAL,46.0,+91 39550 07157,HYDERABAD,Uttar Pradesh,Vi,Postpaid,999.0,67,2021-01-18,20-06-2026,2,Y,kai94@example.net,F
CUST04934,Ryan Bal,42.0,+91 62271 68922,NAGPUR,Goa,Airtel,POSTPAID,999.0,32,20231204,09/07/2026,1,N,,male
CUST04935,Bhavna Mann,63.0,6077181390,jaipur,Assam,Jio,POST PAID,499.0,40,2023-04-08,06/13/2026,2,n,naveen20@example.com,FEMALE
CUST04936,Madhav Brahmbhatt,55.0,,INDORE,Punjab,BSNL,Postpaid,1999.0,68,19 Dec 2020,19-07-2026,0,n,jason62@example.net,M
CUST04937,Rachita Srinivas,18.0,2886833347,Indore,Andhra Pradesh,Jio,postpaid,699.0,83,26/09/2019,20260709,0,0,mgill@example.com,
CUST04938,Ayush Chaudhary,50.0,+91 76404 36969,delhi,Manipur,Airtel,POSTPAID,499.0,13,26-06-2025,15 Jul 2026,1,n,parthviswanathan@example.org,MALE
CUST04939,shravya shanker,34.0,+911479459945,nagpur,Sikkim,Vi,postpaid,1499.0,75,2020-05-23,07-07-2026,1,NO,balvanprabhakar@example.org,female
CUST04940,Shravya Mandal,35.0,,Bombay,Tamil Nadu,Jio,prepaid,839.0,29,03/03/2024,20260707,0,n,luckyoza@example.net,MALE
CUST04941,Suhani Vohra,45.0,,Patna,Madhya Pradesh,Airtel,POSTPAID,999.0,84,2019-08-27,13/07/2026,0,n,,
CUST04942,ZAID GARA,29.0,5001842117,chennai,Mizoram,Airtel,PRE PAID,299.0,55,13/01/2022,20260712,1,0,ojasvivala@example.org,
CUST04943,Jagdish Venkataraman,26.0,05816023159,Calcutta,,Jio,POSTPAID,399.0,80,25 Dec 2019,03 Jun 2026,3,Y,jairajparikh@example.net,Female
CUST04944,Vedant Kurian,41.0,00721970495,Kolkata,West Bengal,Airtel,POSTPAID,699.0,23,30-08-2024,02-06-2026,4,Y,revaghosh@example.com,Male
CUST04945,Vanya Krish,31.0,,,Himachal Pradesh,BSNL,Prepaid,499.0,79,01/24/2020,07/17/2026,0,0,modyrehaan@example.org,MALE
CUST04946,Isaac Agate,54.0,5629036799,delhi,Madhya Pradesh,BSNL,Post-paid,999.0,59,09/15/2021,12/07/2026,0,NO,hemang63@example.net,F
CUST04947,Praneel Loyal,19.0,+91 72297 44240,bhopal,,BSNL,postpaid,999.0,31,03/01/2024,2026-07-08,1,0,modiaadhya@example.org,Female
CUST04948,CHATURA PATLA,61.0,91-33188-96667,Madras,Tripura,Vi,Prepaid,99.0,76,20200423,17/07/2026,0,NO,bhattinihal@example.org,
CUST04949,Eshana Bassi,24.0,+919708998501,Chennai,Manipur,Airtel,Postpaid,1999.0,7,12/23/2025,06/30/2026,2,Y,,MALE
CUST04950,henry suresh,52.0,00324057720,DELHI,Gujarat,Jio,Pre-paid,199.0,40,2023-04-08,16-07-2026,1,,,Female
CUST04951,varenya shere,52.0,,Bengaluru,West Bengal,Jio,Postpaid,1199.0,40,08-04-2023,15/07/2026,0,n,chanagagan@example.org,Female
CUST04952,Devansh Parikh,34.0,+91 09601 96631,Patna,Karnataka,Vi,Post-paid,999.0,17,26/02/2025,20260720,0,,yuggole@example.net,
CUST04953,Balveer Madan,24.0,91-43258-80323,bangalore,Nagaland,Airtel,Post-paid,999.0,76,2020-04-23,20260528,2,Y,neha09@example.com,
CUST04954,Arya Bhalla,21.0,9257997272,Surat,Sikkim,Airtel,,149.0,9,20251024,20260714,1,0,gsalvi@example.com,Female
CUST04955,Zayan Nath,52.0,+914139643977,indore,,Jio,Prepaid,399.0,1,21-06-2026,,3,0,,M
CUST04956,Fiyaz Sarin,51.0,09349818453,Madras,Assam,Jio,,149.0,41,2023-03-09,06/17/2026,2,Y,abdulyogi@example.org,F
CUST04957,Libni Sachar,50.0,06187752467,,Chhattisgarh,Airtel,Pre-paid,399.0,3,22 Apr 2026,14-07-2026,1,NO,michaeltoor@example.net,MALE
CUST04958,Shivani Mukherjee,60.0,09684901005,Calcutta,Gujarat,Vi,POST PAID,1199.0,61,2021-07-17,21 Jul 2026,0,NO,upmasehgal@example.net,MALE
CUST04959,qushi suri,51.0,,nagpur,Uttar Pradesh,Jio,PRE PAID,99.0,62,2021-06-17,20260715,1,N,kbala@example.net,
CUST04960,OMYA CHAHAL,35.0,01639529405,kolkata,Gujarat,Vi,Pre-paid,399.0,11,25 Aug 2025,2026-07-13,1,0,ksoni@example.com,Male
CUST04961,MEGHA BHAT,39.0,4111196838,CHENNAI,West Bengal,Vi,POSTPAID,1499.0,23,08/30/2024,07/16/2026,0,NO,dhillondarsh@example.com,MALE
CUST04962,Nihal Chatterjee,37.0,00819965553,CHENNAI,Assam,Airtel,postpaid,1499.0,53,14/03/2022,12/07/2026,0,N,bhavsarzilmil@example.net,Male
CUST04963,Vamakshi Chandran,30.0,09113394822,chennai,Odisha,Vi,Postpaid,499.0,20,2024-11-28,15-07-2026,0,0,bahriekani@example.org,M
CUST04964,Vedika Kohli,47.0,+91 72276 58521,Surat,Jharkhand,Airtel,Prepaid,199.0,60,16 Aug 2021,08 Jul 2026,0,N,khalsageorge@example.net,MALE
CUST04965,Avni Sani,43.0,6527442780,Madras,Haryana,Vi,POST PAID,1499.0,74,22 Jun 2020,20/07/2026,0,N,mitalavni@example.org,F
CUST04966,Pranav Koshy,50.0,+918949344670,,Goa,BSNL,postpaid,1999.0,80,2019-12-25,07/17/2026,1,0,atoor@example.com,
CUST04967,Vivaan Kata,33.0,91-84728-32845,mumbai,Tripura,Airtel,Prepaid,199.0,83,09/26/2019,07/13/2026,0,N,urishillamemon@example.net,FEMALE
CUST04968,Raagini Lall,25.0,,Kolkata,Bihar,BSNL,prepaid,999.0,74,22 Jun 2020,20260627,5,n,tkadakia@example.com,
CUST04969,Udarsh Sethi,53.0,+910845477858,Indore,Tripura,Vi,POST PAID,1199.0,19,12/28/2024,20260716,1,NO,daminidhaliwal@example.net,female
CUST04970,kai gupta,60.0,+911640809037,Lucknow,Maharashtra,Airtel,PREPAID,599.0,68,2020-12-19,2026-07-20,0,,vasatikagandhi@example.com,male
CUST04971,Yashoda Parikh,20.0,,Indore,Nagaland,Vi,PRE PAID,199.0,66,17/02/2021,06/21/2026,4,N,vkaran@example.org,male
CUST04972,KALPIT CONTRACTOR,25.0,09673750169,Indore,Himachal Pradesh,Vi,POST PAID,,17,02/26/2025,29-05-2026,4,0,tramaswamy@example.com,M
CUST04973,TURVI MALL,,+91 61458 28292,Poona,Manipur,BSNL,POST PAID,499.0,69,19-11-2020,20260709,0,NO,qabilgoda@example.net,FEMALE
CUST04974,Joshua Shukla,23.0,06411846568,DELHI,Uttar Pradesh,Jio,PRE PAID,,13,26 Jun 2025,08-07-2026,0,NO,warjas16@example.com,Female
CUST04975,Saanvi Jaggi,35.0,91-10645-90986,INDORE,Chhattisgarh,Airtel,POSTPAID,399.0,47,10-09-2022,14 Jul 2026,0,N,wakeeta85@example.org,M
CUST04976,Xavier Andra,46.0,,Jaipur,Jharkhand,Vi,POSTPAID,1999.0,53,14 Mar 2022,20260709,1,N,,M
CUST04977,Wakeeta Aggarwal,25.0,6806018146,bhopal,Nagaland,Vi,prepaid,499.0,30,02-02-2024,25/06/2026,4,Y,zkapur@example.org,Female
CUST04978,Janani Srinivas,65.0,+913466931355,BLR,Mizoram,Airtel,PRE PAID,599.0,17,26-02-2025,,3,Y,benlucky@example.org,Male
CUST04979,Shivansh Narain,47.0,+913869222183,jaipur,Rajasthan,Vi,POST PAID,1999.0,63,2021-05-18,2026-07-15,1,,manbir31@example.org,Male
CUST04980,Vasudha Anand,44.0,4876325415,Indore,,Jio,Postpaid,399.0,82,26-10-2019,27/05/2026,4,N,owagle@example.org,FEMALE
CUST04981,leena rai,50.0,+91 37944 75339,Mumbai,Assam,Vi,POSTPAID,699.0,59,2021-09-15,13 Jul 2026,0,n,gbawa@example.com,female
CUST04982,Indira Badami,26.0,8866343791,JAIPUR,Rajasthan,Jio,POSTPAID,399.0,50,20220612,17-07-2026,1,,deshpandesai@example.net,F
CUST04983,Zilmil Datta,31.0,0721798637,indore,Jharkhand,Airtel,Postpaid,799.0,75,,16 Jul 2026,1,NO,joshiisaiah@example.org,M
CUST04984,Mugdha Misra,24.0,03580555354,bangalore,Arunachal Pradesh,Vi,Postpaid,1199.0,32,04 Dec 2023,06/03/2026,5,Y,,Female
CUST04985,ADVAITH BHARGAVA,50.0,91-96170-61464,kolkata,Sikkim,Airtel,PRE PAID,839.0,71,20/09/2020,06/25/2026,4,NO,traval@example.org,
CUST04986,Rohan Chaudhuri,24.0,+916659841981,bhopal,Himachal Pradesh,BSNL,Postpaid,399.0,77,2020-03-24,17 Jul 2026,1,0,kzacharia@example.org,male
CUST04987,Falan Arora,20.0,+912383973068,NAGPUR,Assam,Airtel,postpaid,1499.0,84,27 Aug 2019,2026-07-06,5,N,daraanusha@example.net,Female
CUST04988,Sai Murthy,49.0,01395921132,Ahmedabad,Tamil Nadu,BSNL,,499.0,40,08 Apr 2023,20260719,1,,,F
CUST04989,PRANIT GANGULY,26.0,4311213223,lucknow,Andhra Pradesh,Vi,POST PAID,1499.0,22,09/29/2024,2026-06-18,3,0,gillonveer@example.net,MALE
CUST04990,Nikita Varkey,35.0,06273940035,indore,Sikkim,Airtel,POST PAID,799.0,41,20230309,20260721,0,0,yachanaseth@example.com,Female
CUST04991,Jalsa Randhawa,49.0,09850077454,Chennai,Kerala,Jio,prepaid,719.0,30,20240202,08/07/2026,0,,vbrahmbhatt@example.com,Female
CUST04992,Hemal Singh,30.0,+91 80963 42098,pune,Assam,Jio,PREPAID,199.0,10,20250924,20260710,1,,ipandey@example.com,Male
CUST04993,Deepa Joshi,24.0,08309650564,jaipur,Arunachal Pradesh,BSNL,Prepaid,149.0,6,22-01-2026,20260717,1,NO,raoharshil@example.com,female
CUST04994,Abdul Taneja,60.0,4609232372,Jaipur,Uttar Pradesh,Airtel,Prepaid,149.0,50,2022-06-12,07/13/2026,1,N,dekritika@example.net,F
CUST04995,Ranbir Ray,23.0,+918837756935,Bhopal,Sikkim,Airtel,Post-paid,499.0,21,10/29/2024,2026-06-24,5,,,FEMALE
CUST04996,MAANAS KURIAN,41.0,,indore,Telangana,Vi,Postpaid,1999.0,58,2021-10-15,16/07/2026,0,NO,madhaviborah@example.com,Male
CUST04997,VRISHTI CHAKRABARTI,46.0,07458029711,Mumbai,Meghalaya,Airtel,POSTPAID,,26,01-06-2024,07/05/2026,2,Y,vincentpatla@example.net,F
CUST04998,Ekanta Dhaliwal,,+910911201671,Madras,Uttar Pradesh,Jio,POSTPAID,1999.0,20,20241128,12-06-2026,5,NO,purikritika@example.com,MALE
CUST04999,Pratyush Bakshi,,+910822819594,Indore,Karnataka,BSNL,postpaid,699.0,72,20200821,06/13/2026,3,N,miyer@example.org,FEMALE
CUST05000,Anmol Krishnamurthy,30.0,06148969081,Calcutta,Uttar Pradesh,Airtel,Postpaid,1999.0,62,17 Jun 2021,07/09/2026,1,N,vbains@example.net,male
